{
    "legal_name": "A CARING COMMUNITY LLC",
    "facility_status": "Active",
    "address": "3931 West Sweetwater Avenue, Phoenix, AZ 85029",
    "license_status": "Active",
    "phone": "6022998430",
    "license_number": "BH6807",
    "max_licensed_capacity": "5",
    "license_effective_date": "9/21/2024",
    "chief_administrative_officer": "DAWN SCROGGINS",
    "license_expires_date": "9/20/2025",
    "owner_licensee": "A CARING COMMUNITY LLC",
    "inspection_number": "INSP-0056631",
    "inspection_date": "2/24/2023",
    "inspection_type": "Compliance (Annual)",
    "certificate_number": "Initial Comments",
    "deficiencies": [
        {
            "rule": "36-420.01. Health care institutions; fall prevention and fall recovery; training programs; definition A. Each health care institution shall develop and administer a training program for all staff regarding fall prevention and fall recovery. The training program shall include initial training and continued competency training in fall prevention and fall recovery. A health care institution may use information and training materials from the department's Arizona falls prevention coalition in developing the training program.",
            "evidence": "Based on documentation review, record review, and interview, the health care institution failed to develop and administer a training program for all staff regarding fall prevention and fall recovery. The deficient practice posed a risk as the Department was unable to determine substantial compliance as the documentation was not available during the inspection, and the documentation was not provided within two hours after a Department request.",
            "findings": "1. A review of facility documentation revealed a fall prevention and fall recovery training program was not available for review. 2. A review of E1's, E2's, E3's, E5's, E6's, and E7's personnel records revealed initial training and continued competency training in fall prevention and fall recovery was not available for review. 3. In an interview, E5 reported E5 had worked at BH6807 for approximately two months. E5 reported E5 had not received initial training in fall prevention and fall recovery. 4. In an interview, E1 acknowledged a training program for all staff regarding fall prevention and fall recovery was not developed and administered. Plan of Correction Name, title and/or Position of the Person Responsible Date temporary correction was implemented Date permanent correction will be complete 2023-07-01 Temporary Solution Permanent Solution Monitoring"
        },
        {
            "rule": "C. An administrator shall ensure that: 5. Unless otherwise stated: a. Documentation required by this Article is provided to the Department within two hours after a Department request; and",
            "evidence": "Based on documentation review and interview, the administrator failed to ensure documentation required by this Article was provided to the Department within two hours after a Department request. The deficient practice posed as risk as the Department was unable to determine substantial compliance.",
            "findings": "1. The Compliance Officer requested, at 10:45AM, the following documentation to be provided to the Department: -Documentation of compliance with the requirements for behavioral health technicians (BHT) in R9-10-115.4; -E2's complete personnel record to include documentation of a completed orientation, and compliance with the requirements in A.R.S. \\'a7\\'a7 36-425.03(E)(G); -E3's complete personnel record to include documentation of a completed orientation and compliance with the requirements in A.R.S. \\'a7\\'a7 36- 425.03(E); -E5's complete personnel record to include documentation of clinical oversight; - E7's complete personnel record to include documentation of compliance with the requirements in A.R.S. \\'a7\\'a7 36-425.03(E) and clinical oversight; -R1's and R2's complete medical records to include documentation of R1's and R2's review and update of R1's and R2's assessment information; R1's and R2's medical history and physical examinations or nursing assessments within 30 calendar days before admission or within 72 hours after admission; and -Fall prevention and fall recovery training program for all staff. However, the documentation was not provided for review within two hours after a Department request. 2. In an interview, E1 acknowledged documentation required by Article 7 was not provided to the Department within two hours after a Department request. Plan of Correction Name, title and/or Position of the Person Responsible Date temporary correction was implemented Date permanent correction will be complete 2023-02-25 Temporary Solution Permanent Solution Monitoring"
        },
        {
            "rule": "C. An administrator shall comply with the requirements for behavioral health technicians and behavioral health paraprofessionals in R9- 10-115.",
            "evidence": "Based on documentation review, record review, and interview, the administrator failed to comply with the requirements for behavioral health technicians (BHT) in R9-10- 115.4. The deficient practice posed a risk to the health and safety of residents if BHTs provided clinical services they were not licensed to provide without clinical oversight by a licensed behavioral health professional (BHP), the Department was unable to determine substantial compliance as the documentation was not available during the inspection, and the documentation was not provided within two hours after a Department request.",
            "findings": "R9-10-115.4. A behavioral health technician receives clinical oversight at least once during each two week period, if the behavioral health technician provides services related to patient care at the health care institution during the two week period. 1. A review of the facility's policies and procedures revealed a policy titled \"Clinical Oversight\" (date unavailable). The policy stated \" ... Behavioral Health Technicians and Behavioral Health Paraprofessionals providing behavioral health services (counseling, treatment plans and assessments) directly to residents are required to attend a minimum of one (1.) hour of clinical oversight at least once in every two- week period.\" 2. A review of facility documentation revealed a packet of worksheets completed by residents, to include R1. The packet of worksheets included a sticky note (dated January 25, year unavailable). The document stated \"Group Done by [E5].\" 3. A review of facility documentation revealed a packet of worksheets completed by residents, to include R1. The packet of worksheets included a cover page (dated February 1, 2023). The document stated \"Small Group 'How I Feel'.\" The document was signed by E5. 4. A review of facility documentation revealed a packet of worksheets completed by residents. The packet of worksheets included a cover page (dated February 8, 2023). The document stated \"Wednesday Group 'Peer Pressure'.\" The document was signed by E5. 5. A review of facility documentation revealed a packet of worksheets completed by residents. The packet of worksheets included a cover page (dated February 15, 2023). The document stated \"Wednesday Group 'Coping'.\" The document was signed by E5. 6. A review of facility documentation revealed a packet of worksheets completed by residents, to include R1 and R2. The packet of worksheets included a cover page (dated February 23, 2023). The document stated \"Reacting to Inner Feelings.\" The document was signed by E5. 7. A review of E5's (hired in 2023) personnel record revealed E5 was hired as a BHT. However, documentation of clinical oversight was not available for review. 8. In an interview, E5 reported E5 conducted group counseling with the residents once a week. 9. In an interview, E1 reported E5 did not receive clinical oversight. 10. A review of R2's medical record revealed documentation of counseling sessions for the following dates: -February 4, 2023; - February 11, 2023; and -February 18, 2023. The counseling sessions were signed and dated by E7 11. A review of E7's (hired in 2023) personnel record revealed E7 was hired as a BHT. However, documentation of clinical oversight was not available for review. 12. A review of facility documentation revealed a document titled \"Training - Clinically Focused Supervision\" (dated February 23, 2023). However, the document did not indicate which BHTs received clinical oversight. 13. In an interview, E1 reported the clinical oversight dated February 23, 2023 was the only clinical oversight for the month of February. 14. In an interview, E1 reported the facility's BHP, E2, provided clinical oversight once a month. 15. In an interview, E1 acknowledged E5 and E7 did not receive clinical oversight at least once during each two week period. Plan of Correction Name, title and/or Position of the Person Responsible Date temporary correction was implemented Date permanent correction will be complete 2023-03-01 Temporary Solution Permanent Solution Monitoring"
        },
        {
            "rule": "G. An administrator shall ensure that a personnel record is maintained for each personnel member, employee, volunteer, or student that includes: 3. Documentation of: c. The individual's completed orientation and in- service education as required by policies and procedures;",
            "evidence": "Based on documentation review, record review, and interview, the administrator failed to ensure a personnel record was maintained for each personnel member to include documentation of the individual's completed orientation as required by policies and procedures, for two of seven personnel records sampled. The deficient practice posed a risk as the Department was unable to determine substantial compliance as the documentation was not in the personnel records during the inspection, and the documentation was not provided within two hours after a Department request.",
            "findings": "R9-10-101.155. \"Orientation\" means the initial instruction and information provided to an individual before the individual starts work or volunteer services in a health care institution. 1. A review of the facility's policies and procedures revealed a policy titled \"Personnel Orientation\" (date unavailable). The policy stated \"New personnel and temporary personnel must complete orientation prior to working with residents. Each of the items on the personnel orientation form must be completed and initialed by the new personnel and the qualified personnel providing the orientation items. The completed orientation form will become a permanent record in the personnel's file.\" 2. A review of E2's (hired in 2023) personnel record revealed E2 was hired as the behavioral health professional (BHP). However, documentation of E2's completed orientation was not available for review. 3. In an interview, E1 reported E2 had not completed orientation. 4. A review of E3's (hired in 2021) personnel record revealed E3 was hired as the registered nurse. However, documentation of E3's completed orientation was not available for review. 5. In an interview, E1 reported acknowledged E2's and E3's personnel records were not maintained to include documentation of completed orientation. Plan of Correction Name, title and/or Position of the Person Responsible Date temporary correction was implemented Date permanent correction will be complete 2023-03-01 Temporary Solution Permanent Solution Monitoring"
        },
        {
            "rule": "G. An administrator shall ensure that a personnel record is maintained for each personnel member, employee, volunteer, or student that includes: 3. Documentation of: e. The individual's compliance with requirements in A.R.S. \u00a7\u00a7 36-411, 36-411.01, and 36-425.03, as applicable;",
            "evidence": "Based on record review and interview, the administrator failed to ensure a personnel record was maintained for each personnel member to include documentation of compliance with the requirements in A.R.S. \\'a7\\'a7 36-425.03(E)(G), for three of seven personnel records sampled. The deficient practice posed a risk as the Department was unable to determine substantial compliance as the documentation was not in the personnel records during the inspection, and the documentation was not provided within two hours after a Department request. Findings include: A.R.S. \\'a7 36-425.03(E) states \"Children's behavioral health program personnel shall certify on forms that are provided by the department and notarized that they are not awaiting trial on or have never been convicted of or admitted in open court or pursuant to a plea agreement to committing any of the offenses listed in section 41- 1758.03, subsection B or C in this state or similar offenses in another state or jurisdiction.\" A.R.S. \\'a7 36-425.03(G) states \"Employers of children's behavioral health program personnel shall make documented, good faith efforts to contact previous employers of children's behavioral health program personnel to obtain information or recommendations that may be relevant to an individual's fitness for employment in a children's behavioral health program. 1. A review of E2's (hired in 2023) personnel record revealed E2 was hired as the behavioral health professional. E2's personnel record revealed a valid fingerprint clearance card. However, documentation of compliance with A.R.S. \\'a7 36-425.03(E)(G) was not available for review. 2. In an interview, E1 reported E2's personnel record did not include documentation of compliance with A.R.S. \\'a7 36-425.03(E)(G). 3. A review of E3's (hired in 2021) personnel record revealed E3 was hired as the registered nurse. E3's personnel record revealed a valid fingerprint clearance card. However, documentation of compliance with A.R.S. \\'a7 36-425.03(E) was not available for review. 4 A review of E7's (hired in 2023) personnel record revealed E7 was hired as a behavioral health technician (BHT). E7's personnel record revealed a valid fingerprint clearance card. However, documentation of compliance with A.R.S. \\'a7 36-425.03(E) was not available for review. 5. In an interview, E1 acknowledged E2's, E3's, and E7's personnel records were not maintained to include documentation of compliance with the requirements in A.R.S. \\'a7\\'a7 36-425.03(E)(G). Plan of Correction Name, title and/or Position of the Person Responsible Date temporary correction was implemented Date permanent correction will be complete 2023-05-24 Temporary Solution Permanent Solution Monitoring",
            "findings": ""
        },
        {
            "rule": "G. An administrator shall ensure that a personnel record is maintained for each",
            "evidence": "Based on documentation review, record review, and interview, the administrator failed personnel member, employee, volunteer, or student that includes: 3. Documentation of: g. If the individual is a behavioral health technician, clinical oversight required in R9-10-115; to ensure a personnel record was maintained for each personnel member to include documentation of clinical oversight required in R9-10-115, for two of two behavioral health technicians (BHT) sampled. The deficient practice posed a risk as clinical oversight could not be verified, the Department was unable to determine substantial compliance as the documentation was not in the personnel records during the inspection, and the documentation was not provided within two hours after a Department request. Findings include: 1. A review of the facility's policies and procedures revealed a policy titled \"Clinical Oversight\" (date unavailable). The policy stated \" ... Behavioral Health Technicians and Behavioral Health Paraprofessionals providing behavioral health services (counseling, treatment plans and assessments) directly to residents are required to attend a minimum of one (1.) hour of clinical oversight at least once in every two-week period. ... Documentation of participation in Clinical Oversight will be filed in each personnel member's individual record no more than 48 hours after the date of oversight.\" 2. A review of facility documentation revealed a packet of worksheets completed by residents, to include R1. The packet of worksheets included a sticky note (dated January 25, year unavailable). The document stated \"Group Done by [E5].\" 3. A review of facility documentation revealed a packet of worksheets completed by residents, to include R1. The packet of worksheets included a cover page (dated February 1, 2023). The document stated \"Small Group 'How I Feel'.\" The document was signed by E5. 4. A review of facility documentation revealed a packet of worksheets completed by residents. The packet of worksheets included a cover page (dated February 8, 2023). The document stated \"Wednesday Group 'Peer Pressure'.\" The document was signed by E5. 5. A review of facility documentation revealed a packet of worksheets completed by residents. The packet of worksheets included a cover page (dated February 15, 2023). The document stated \"Wednesday Group 'Coping'.\" The document was signed by E5. 6. A review of facility documentation revealed a packet of worksheets completed by residents to include R1 and R2. The packet of worksheets included a cover page (dated February 23, 2023). The document stated \"Reacting to Inner Feelings'.\" The document was signed by E5. 7. A review of E5's (hired in 2023) personnel record revealed E5 was hired as a BHT. However, documentation of clinical oversight was not available for review. 8. In an interview, E5 reported E5 conducted group counseling with the residents once a week. 9. In an interview, E1 reported E5 did not receive clinical oversight. 10. A review of R2's medical record revealed documentation of counseling sessions for the following dates: -February 4, 2023; - February 11, 2023; and -February 18, 2023. The counseling sessions were signed and dated by E7 11. A review of E7's (hired in 2023) personnel record revealed E7 was hired as a BHT. However, documentation of clinical oversight was not available for review. 12. A review of facility documentation revealed a document titled \"Training - Clinically Focused Supervision\" (dated February 23, 2023). However, the document did not indicate which BHTs received clinical oversight. 13. In an interview, E1 reported the clinical oversight dated February 23, 2023 was the only clinical oversight available for review 14. In an interview, E1 reported the facility's behavioral health professional (BHP), E2, provided clinical oversight once a month. 15. In an interview, E1 acknowledged E5's and E7's personnel records were not maintained to include documentation of clinical oversight required in R9-10-115. Plan of Correction Name, title and/or Position of the Person Responsible Date temporary correction was implemented Date permanent correction will be complete 2023-03-01 Temporary Solution Permanent Solution Monitoring",
            "findings": ""
        },
        {
            "rule": "A. An administrator shall ensure that: 7. If a medical practitioner performs a medical history and physical examination or a nurse performs a nursing assessment on a resident before admission, the medical practitioner enters an interval note or the nurse enters a progress note",
            "evidence": "Based on record review and interview, the administrator failed to ensure if a medical practitioner performed a medical history and physical examination or a nurse performed a nursing assessment on a resident before admission, the medical practitioner entered an in the resident's medical record within seven calendar days after admission; interval note or the nurse entered a progress note in the resident's medical record within seven calendar days after admission, for two of two medical records sampled. The deficient practice posed a risk as this information was required for the development and implementation of a treatment plan, per R9- 10-708.A.1., the Department was unable to determine substantial compliance as the documentation was not in the medical records during the inspection, and the documentation was not provided within two hours after a Department request.",
            "findings": "1. A review of R1's and R2's medical records revealed a medical history and physical examination or nursing assessment (per R9-10- 707(A)(6)) was not available for review. 2. In an interview, E1 reported a full physical was performed on R1 and R2 upon admission by a medical practitioner with a third-party provider. 3. In an interview, E1 reported E1 would have to request the aforementioned documentation from the third-party provider, however, the documentation would not be provided within two hours. 4. In an interview, E1 acknowledged if a medical practitioner performed a medical history and physical examination or a nurse performed a nursing assessment on a resident before admission, the medical practitioner entered an interval note or the nurse entered a progress note in R1's and R2's medical records within seven calendar days after admission Plan of Correction Name, title and/or Position of the Person Responsible Date temporary correction was implemented Date permanent correction will be complete 2023-04-11 Temporary Solution Permanent Solution Monitoring"
        },
        {
            "rule": "A. An administrator shall ensure that: 10. If a",
            "evidence": "Based on record review and interview, the behavioral health assessment that complies with the requirements in this Section is received from a behavioral health provider other than the behavioral health residential facility or if the behavioral health residential facility has a medical record for the resident that contains a behavioral health assessment that was completed within 12 months before the date of the resident's current admission: b. The review and update of the resident's assessment information is documented in the resident's medical record within 48 hours after the review is completed; administrator failed to ensure a behavioral health assessment in compliance with the requirements in this Section, received from a behavioral health provider other than the behavioral health residential facility, was reviewed, updated, and documented in the resident's medical record within 48 hours after the review was completed, for two of two residents sampled. The deficient practice posed a risk as the Department was unable to determine substantial compliance as the documentation was not in the medical records during the inspection, and the documentation was not provided within two hours after a Department request.",
            "findings": "1. A review of R1's medical record revealed behavioral health assessments (dated October 11, 2022 and November 4, 2022) from a behavioral health provider other than BH6807. However, documentation of a review and update of R1's assessment information was not available for review. 2. A review of R2's medical record revealed a behavioral health assessment (dated July 26, 2022 and January 2, 2023) from a behavioral health provider other than BH6807. However, documentation of a review and update of R2's assessment information was not available for review. 3. In an interview, E1 reported R1's and R2's behavioral health assessments were reviewed by E2; however, E2 did not document the review and update within 48 hours after the review was completed. 4. In an interview, E1 acknowledged the review and update of R1's and R2's assessment information was not documented in the residents' medical record within 48 hours after the reviews were completed. Plan of Correction Name, title and/or Position of the Person Responsible Date temporary correction was implemented Date permanent correction will be complete 2023-04-11 Temporary Solution Permanent Solution Monitoring"
        },
        {
            "rule": "C. An administrator shall ensure that a resident's medical record contains: 11. Assessment;",
            "evidence": "Based on record review and interview, the administrator failed to ensure a resident's medical record contained an assessment, for two of two medical records sampled. The deficient practice posed a risk as this information was required for the development and implementation of a treatment plan, per R9-10-708.A.1., the Department was unable to determine substantial compliance as the documentation was not in the medical records during the inspection, and the documentation was not provided within two hours after a Department request.",
            "findings": "1. A review of R1's and R2's medical records revealed a medical history and physical examination or nursing assessment (per R9-10- 707(A)(6)) was not available for review. 2. In an interview, E1 reported a full physical was performed on R1 and R2 upon admission by a medical practitioner with a third-party provider. 3. In an interview, E1 reported E1 would have to request the aforementioned documentation from the third-party provider, however, the documentation would not be provided within two hours. 4. In an interview, E1 acknowledged R1's and R2's medical records did not a medical history and physical examination or nursing assessment (per R9-10- 707(A)(6)). Plan of Correction Name, title and/or Position of the Person Responsible Date temporary correction was implemented Date permanent correction will be complete 2023-04-11 Temporary Solution Permanent Solution Monitoring"
        }
    ]
}