{
    "legal_name": "A CARING COMMUNITY LLC",
    "facility_status": "Active",
    "address": "3931 West Sweetwater Avenue, Phoenix, AZ 85029",
    "license_status": "Active",
    "phone": "6022998430",
    "license_number": "BH6807",
    "max_licensed_capacity": "5",
    "license_effective_date": "9/21/2024",
    "chief_administrative_officer": "DAWN SCROGGINS",
    "license_expires_date": "9/20/2025",
    "owner_licensee": "A CARING COMMUNITY LLC",
    "inspection_number": "INSP-0056635",
    "inspection_date": "5/20/2024",
    "inspection_type": "Compliance (Annual)",
    "certificate_number": "Initial Comments",
    "deficiencies": [
        {
            "rule": "G. An administrator shall ensure that a personnel record is maintained for each personnel member, employee, volunteer, or student that includes: 3. Documentation of: e. The individual's compliance with requirements in A.R.S. \u00a7\u00a7 36-411, 36-411.01, and 36-425.03, as applicable;",
            "evidence": "Based on observation, record review, documentation review, and interview, the administrator failed to ensure a personnel record was maintained for each personnel member to include documentation of compliance with the requirements in A.R.S. \\'a7\\'a7 36-425.03(A), for one of seven personnel records sampled. The deficient practice posed a risk if E5 was a danger to a vulnerable population.",
            "findings": "A.R.S. \\'a7 36-425.03(A) states \"Except as provided in subsections B, C and D of this section, children's behavioral health program personnel, including volunteers, shall submit the form prescribed in subsection E of this section to the employer and shall have a valid fingerprint clearance card issued pursuant to title 41, chapter 12, article 3.1 or, within seven working days after employment or beginning volunteer work, shall apply for a fingerprint clearance card.\" 1. The Compliance Officer observed E5 on the premises and working alone when the Compliance Officer arrived at 8:45AM. 2. A review of E5's (hired in 2021) personnel record revealed E5 was hired as a behavioral health technician. E5's personnel record revealed a fingerprint clearance card (issued February 22, 2018, expired February 22, 2024). However, documentation of a valid fingerprint clearance card was not available for review. 3. A review of the Arizona Department of Public Safety (AZDPS) Fingerprint Clearance Status website revealed E5's fingerprint clearance card application was received by AZDPS on February 13, 2024 and the status was \"Waiting on Applicant Fingerprints.\" 4. In an interview, E1 acknowledged E5's personnel record was not maintained to include documentation of compliance with the requirements in A.R.S. \\'a7\\'a7 36-425.03(A). Plan of Correction Name, title and/or Position of the Person Responsible Date temporary correction was implemented Date permanent correction will be complete 2024-06-01 Temporary Solution Permanent Solution Monitoring"
        },
        {
            "rule": "K. An administrator shall ensure that: 3. There is a daily staffing schedule that: a. Indicates the date, scheduled work hours, and name of each employee assigned to work, including on-call personnel members;",
            "evidence": "Based on documentation review and interview, the administrator failed to ensure there was a daily staffing schedule to indicate the scheduled work hours, and name of each employee assigned to work, including on-call personnel members. The deficient practice posed a risk if there was no record to ensure shifts and tasks were covered. Findings include: 1. A review of facility documentation revealed a daily staffing schedule for April 28, 2024-May 26, 2024. However, the daily staffing schedule did not include the behavioral health professional and registered nurse as on- call personnel members. 2. In an interview, E1 acknowledged the daily staffing schedules indicating the date, scheduled work hours, and name of each employee assigned to work, did not include the behavioral health professional and registered nurse as on-call personnel members. Plan of Correction Name, title and/or Position of the Person Responsible Date temporary correction was implemented Date permanent correction will be complete 2024-06-01 Temporary Solution Permanent Solution Monitoring",
            "findings": ""
        },
        {
            "rule": "A. An administrator shall ensure that: 6. Except as provided in subsection (E)(1)(a), a medical practitioner performs a medical history and physical examination or a registered nurse performs a nursing assessment on a resident within 30 calendar days before admission or within 72 hours after admission and documents the medical history and physical examination or nursing assessment in the resident's medical record within 72 hours after admission;",
            "evidence": "Based on record review and interview, the administrator failed to ensure a medical practitioner performed a medical history and physical examination or a registered nurse performed a nursing assessment on a resident within 30 calendar days before admission or within 72 hours after admission and documented the medical history and physical examination or nursing assessment in the resident's medical record within 72 hours after admission, for one of two residents sampled. The deficient practice posed a risk as this information was required for the development and implementation of a treatment plan, per R9-10-708.A.1.",
            "findings": "1. A review of R2's (admitted in 2024) medical record revealed a medical history and physical examination performed by a medical practitioner or a nursing assessment performed by a registered nurse was not available for review. 2. In an interview, E1 reported a medical history and physical examination performed by a medical practitioner or a nursing assessment performed by a registered nurse had not been performed. 3. In an interview, E1 acknowledged a medical history and physical examination performed by a medical practitioner or a nursing assessment performed by a registered nurse was not available for review. Plan of Correction Name, title and/or Position of the Person Responsible Date temporary correction was implemented Date permanent correction will be complete 2024-06-01 Temporary Solution Permanent Solution Monitoring"
        },
        {
            "rule": "A. An administrator shall ensure that: 13. Except as provided in subsection (E)(1)(d), a resident provides",
            "evidence": "of freedom from infectious tuberculosis: a. Before or within seven calendar days after the resident's admission, and b. As specified in R9-10-113. Evidence Based on record review and interview, the administrator failed to ensure a resident provided evidence of freedom from infectious tuberculosis (TB) before or within seven calendar days after the resident's admission, and as specified in R9-10-113, for one of two residents sampled.",
            "findings": "1. A review of R1's (admitted in 2023) medical record revealed evidence of freedom from infectious TB, before or within seven calendar days after R1's admission, and as specified in R9-10-113, was not available for review. 2. In an interview, E1 reported R1 did not have documentation of evidence of freedom from infectious TB and acknowledged R1's evidence of freedom from infectious TB was not available for review. Plan of Correction Name, title and/or Position of the Person Responsible Date temporary correction was implemented Date permanent correction will be complete 2024-06-01 Temporary Solution Permanent Solution Monitoring"
        },
        {
            "rule": "A. An administrator shall ensure that a treatment plan is developed and implemented for each resident that: 4. Includes: b. The physical health services or behavioral health services to be provided to the resident;",
            "evidence": "Based on documentation review, record review, and interview, the administrator failed to ensure a treatment plan included the behavioral health services to be provided to the resident, for two of two residents sampled. The deficient practice posed a risk as a treatment plan was not developed to articulate decisions and agreements of services to be provided.",
            "findings": "R9-10-101.24. \"Assistance in the self-administration of medication\" means restricting a patient's access to the patient's medication and providing support to the patient while the patient takes the medication to ensure that the medication is taken as ordered. R9-10- 101.135. \"Medication administration\" means restricting a patient's access to the patient's medication and providing the medication to the patient or applying the medication to the patient's body, as ordered by a medical practitioner. 1. A review of facility documentation revealed a scope of services (date unavailable). The scope of services stated \"... SERVICES Provided daily: Assistance in the self-administration of medication.\" 2. A review of R1's (admitted in 2023) medical record revealed a treatment plan (dated in 2023). However, R1's treatment plan did not include whether medication administration or assistance in the self-administration of medication was to be provided to R1 . 3. A review of R2's (admitted in 2024) medical record revealed a treatment plan (dated in 2024). However, R2's treatment plan did not include whether medication administration or assistance in the self-administration of medication was to be provided to R2 . 4. In an interview, E1 reported medication administration was provided to R1, R2, and all residents by prepping the medications and placing the medications in a cup, and handing the cup to the residents. 5. In an interview, E1 acknowledged R1's and R2's treatment plans did not include the behavioral health services to be provided to the residents. Technical assistance was provided on this Rule during the during the on-site compliance inspection conducted on February 24, 2023. Plan of Correction Name, title and/or Position of the Person Responsible Temporary Solution Permanent Solution Date temporary correction was implemented Date permanent correction will be complete 2024-06-30 Monitoring"
        },
        {
            "rule": "A. An administrator shall ensure that a treatment plan is developed and implemented for each resident that: 4. Includes: d. The date when the resident's treatment plan will be reviewed;",
            "evidence": "Based on record review and interview, the administrator failed to ensure a treatment plan for each resident included the date the treatment plan was to be reviewed, for two of two residents sampled. The deficient practice posed a risk as treatment plans reinforce and clarify services to be provided to a resident.",
            "findings": "1. A review of R1's (admitted in 2023) medical record revealed a treatment plan (dated in 2023). However, the treatment plan did not include the date the treatment plan was to be reviewed. 2. A review of R2's (admitted in 2024) medical record revealed a treatment plan (dated in 2024). However, the treatment plan did not include the date the treatment plan was to be reviewed. 3. In an interview, E1 acknowledged R1's and R2's treatment plans did not include the date the treatment plans were to be reviewed. Plan of Correction Name, title and/or Position of the Person Responsible Date temporary correction was implemented Date permanent correction will be complete 2024-06-30 Temporary Solution Permanent Solution Monitoring"
        },
        {
            "rule": "A. An administrator shall ensure that: 4. Behavioral health services are provided to meet the needs of a resident and are consistent with a behavioral health residential facility's scope of services;",
            "evidence": "Based on documentation review, record review, and interview, the administrator failed to ensure behavioral health services were consistent with a behavioral health residential facility's scope of services. The deficient practice posed a risk as the resident was expected to receive medication administration and the facility's scope of services did not include medication administration. Findings include: R9-10-101.24. \"Assistance in the self- administration of medication\" means restricting a patient's access to the patient's medication and providing support to the patient while the patient takes the medication to ensure that the medication is taken as ordered. R9-10-101.135. \"Medication administration\" means restricting a patient's access to the patient's medication and providing the medication to the patient or applying the medication to the patient's body, as ordered by a medical practitioner. 1. A review of facility documentation revealed a scope of services (date unavailable). The scope of services stated \"... SERVICES Provided daily: Assistance in the self-administration of medication.\" 2. A review of facility documentation revealed a policy and procedure titled \"Section 16: Medication Services\" (date unavailable). The policy and procedure stated \" ... Although only residents may touch the medications, all staff must was their hands ... Staff members should sit at a table with the resident's medication container/bottle/package on table. ... Staff members checks the resident's medi-set or printed bottle for resident's name, mg, and number of tabs, to be observed at that time. Staff members asks the resident hot many tabs he/she is to take. ... Resident then puts the correct number of tabs into his/her hand or cup and shows staff. ... Resident should administer the medication while staff member observes. Resident closes the prescription bottle or medi-set and hands it back to the staff member.\" However, policies and procedures to cover administering medication was not available for review. 3. A review of R1's (admitted in 2023) medical record revealed a treatment plan (dated in 2023). However, R1's treatment plan did not include whether medication administration or assistance in the self-administration of medication was to be provided to R1 . 4. A review of R2's (admitted in 2024) medical record revealed a treatment plan (dated in 2024). However, R2's treatment plan did not include whether medication administration or assistance in the self- administration of medication was to be provided to R2 . 5. In an interview, E1 reported medication administration was provided to R1, R2, and all residents by prepping the medications and placing the medications in a cup, and handing the cup to the residents. 6. In an interview, E1 acknowledged services provided were not consistent with a behavioral health residential facility's scope of services. Plan of Correction Name, title and/or Position of the Person Responsible Date temporary correction was implemented Date permanent correction will be complete 2024-06-30 Temporary Solution Permanent Solution Monitoring",
            "findings": ""
        }
    ]
}