{
    "legal_name": "A CARING COMMUNITY LLC",
    "facility_status": "Active",
    "address": "3931 West Sweetwater Avenue, Phoenix, AZ 85029",
    "license_status": "Active",
    "phone": "6022998430",
    "license_number": "BH6807",
    "max_licensed_capacity": "5",
    "license_effective_date": "9/21/2024",
    "chief_administrative_officer": "DAWN SCROGGINS",
    "license_expires_date": "9/20/2025",
    "owner_licensee": "A CARING COMMUNITY LLC",
    "inspection_number": "INSP-0056637",
    "inspection_date": "11/21/2024",
    "inspection_type": "Complaint",
    "certificate_number": "Initial Comments",
    "deficiencies": "no deficiencies"
}