{
    "legal_name": "ADVANCED BEHAVIORAL HEALTH LLC",
    "facility_status": "Active",
    "address": "25786 North Desert Mesa Drive, Surprise, AZ 85387",
    "license_status": "Active",
    "phone": "6238668790",
    "license_number": "BH10468",
    "max_licensed_capacity": "10",
    "license_effective_date": "2/20/2025",
    "chief_administrative_officer": "DANIEL ROBESCU",
    "license_expires_date": "2/19/2026",
    "owner_licensee": "ADVANCED BEHAVIORAL HEALTH, LLC",
    "inspection_number": "INSP-0097672",
    "inspection_date": "1/15/2025 - 2/13/2025",
    "inspection_type": "Compliance (Initial)",
    "certificate_number": "Initial Comments",
    "deficiencies": "no deficiencies"
}