{
    "legal_name": "ALL ABOUT KIDS",
    "facility_status": "Active",
    "address": "2510 East Yellowstone Place, Chandler, AZ 85249",
    "license_status": "Active",
    "phone": "4802289510",
    "license_number": "BH3031",
    "max_licensed_capacity": "5",
    "license_effective_date": "7/1/2025",
    "chief_administrative_officer": "MICHAEL NOYD",
    "license_expires_date": "6/30/2026",
    "owner_licensee": "MICHAEL NOYD",
    "inspection_number": "INSP-0057602",
    "inspection_date": "8/7/2024",
    "inspection_type": "Compliance (Annual)",
    "certificate_number": "Initial Comments",
    "deficiencies": [
        {
            "rule": "36-420.01. Health care institutions; fall prevention and fall recovery; training programs; definition A. Each health care institution shall develop and administer a training program for all staff regarding fall prevention and fall recovery. The training program shall include initial training and continued competency training in fall prevention and fall recovery. A health care institution may use information and training materials from the department's Arizona falls prevention coalition in developing the training program.",
            "evidence": "Based on documentation review, record review, and interview, the health care institution failed to develop a training program for all staff regarding fall prevention and fall recovery to include initial training and continued competency training. The deficient practice posed a risk as organized instruction and information related to resident care and safety was not developed.",
            "findings": "1. A review of the facility's electronic policies and procedures revealed a policy titled \"Fall Prevention and Recovery training\" (dated November 20, 2023). The policy stated \"...Review Arizona Fall Prevention Coalition website for updated information. Review and discuss attached 'Fall Prevention Checklist for Children.' Review and discuss 'Know when and where to get help?' Make the Home Safe Most falls happen at home...\" However, the policy did not include the initial and continued competency training. 2. In an interview, E1 acknowledged a training program was not developed to include initial and continued competency training. Plan of Correction Name, title and/or Position of the Person Responsible Date temporary correction was implemented Temporary Solution Permanent Solution Monitoring Date permanent correction will be complete 2024-09-20"
        },
        {
            "rule": "A. An administrator shall ensure that: 6. Except as provided in subsection (E)(1)(a), a medical practitioner performs a medical history and physical examination or a registered nurse performs a nursing assessment on a resident within 30 calendar days before admission or within 72 hours after admission and documents the medical history and physical examination or nursing assessment in the resident's medical record within 72 hours after admission;",
            "evidence": "Based on record review and interview, the administrator failed to ensure a medical practitioner performed a medical history and physical examination or a registered nurse performed a nursing assessment on a resident within 30 calendar days before admission or within 72 hours after admission, for one of two current residents sampled. The deficient practice posed a risk as this information was required for the development and implementation of a treatment plan, per R9- 10-708.A.1.",
            "findings": "1. A review of R1's (admitted in October 2023) medical record revealed documentation to indicate a medical history and physical examination or nursing assessment was completed within 30 calendar days before admission or within 72 hours after admission was not available for review. 2. In an interview, E1 acknowledged a medical history and physical exam or a nursing assessment for R1 was not available for review. Plan of Correction Name, title and/or Position of the Person Responsible Date temporary correction was implemented Date permanent correction will be complete 2024-09-20 Temporary Solution Permanent Solution Monitoring"
        },
        {
            "rule": "A. An administrator shall ensure that: 13. Except",
            "evidence": "Based on record review and interview, the as provided in subsection (E)(1)(d), a resident provides evidence of freedom from infectious tuberculosis: a. Before or within seven calendar days after the resident's admission, and b. As specified in R9-10-113. administrator failed to ensure a resident provided evidence of freedom from infectious tuberculosis (TB) before or within seven calendar days after the resident's admission, and as specified in R9-10-113(A)(2), for two of two current residents sampled. The deficient practice posed a TB exposure risk to residents.",
            "findings": "R9-10-113.A.2.a.(i-iii) If a health care institution is subject to the requirements of this Section, as specified in an Article in this Chapter, the health care institution's chief administrative officer shall ensure that the health care institution establishes, documents, and implements tuberculosis infection control activities that: Include: For each individual who is employed by the health care institution, provides volunteer services for the health care institution, or is admitted to the health care institution and who is subject to the requirements of this Section, baseline screening, on or before the date specified in the applicable Article of this Chapter, that consists of: Assessing risks of prior exposure to infectious tuberculosis, Determining if the individual has signs or symptoms of tuberculosis, and Obtaining documentation of the individual's freedom from infectious tuberculosis according to subsection (B)(1); 1. A review of R1's and R2's (both admitted in 2024) medical records revealed baseline screenings were not available for review. 2. A review of R1's medical record revealed a document from \"River People Health Center\" (dated October 2023). The document stated \"...I ordered lab testing as requested for [R1], who is a resident in your group home. The test result is NEGATIVE for TB...\" However, documentation of evidence from infectious TB as specified in R9-10-113 was not available for review. 3. In an interview, E1 acknowledged the administrator failed to ensure R1 and R2 provided evidence of freedom from infectious TB before or within seven calendar days after the resident's admission, and as specified in R9-10-113(A)(2). Plan of Correction Name, title and/or Position of the Person Responsible Date temporary correction was implemented Temporary Solution Permanent Solution Monitoring Date permanent correction will be complete 2024-09-20"
        },
        {
            "rule": "B. Except for an outdoor behavioral health care program provided by a behavioral health residential facility, an administrator shall ensure that: 4. A disaster drill for employees is conducted on each shift at least once every three months and documented;",
            "evidence": "Based on documentation review and interview, the administrator failed to ensure a disaster drill for employees was conducted at least once every three months on each shift. The deficient practice posed a risk if employees were unable to implement a disaster plan.",
            "findings": "1. A review of Department documentation revealed the facility's license was effective July 7, 2008. 2. A review of facility documentation revealed a daily staffing schedule for August 2024. The daily staffing schedule revealed the facility maintained two shifts: -9:00 AM to 9:00 PM; and -9:00 PM to 9:00 AM. 3. A review of the facility's documentation revealed disaster drills conducted on the follow dates and times: -January 21, 2024 at 9:30PM; -February 5, 2024 at 9:30PM; -March 25, 2024 at 9:30PM; - April 23, 2024 at 9:30PM; -May 14, 2024 at 9:30PM; and -June 30, 2024 at 9:30PM. However, documentation of disaster drills conducted on the 9:00 AM to 9:00 PM shift were not available for review. 4. In an interview, E1 acknowledged disaster drills for employees were not conducted on each shift. Plan of Correction Name, title and/or Position of the Person Responsible Date temporary correction was implemented Date permanent correction will be complete 2024-09-20 Temporary Solution Permanent Solution Monitoring"
        },
        {
            "rule": "B. Except for an outdoor behavioral health care program provided by a behavioral health residential facility, an administrator shall ensure that: 5. An evacuation drill for employees and residents on the premises is conducted at least once every six months on each shift;",
            "evidence": "Based on documentation review and interview, the administrator failed to ensure an evacuation drill for employees and residents was conducted at least once every six months on each shift. The deficient practice posed a risk if employees were unable to implement a disaster plan.",
            "findings": "1. A review of Department documentation revealed the facility's license was effective July 7, 2008. 2. A review of facility documentation revealed a daily staffing schedule for August 2024. The daily staffing schedule revealed the facility maintained two shifts: -9:00 AM to 9:00 PM; and -9:00 PM to 9:00 AM. 3. A review of the facility's documentation revealed evacuation drills conducted on the follow dates and times: -January 15, 2024 at 9:30PM; -February 12, 2024 at 9:30PM; -March 20, 2024 at 9:30PM; - April 14, 2024 at 9:30PM; -May 26, 2024 at 9:30PM; -June 23, 2024 at 9:30PM; and -July 31, 2024 at 9:30PM. However, documentation of evacuation drills conducted on the 9:00 AM to 9:00 PM shift were not available for review. 4. In an interview, E1 acknowledged evacuation drills for employees and residents were not conducted on each shift. Plan of Correction Name, title and/or Position of the Person Responsible Date temporary correction was implemented Date permanent correction will be complete 2024-09-20 Temporary Solution Permanent Solution Monitoring"
        }
    ]
}