{
    "legal_name": "ALL ABOUT KIDS",
    "facility_status": "Active",
    "address": "2510 East Yellowstone Place, Chandler, AZ 85249",
    "license_status": "Active",
    "phone": "4802289510",
    "license_number": "BH3031",
    "max_licensed_capacity": "5",
    "license_effective_date": "7/1/2025",
    "chief_administrative_officer": "MICHAEL NOYD",
    "license_expires_date": "6/30/2026",
    "owner_licensee": "MICHAEL NOYD",
    "inspection_number": "INSP-0057594",
    "inspection_date": "1/25/2024",
    "inspection_type": "Complaint",
    "certificate_number": "Initial Comments",
    "deficiencies": [
        {
            "rule": "C. An administrator shall ensure that: 5. Unless otherwise stated: a. Documentation required by this Article is provided to the Department within two hours after a Department request; and",
            "evidence": "Based on record review, documentation review and interview, the administrator failed to ensure documentation required by Article 7 was provided to the Department within two hours after a Department request. The deficient practice posed a risk as the Department was unable to determine substantial compliance.",
            "findings": "1. The Compliance Officer requested to review E4's complete personnel record, per R9-10- 706.G.1-3 at 12:15 PM. 2. A review of E4's personnel record revealed documentation of CPR training, dated December 21, 2023 from American Red Cross. However, the CPR training card stated \"Adult, Child and Baby First Aid/CPR/AED Online (Eligible for Skills Session within 90 days).\" 3. In an interview, E1 reported E4 had a different CPR training which included a hands on demonstration. However, a CPR training to include a demonstration was not provided for review. 4. A review of electronic documentation, provided by E1 at 3:17 PM revealed a CPR training to include a demonstration for E4. 5. In an interview, E1 acknowledged documentation required by Article 7 was not provided to the Department within two hours after a Department request. Plan of Correction Name, title and/or Position of the Person Responsible Date temporary correction was implemented Date permanent correction will be complete Temporary Solution Permanent Solution Monitoring 2024-09-20"
        },
        {
            "rule": "I. If an administrator has a reasonable basis, according to A.R.S. \u00a7 13-3620 or 46-454, to believe abuse, neglect, or exploitation has occurred on the premises or while a resident is receiving services from a behavioral health residential facility's employee or personnel member, the administrator shall: 1. If applicable, take immediate action to stop the suspected abuse, neglect, or exploitation; 2. Report the suspected abuse, neglect, or exploitation of the resident: a. For a resident 18 years of age or older, according to A.R.S. \u00a7 46-454; or b. For a resident under 18 years of age, according to A.R.S. \u00a7 13-3620; 3. Document: a. The suspected abuse, neglect, or exploitation; b. Any action taken according to subsection (I)(1); and c. The report in subsection (I)(2); 4. Maintain the documentation in subsection (I)(3) for at least 12 months after the date of the report in subsection (I)(2); 5. Initiate an investigation of the suspected abuse, neglect, or exploitation and document the following information within five working days after the report required in (I)(2): a. The dates, times, and description of the suspected abuse, neglect, or exploitation; b. A description of any injury to the resident related to the suspected abuse or neglect and any change to the resident ' s physical, cognitive, functional, or emotional condition; c. The names of witnesses to the suspected abuse, neglect, or exploitation; and d. The actions taken by the administrator to prevent the suspected abuse, neglect, or exploitation from occurring in the future; and 6. Maintain a copy of the documented information required in subsection (I)(5) and any other information obtained during the investigation for at least 12 months after the date the investigation was initiated.",
            "evidence": "Based on documentation review and interview, the administrator failed to ensure if an administrator had a reasonable basis, according to A.R.S. \\'a7 13-3620, to believe abuse occurred on the premises or while a resident was receiving services from a behavioral health residential facility's employee or personnel member, the administrator initiated an investigation of the suspected abuse. The deficient practice posed a risk as the licensee was unable to assess if there was an immediate health and safety concern for the other residents residing in the behavioral health residential facility. Findings include: A.R.S. \\'a7 13-3620(A) states any person who reasonably believes that a minor is or has been the victim of physical injury, abuse, child abuse, a reportable offense or neglect that appears to have been inflicted on the minor by other than accidental means or that is not explained by the available medical history as being accidental in nature or who reasonably believes there has been a denial or deprivation of necessary medical treatment or surgical care or nourishment with the intent to cause or allow the death of an infant who is protected under section 36-2281 shall immediately report or cause reports to be made of this information to a peace officer, to the department of child safety or to a tribal law enforcement or social services agency for any Indian minor who resides on an Indian reservation, except if the report concerns a person who does not have care, custody or control of the minor, the report shall be made to a peace officer only... 1. A review of the facility's policies and procedures revealed a policy titled \"Reporting Incidents\" (dated November 15, 2022). The policy stated \"...A required report is a situation that requires a staff member to create an incident report. Behavioral Health Residential Facilities Licensing (BRFL) must [sic] be notified of the incident dependent on the nature of the incident. BRFL must [sic] be notified in writing by submitting an incident report...If suspected Abuse, neglect, or exploitation occurred while a resident is receiving services at the facility from an employee, the administrator will...if applicable, take immediate action to stop the suspected abuse...report the suspected abuse...document the suspected abuse...any action taken according to R9-10-703(H)(1) [sic] ...Initiate an investigation of the suspected abuse...and document the following information within five working days after the report has been made...The dates, times, and description of the suspected abuse...A description of any injury to the resident related to the suspected abuse...and any change to the resident's physical, cognitive, functional, or emotional condition...the names of witnesses...The actions taken by the administrator to prevent the suspected abuse, neglect, or exploitation from occurring in the future...Program director and agency administrator will review all incident reports within 24 hours of the incident...\" 2. A review of Department documentation revealed a complaint submitted to the Department on November 27, 2023. The complaint stated \"...On 11/23/23, [R2] stated someone at the group home beat [R2] up and that it was an adult...[R2] stated that [R2] has scars on [R2's] face now. It is unknown if the scars are bruises or cuts. [R2] was told to tell another adult and [R2] stated that [R2] did, but that no one cares. It was stated the incident occurred on 11/22/2023.\" 3. A review of electronic documentation, provided by E2, revealed a forwarded email, dated January 25, 2024. The email was sent by E5 to E1. The email stated \"On the above day and time, staff [E5] had just arrived on shift...Client [R2] was in [R2's] room laying on [R2's] bed. Staff sat on [R2's] bed and asked if [R2] was okay. [R2] stated that [R2] missed [R2's] mom and that [R2] was mad that [R2's] visits now were shorter on Saturday, now that [R2's] siblings didn't come to visits anymore and that made [R2] angry because [R2] felt [R2's] mom did not want to spend time with just [R2] without [R2's] siblings present. Staff processed with [R2] about understanding that [R2's] parent was trying to do the right thing and was still sad about everything that had happened. [R2] stated that [R2] didn't care about what she was going through and that [R2] was sick and tired of her excuses. Furthermore, [R2] was tired of living at this group home and was tired of staff abusing [R2]. [R2] stated that [R2] received the scratch on [R2's] face from Staff the day before but when staff reminded client [R2] that this staff spoke with client the night before about what had occurred with the AWOL and how [R2] had told staff [R2] was running in trees when staff was looking for client. Client [R2] became upset and stated that [R2] never said that and that this staff was lying. Staff gave client [R2's] space and continued to get Thanksgiving dinner ready to serve. Staff [E5] and [E2] came back to check on client [R2] who was on the phone with [R2's] uncle...stating that the staff at the group home daily abuse [R2], not feed him and caused a scratch on [R2's] cheek.\" 9. In an interview, E1 reported the Department of Child Safety (DCS) was called on November 24, 2023. However, documentation of the requirements in R9-10-703.I.1-6 was not available for review. 10. In an interview, E1 acknowledged the findings. Plan of Correction Name, title and/or Position of the Person Responsible Date temporary correction was implemented Date permanent correction will be complete 2024-02-14 Temporary Solution Permanent Solution Monitoring",
            "findings": ""
        },
        {
            "rule": "F. An administrator shall ensure that a personnel member, or an employee, a volunteer, or a student who has or is expected to have more than eight hours of direct interaction per week with residents, provides",
            "evidence": "of freedom from infectious tuberculosis: 1. On or before the date the individual begins providing services at or on behalf of the behavioral health residential facility, and 2. As specified in R9-10-113. Evidence Based on record review and interview, the administrator failed to ensure a personnel member provided evidence of freedom from infectious tuberculosis (TB), as specified in Arizona Administrative Code (A.A.C.) R9-10- 113(B)(2), for one of three personnel members sampled. The deficient practice posed a TB exposure risk to residents.",
            "findings": "A.A.C. R9-10-113(B)(2) states: \"B. A health care institution's chief administrative officer shall: 2. As part of the annual assessment of the health care institution's risk of exposure to infectious tuberculosis according to subsection (A)(2)(d), ensure that documentation is obtained for each individual required to be screened for infectious tuberculosis that: a. Indicates the individual's freedom from symptoms of infectious tuberculosis; and b. Is signed by a medical practitioner, occupation health provider, as defined in A.A.C. R9-6-801, or local health agency, as defined in A.A.C. R9- 6-101.\" 1. A review of E4's personnel records revealed documented evidence of freedom from infectious TB, dated in December 2023. However, a two-step TB test was not available for review. 2. In an interview, E1 acknowledged documented evidence of freedom from infectious TB for E4 was not available for review. Plan of Correction Name, title and/or Position of the Person Responsible Date temporary correction was implemented Date permanent correction will be complete 2024-02-14 Temporary Solution Permanent Solution Monitoring"
        },
        {
            "rule": "G. An administrator shall ensure that a personnel record is maintained for each personnel member, employee, volunteer, or student that includes: 3. Documentation of: h. Cardiopulmonary resuscitation training, if required for the individual according to R9-10- 703(C)(1)(e);",
            "evidence": "Based on record review and interview, the administrator failed to ensure a personnel record was maintained for each personnel member to include documentation of cardiopulmonary resuscitation (CPR) training to include a demonstration, for one of three personnel members sampled. The deficient practice posed a risk if E4 was unable to perform CPR.",
            "findings": "1. A review of E4's personnel record revealed documentation of CPR training, dated December 21, 2023 from American Red Cross. However, the CPR training card stated \"Adult, Child and Baby First Aid/CPR/AED Online (Eligible for Skills Session within 90 days).\" 2. In an interview, E1 reported E4 had a different CPR training which included a hands on demonstration. However, a CPR training to include a demonstration was not available for review. 3. A review of electronic documentation, provided by E1 at 3:17 PM revealed a CPR training to include a demonstration for E4. 4. In an interview, E1 acknowledged E4's personnel record did not include E4's current CPR training to include a demonstration. This Rule was cited on August 3, 2023. A letter sent to the facility, dated August 14, 2023, stated \"...the Department requires that you make immediate corrections of violations that present a threat to the health or safety of a client, resident, patient or agency personnel. Additionally, the Department urges correction of all deficiencies at the earliest possible date.\" Plan of Correction Name, title and/or Position of the Person Responsible Date temporary correction was implemented Date permanent correction will be complete 2024-02-14 Temporary Solution Permanent Solution Monitoring"
        },
        {
            "rule": "D. An administrator shall ensure that there is a documented discharge order by a medical practitioner or behavioral health professional before a resident is discharged unless the resident leaves the behavioral health residential facility against a medical practitioner's or behavioral health professional's advice.",
            "evidence": "Based on record review and interview, the administrator failed to ensure there was a documented discharge order by a medical practitioner or behavioral health professional before a resident was discharged, for one of one discharged resident who did not leave the behavioral health residential facility against a medical practitioner's or behavioral health professional's (BHP) advice.",
            "findings": "1. A review of R1's medical record revealed a discharge summary (dated in December 2023). The document was signed by the BHP. However, a documented discharge order by a medical practitioner or behavioral professional before R1 was discharged was not available for review. 2. In an interview, E1 acknowledged R1 did not have a documented discharge order by a medical practitioner or behavioral health professional. Plan of Correction Name, title and/or Position of the Person Responsible Date temporary correction was implemented Date permanent correction will be complete 2024-02-14 Temporary Solution Permanent Solution Monitoring"
        }
    ]
}