{
    "legal_name": "ALL ABOUT KIDS",
    "facility_status": "Active",
    "address": "2510 East Yellowstone Place, Chandler, AZ 85249",
    "license_status": "Active",
    "phone": "4802289510",
    "license_number": "BH3031",
    "max_licensed_capacity": "5",
    "license_effective_date": "7/1/2025",
    "chief_administrative_officer": "MICHAEL NOYD",
    "license_expires_date": "6/30/2026",
    "owner_licensee": "MICHAEL NOYD",
    "inspection_number": "INSP-0057596",
    "inspection_date": "5/14/2024",
    "inspection_type": "Complaint",
    "certificate_number": "Initial Comments",
    "deficiencies": [
        {
            "rule": "A.R.S. \u00a7 36-424. Inspections; suspension or revocation of license; report to board of examiners of nursing care institution administrators and assisted living facility managers C. On a determination by the director that there is reasonable cause to believe a health care institution is not adhering to the licensing requirements of this chapter, the director and any duly designated employee or agent of the director, including county health representatives and county or municipal fire inspectors, consistent with standard medical practices, may enter on and into the premises of any health care institution that is licensed or required to be licensed pursuant to this chapter at any reasonable time for the purpose of determining the state of compliance with this chapter, the rules adopted pursuant to this chapter and local fire ordinances or rules. Any application for licensure under this chapter constitutes permission for and complete acquiescence in any entry or inspection of the premises during the pendency of the application and, if licensed, during the term of the license. If an inspection reveals that the health care institution is not adhering to the licensing requirements established pursuant to this chapter, the director may take action authorized by this chapter. Any health care institution, including an accredited hospital, whose license has been suspended or revoked in accordance with this section is subject to inspection on application for relicensure or reinstatement of license.",
            "evidence": "Based on documentation review, observation and interview, the licensee failed to provide complete acquiescence in any entry or inspection of the premises during the term of the license. The deficient practice posed a risk as such action shall be deemed as a reasonable cause to believe a substantial violation exists as the Department was unable to gain entry for 65 minutes.",
            "findings": "A.R.S. \\'a7 36- 427(B) If the licensee, the chief administrative officer or any other person in charge of the institution refuses to permit the department or its employees or agents the right to inspect the institution's premises as provided in section 36-424, such action shall be deemed reasonable cause to believe that a substantial violation under subsection A, paragraph 3 of this section exists. 1. A review of the Department documentation revealed the facility's perpetual license was effective on July 1, 2020. 2. The Compliance Officer arrived at the facility at 12:30 PM to conduct a complaint inspection. The Compliance Officer rang the door bell and knocked at the door. However, no one answered the door. 3. In a telephonic interview, conducted at 12:30 PM, E1 reported E1 was about an hour away and a personnel member was about 30 to 45 minutes away. 4. In a telephonic interview, conducted at 1:29 PM, E1 reported E1 was approximately 20 minutes away from BH3031. 5. The Compliance Officer observed E2 arrive on the premises at approximately 1:35 PM. 6. In an interview, E1 acknowledged the findings. Plan of Correction Name, title and/or Position of the Person Responsible Date temporary correction was implemented Date permanent correction will be complete 2024-07-10 Temporary Solution Permanent Solution Monitoring"
        },
        {
            "rule": "F. An administrator shall ensure that a personnel member, or an employee, a volunteer, or a student who has or is expected to have more than eight hours of direct interaction per week with residents, provides",
            "evidence": "of freedom from infectious tuberculosis: 1. On or before the date the individual begins providing services at or on behalf of the behavioral health residential facility, and 2. As specified in R9-10-113. Evidence Based on record review and interview, the administrator failed to ensure a personnel member provided evidence of freedom from infectious tuberculosis (TB), as specified in Arizona Administrative Code (A.A.C.) R9-10- 113(B)(2), for one of four personnel members sampled. The deficient practice posed a TB exposure risk to residents and false or misleading documentation was provided to the Department.",
            "findings": "A.A.C. R9-10- 113(B)(2) A health care institution's chief administrative officer shall: 2. As part of the annual assessment of the health care institution's risk of exposure to infectious tuberculosis according to subsection (A)(2)(d), ensure that documentation is obtained for each individual required to be screened for infectious tuberculosis that: a. Indicates the individual's freedom from symptoms of infectious tuberculosis; and b. Is signed by a medical practitioner, occupation health provider, as defined in A.A.C. R9-6-801, or local health agency, as defined in A.A.C. R9-6-101. 1. A review of E5's personnel records revealed documented evidence of freedom from infectious TB, dated in April 2022. However, a two-step TB test was not available for review. 2. A review of the evidence of freedom from infectious TB, dated in April 2022, revealed the document appeared altered as the \"open date\", the administered date, and \"read\" date had blue ink written over the year of \"22\" to indicate the year of \"24.\" 3. In an interview, E1 acknowledged documented evidence of freedom from infectious TB for E5 was not available for review and false or misleading documentation was provided to the Department. This Rule was cited on January 25, 2024. A letter sent to the facility, dated February 12, 2024, stated \"...the Department is not requesting a WRITTEN Plan of Correction (POC) at this time. However, the Department still requires that you make corrections to all violations noted in the SOD. Please document all corrections...\" Plan of Correction Name, title and/or Position of the Person Responsible Date temporary correction was implemented Date permanent correction will be complete 2024-07-17 Temporary Solution Permanent Solution Monitoring"
        }
    ]
}