{
    "legal_name": "ALL ABOUT KIDS",
    "facility_status": "Active",
    "address": "2510 East Yellowstone Place, Chandler, AZ 85249",
    "license_status": "Active",
    "phone": "4802289510",
    "license_number": "BH3031",
    "max_licensed_capacity": "5",
    "license_effective_date": "7/1/2025",
    "chief_administrative_officer": "MICHAEL NOYD",
    "license_expires_date": "6/30/2026",
    "owner_licensee": "MICHAEL NOYD",
    "inspection_number": "INSP-0057591",
    "inspection_date": "8/3/2023",
    "inspection_type": "Complaint;Compliance (Annual)",
    "certificate_number": "Initial Comments",
    "deficiencies": [
        {
            "rule": "G. An administrator shall ensure that a personnel record is maintained for each personnel member, employee, volunteer, or student that includes: 3. Documentation of: h. Cardiopulmonary resuscitation training, if required for the individual according to R9-10- 703(C)(1)(e);",
            "evidence": "Based on record review and interview, the administrator failed to ensure a personnel record was maintained for each personnel member to include documentation of cardiopulmonary resuscitation (CPR) training, for one of ten personnel members sampled. The deficient practice posed a risk if E5 was unable to perform CPR.",
            "findings": "1. A review of E5's (hired in 2023) personnel record revealed E5 was hired as the registered nurse and documentation of current Basic Life support (BLS) training dated September 21, 2021. However, documentation of CPR was not available for review. 2. In a joint interview, E1 and E2 acknowledged E5's personnel record did not include documentation of current CPR training. Plan of Correction Name, title and/or Position of the Person Responsible Date temporary correction was implemented Date permanent correction will be complete 2024-08-14 Temporary Solution Permanent Solution Monitoring"
        },
        {
            "rule": "J. An administrator shall ensure that the following personnel members have first-aid and cardiopulmonary resuscitation training specific to the populations served by the behavioral health residential facility: 1. At least one personnel member who is present at the behavioral health residential facility during hours of operation of the behavioral health residential facility, and",
            "evidence": "Based on observation, record review, and interview, the administrator failed to ensure at least one personnel member was present at the behavioral health residential facility during hours of operation who had cardiopulmonary resuscitation (CPR) training specific to the populations served. The deficient practice posed a risk if an employee was unable to meet a resident's needs during an emergency or an accident.",
            "findings": "1. The Compliance Officer Observed E2 on the premises and working alone when the Compliance Officer arrived at approximately 9:00AM. 2. The Compliance Officer observed five residents on the premises. 3. A review of E2's personnel record revealed documentation of CPR and first aid training from Heartsaver, issued on May 7, 2023 with an expiration date of May 2025. However, documentation to indicate the CPR training was specific to the population served was not available for review. 4. A review of facility documentation revealed a daily staffing schedule for July 1-31, 2023. The daily staffing schedule revealed E2 was scheduled to work alone on the following dates and times: - July 9-10, 2023 9:00AM-9:00PM. 5. A review of E3's personnel record revealed documentation of CPR and AED training from Heartsaver, issued on February 8, 2022 with an expiration date of February 2024. However, documentation to indicate the CPR training was specific to the population served was not available for review. 6. A review of facility documentation revealed a daily staffing schedule for June 1-30, 2023. The daily staffing schedule revealed E3 was scheduled to work alone on the following dates and times: - Every Thursday 9:00PM-9:00AM. 7. A review of E6's personnel record revealed documentation of adult CPR and first aid training from HSI, issued on May 19, 2023 with an expiration date of May 2025. However, the CPR training was not specific to the population served. 8. A review of E8's personnel record revealed documentation of adult CPR and first aid training from HSI, issued on May 8, 2023 with an expiration date of May 2025. However, the CPR training was not specific to the population served. 9. A review of E9's personnel record revealed documentation of adult CPR and first aid training from HSI, issued on February 6, 2023 with an expiration date of February 2025. However, the CPR training was not specific to the population served. 10. A review of E10's personnel record revealed documentation of adult CPR and first aid training from HSI, issued on January 17, 2023 with an expiration date of January 2025. However, the CPR training was not specific to the population served. 11. A review of facility documentation revealed a daily staffing schedule for July 1-31, 2023. The daily staffing schedule revealed E10 was scheduled to work alone on the following dates and times: -July 2- 5, 2023 9:00PM-9:00AM; -July 9-12, 2023 9:00PM-9:00AM; -July 16-19, 2023 9:00PM- 9:00AM; -July 23-26, 2023 9:00PM-9:00AM; and -July 30-31, 2023 9:00PM-9:00AM. 12. In a joint interview, E1 and E2 acknowledged at least one personnel member was not present at the behavioral health facility during hours of operation who had CPR training specific to children. Plan of Correction Name, title and/or Position of the Person Responsible Date temporary correction was implemented Date permanent correction will be complete 2024-08-14 Temporary Solution Permanent Solution Monitoring"
        },
        {
            "rule": "G. An administrator shall ensure that a discharge summary for a resident: 2. Includes: a. The following information authenticated by a medical practitioner or a behavioral health professional: i. The resident's presenting issue and other physical health and behavioral health issues identified in the resident's treatment plan; ii. A summary of the treatment provided to the resident; iii. The resident's progress in meeting treatment goals, including treatment goals that were and were not achieved; and iv. The name, dosage, and frequency of each medication ordered for the resident by a medical practitioner at the behavioral health residential facility at the time of the resident's discharge;",
            "evidence": "Based on record review and interview, the administrator failed to ensure a discharge summary for a resident was authenticated by a medical practitioner or behavioral health professional (BHP), for one of two discharged residents sampled.",
            "findings": "R9-10- 101(26) \"Authenticate\" means to establish authorship of a document or an entry in a medical record by: a. A written signature; b. An individual's initials, if the individual's written signature appears on the document or in the medical record; c. A rubber-stamp signature; or d. An electronic signature code. 1. A review of R1's medical record revealed a discharge summary. The document contained the requirements for a discharge summary, however, the document was not authenticated by a medical practitioner or BHP. 2. In a joint interview, E1 and E2 acknowledged R1's discharge summary was not authenticated by a medical practitioner or BHP. Plan of Correction Name, title and/or Position of the Person Responsible Date temporary correction was implemented Date permanent correction will be complete 2024-08-14 Temporary Solution Permanent Solution Monitoring"
        },
        {
            "rule": "A. An administrator shall ensure that: 2. If a behavioral health residential facility is licensed to provide behavioral health services to individuals whose behavioral health issue limits the individuals' ability to function independently, a resident admitted to the behavioral health residential facility with limited ability to function independently receives: b. Continuous protective oversight;",
            "evidence": "Based on record review and interview, the administrator failed to ensure a behavioral health residential facility licensed to provide behavioral health services to individuals whose behavioral health issue limits the individuals' ability to function independently, a resident admitted to the behavioral health residential facility with limited ability to function independently received continuous protective oversight. The deficient practice posed a risk as residents did not receive continuous protective oversight.",
            "findings": "1. A review of R2's medical record revealed an Incident Report (dated May 2023). The document stated \"...Therapist observed from a camera monitor, [R2] sitting on couch next to...[R3] and appeared to quickly remove [R2's] hand left hand from [R3's] lap area...[R2] disclosed that today was not the first time [R2] has engaged in sexually inappropriate behavior with [R3]; [R2] disclosed this has happened multiple times before today but did not give details, number of frequency unknown.\" 2. In a joint interview, E1 and E2 acknowledged the minor residents did not receive continuous protective oversight as personnel members were not present during the incident. Plan of Correction Name, title and/or Position of the Person Responsible Date temporary correction was implemented Date permanent correction will be complete 2024-08-14 Temporary Solution Permanent Solution Monitoring"
        },
        {
            "rule": "B. An administrator shall ensure that counseling is: 2. Provided according to the frequency and number of hours identified in the resident's treatment plan, and",
            "evidence": "Based on record review and interview, the administrator failed to ensure counseling was provided according to the number of hours in the resident's treatment plan, for two of two current residents and two of two discharged residents sampled. The deficient practice posed a risk if a resident did not receive treatment to cure, improve, or palliate their behavioral health issue at the health care institution.",
            "findings": "1. A review of R1's medical record revealed a treatment plan (dated in May 2023). The treatment plan stated \"...Attend groups to learn effective communication and coping skills to increase healthy interaction and communication...1 to 3x's weekly 2-3 hrs weekly...\" 2. A review of R1's medical record revealed group counseling on the following dates: -June 6, 2023 for 1 hour; -June 7, 2023 for 1 hour; -June 13, 2023 for 1 hour; -June 20, 2023 for 1 hour; -June 21, 2023 for 1 hour; -June 28, 2023 for 1 hour; and -July 5, 2023 for 1 hour. -July 22, 2023 for 1 hour. However, documentation to indicate R1 received group counseling according to the number of hours identified in R1's treatment plan was not available for review. 3. A review of R2's medical record revealed a treatment plan (dated in February 2023). The treatment plan stated \"...Attend groups to learn effective communication and coping skills to increase healthy interaction and communication...1 to 3x's weekly 2-3 hrs weekly...\" 4. A review of R2's medical record revealed group counseling on the following dates: -April 17, 2023 for 1 hour; -April 24, 2023 for 1 hour; -April 25, 2023 for 1 hour; -June 27, 2023 for 1 hour; and -May 1, 2023 for 1 hour. However, documentation to indicate R2 received group counseling according to the number of hours identified in R2's treatment plan was not available for review. 5. A review of R3's medical record revealed a treatment plan (dated in June 2023). The treatment plan stated \"...Attend groups to learn effective communication and coping skills to increase healthy interaction and communication...1 to 3x's weekly 2-3 hrs weekly...\" 6. A review of R3's medical record revealed group counseling on the following dates: -June 29, 2023 for 1 hour; -July 5, 2023 for 1 hour; -July 11, 2023 for 1 hour; -July 12, 2023 for 1 hour; -July 18, 2023 for 1 hour; and -July 20, 2023 for 1 hour. -July 5, 2023 for 1 hour. However, documentation to indicate R3 received group counseling according to the number of hours identified in R3's treatment plan was not available for review. 7. A review of R4's medical record revealed a treatment plan (dated in June 2023). The treatment plan stated \"...Attend groups to learn effective communication and coping skills to increase healthy interaction and communication...1 to 3x's weekly 2-3 hrs weekly...\" 8. A review of R4's medical record revealed group counseling on the following dates: -July 5, 2023 for 1 hour; -July 11, 2023 for 1 hour; -July 12, 2023 for 1 hour; -July 18, 2023 for 1 hour; and -July 20, 2023 for 1 hour. However, documentation to indicate R4 received group counseling according to the number of hours identified in R4's treatment plan was not available for review. 9. In a joint interview, E1 and E2 acknowledged counseling was not provided according to the number of hours identified in R1's, R2's, R3's, and R4's treatment plans. Plan of Correction Name, title and/or Position of the Person Responsible Date temporary correction was implemented Date permanent correction will be complete 2024-08-14 Temporary Solution Permanent Solution Monitoring"
        },
        {
            "rule": "C. If a behavioral health residential facility provides assistance in the self-administration of medication, an administrator shall ensure that: 4. Training for a personnel member, other than a medical practitioner or registered nurse, in assistance in the self-administration of medication: a. Is provided by a medical practitioner or registered nurse or an individual trained by a medical practitioner or registered nurse; and b. Includes: i. A demonstration of the personnel member's skills and knowledge necessary to provide assistance in the self- administration of medication, ii. Identification of medication errors and medical emergencies related to medication that require emergency medical intervention, and iii. The process for notifying the appropriate entities when an emergency medical intervention is needed;",
            "evidence": "Based on record review and interview, the administrator failed to ensure training in the assistance in the self-administration of medication included a demonstration of the personnel member's skills and knowledge necessary to provide assistance in the self- administration of medication, identification of medication errors, and medical emergencies related to medication that required emergency medical intervention, and the process for notifying the appropriate entities when an emergency medical intervention was needed, for three of ten personnel members sampled.",
            "findings": "1. A review of E1's personnel record revealed a document titled \"CERTIFICATE OF COMPLETION...For completion of Medication Assistance Training Course\" (dated January 18, 2023). However, the document did not include a demonstration of E1's skills and knowledge necessary to provide assistance in the self-administration of medication, identification of medication errors, and medical emergencies related to medication that required emergency medical intervention, and the process for notifying the appropriate entities when an emergency medical intervention was needed. 2. A review of E2's personnel record revealed a document titled \"Certificate of Completion THIS ACKNOWLEDGES THAT [E2] HAS SUCCESSFULLY COMPLETED MEDICATION ADMINISTRATION TRAINING\" (dated May 18, 2021). However, the document did not include a demonstration of E2's skills and knowledge necessary to provide assistance in the self-administration of medication, identification of medication errors, and medical emergencies related to medication that required emergency medical intervention, and the process for notifying the appropriate entities when an emergency medical intervention was needed. 3. A review of E10's personnel record revealed a document titled Certificate of Completion THIS ACKNOWLEDGES THAT [E10] HAS SUCCESSFULLY COMPLETED MEDICATION ADMINISTRATION TRAINING\" (dated February 3, 2021). However, the document did not include a demonstration of E10's skills and knowledge necessary to provide assistance in the self-administration of medication, identification of medication errors, and medical emergencies related to medication that required emergency medical intervention, and the process for notifying the appropriate entities when an emergency medical intervention was needed. 4. In an interview, E1 acknowledged E1, E2, and E10 were not trained in the required components. Plan of Correction Name, title and/or Position of the Person Responsible Date temporary correction was implemented Date permanent correction will be complete 2024-08-14 Temporary Solution Permanent Solution Monitoring"
        },
        {
            "rule": "B. Except for an outdoor behavioral health care program provided by a behavioral health residential facility, an administrator shall ensure that: 2. The disaster plan required in subsection (B)(1) is reviewed at least once every 12 months;",
            "evidence": "Based on documentation review and interview, the administrator failed to ensure the disaster plan was reviewed at least once every 12 months. The deficient practice posed a risk as a disaster plan reinforces and clarifies standards expected of employees.",
            "findings": "1. A review of facility documentation revealed a disaster plan dated January 2, 2022. However, documentation to indicate the disaster plan was reviewed at least once every 12 months was not available for review. 2. In a joint interview, E1 and E2 acknowledged the facility's disaster plan had not been reviewed at least once within the last 12 months. Plan of Correction Name, title and/or Position of the Person Responsible Date temporary correction was implemented Date permanent correction will be complete 2024-09-20 Temporary Solution Permanent Solution Monitoring"
        }
    ]
}