{
    "legal_name": "ALL ABOUT KIDS",
    "facility_status": "Active",
    "address": "2510 East Yellowstone Place, Chandler, AZ 85249",
    "license_status": "Active",
    "phone": "4802289510",
    "license_number": "BH3031",
    "max_licensed_capacity": "5",
    "license_effective_date": "7/1/2025",
    "chief_administrative_officer": "MICHAEL NOYD",
    "license_expires_date": "6/30/2026",
    "owner_licensee": "MICHAEL NOYD",
    "inspection_number": "INSP-0057592",
    "inspection_date": "10/31/2023",
    "inspection_type": "Complaint",
    "certificate_number": "Initial Comments",
    "deficiencies": [
        {
            "rule": "K. An administrator shall: 6. Establish and document the criteria for determining when a resident's absence is unauthorized, including criteria for a resident who: c. Is under the age of 18;",
            "evidence": "Based on documentation review and interview, the administrator failed to establish and document the criteria for determining when a resident's absence was unauthorized, including criteria for a resident who is under the age of 18. The deficient practice posed a risk as criteria reinforce and clarifies the health care institution's standards.",
            "findings": "1. A review of the facility's policies and procedures revealed a policy and procedure titled \"Unauthorized Absences Quality Management procedures\" (dated November 15, 2022). The policy stated \"Agency will conduct and complete the following. Document on the Internal Audit Checklist unauthorized absences and actions taken. Agency staff members will document the unauthorized absences in incident report and during clinical supervision agency team members will evaluate how to prevent incidents from continuing to occur. Agency will track number of unauthorized absences on yearly log. During clinical supervision agency team members will discuss client that was AWOL from the agency and discuss services that could have prevented client from leaving. Complete Incident Report / AWOL / Unauthorized Absences; Incident details...\" However, the policy did not include the criteria for determining when a resident's absence was unauthorized, including criteria for a resident who is under the age of 18. 2. In a joint interview, E1 and E2 acknowledged the criteria for determining when a resident's absence was unauthorized, including criteria for a resident who is under the age of 18, was not established and documented. Plan of Correction Name, title and/or Position of the Person Responsible Date temporary correction was implemented Date permanent correction will be complete Temporary Solution Permanent Solution Monitoring"
        },
        {
            "rule": "K. An administrator shall: 9. Evaluate and take action related to unauthorized absences under the quality management program in R9-10-704.",
            "evidence": "Based on documentation review and interview, the administrator failed to evaluate and take action related to unauthorized absences under the quality management program in R9-10- 704. The deficient practice posed a risk as a quality management program documents the necessary information required to effectively manage services provided, and posed a risk if the facility was unaware of the general or specific whereabouts of a resident. Findings include: 1. A review of facility documentation revealed a document titled \"[R1] Investigation\" (undated). The document stated \"[R1] went AWOL around midnight of October 15, 2023...\" 2. A review of the facility's policies and procedures revealed a policy and procedure titled \"Unauthorized Absences Quality Management procedures\" (dated November 15, 2022). The policy stated \"Agency will conduct and complete the following. Document on the Internal Audit Checklist unauthorized absences and actions taken. Agency staff members will document the unauthorized absences in incident report and during clinical supervision agency team members will evaluate how to prevent incidents from continuing to occur...During clinical supervision agency team members will discuss client that was AWOL from the agency and discuss services that could have prevented client from leaving.\" 3. A review of facility documentation revealed a document titled \"Internal Audit Checklist\" (dated March 8, 2023). However, documentation of R1's unauthorized absences and documentation of actions taken documented on an Internal Audit Checklist was not available for review. 4. A review of electronic documentation, provided by E1, revealed an email with a subject of \"To Do list\" (dated October 12, 2023). However, documentation of R1's unauthorized absence and documentation of actions taken documented on an Internal Audit Checklist was not available for review. 5. A review of facility documentation revealed a document titled \"Clinical Oversight Form for BHT's\" (dated October 30, 2023). The document stated \"...Supervision Topic: Fall Prevention and CPI...We looked at Fall Prevention today. We also worked with CPI. The workers at the organization now have a good idea what to look for in fall prevention and what to do if a person falls...We also talked about CPI with the clients we see...\" However, documentation to indicate R1's unauthorized absence and actions taken was not available for review. 6. In a joint interview, E1 and E2 acknowledged the facility did not evaluate and take action related to R1's unauthorized absence. Plan of Correction Name, title and/or Position of the Person Responsible Date temporary correction was implemented Date permanent correction will be complete Temporary Solution Permanent Solution Monitoring",
            "findings": ""
        },
        {
            "rule": "G. An administrator shall ensure that a personnel record is maintained for each personnel member, employee, volunteer, or student that includes: 3. Documentation of: e. The individual's compliance with requirements in A.R.S. \u00a7\u00a7 36-411, 36-411.01, and 36-425.03, as applicable;",
            "evidence": "Based on documentation review, record review, and interview, the administrator failed to ensure a personnel record was maintained for each personnel member to include documentation of compliance with the requirements in A.R.S. \\'a7 36-425.03(E), for one of three personnel members sampled. The deficient practice posed a risk if E1 was a danger to a vulnerable population. Findings include: A.R.S. \\'a7 36-425.03(E) states \"Children's behavioral health program personnel shall certify on forms that are provided by the department and notarized that they are not awaiting trial on or have never been convicted of or admitted in open court or pursuant to a plea agreement to committing any of the offenses listed in section 41- 1758.03, subsection B or C in this state or similar offenses in another state or jurisdiction.\" 1. A review of Department documentation revealed BH3031 was licensed as a children's behavioral health residential facility, effective July 7, 2008. 2. A review of E1's personnel record revealed documentation of compliance with A.R.S. \\'a7 36-425.03(E) was not available for review. 3. In an interview, E1 reported the documentation was in another folder. However, documentation of compliance with A.R.S. \\'a7 36-425.03(E) was not provided for review. 4. In a joint interview, E1 and E2 acknowledged E1's personnel record did not include documentation of compliance with A.R.S. \\'a7 36-425.03(E). Plan of Correction Name, title and/or Position of the Person Responsible Date temporary correction was implemented Date permanent correction will be complete Temporary Solution Permanent Solution Monitoring",
            "findings": ""
        }
    ]
}