{
    "legal_name": "ALL ABOUT KIDS",
    "facility_status": "Active",
    "address": "2510 East Yellowstone Place, Chandler, AZ 85249",
    "license_status": "Active",
    "phone": "4802289510",
    "license_number": "BH3031",
    "max_licensed_capacity": "5",
    "license_effective_date": "7/1/2025",
    "chief_administrative_officer": "MICHAEL NOYD",
    "license_expires_date": "6/30/2026",
    "owner_licensee": "MICHAEL NOYD",
    "inspection_number": "INSP-0057589",
    "inspection_date": "12/27/2022",
    "inspection_type": "Compliance (Annual)",
    "certificate_number": "Initial Comments",
    "deficiencies": [
        {
            "rule": "A.R.S. \u00a7 36-411. Residential care institutions; nursing care institutions; home health agencies; fingerprinting requirements; exemptions; definitions C. Owners shall make documented, good faith efforts to: 1. Contact previous employers to obtain information or recommendations that may be relevant to a person's fitness to work in a residential care institution, nursing care institution or home health agency. 2. Verify the current status of a person's fingerprint clearance card.",
            "evidence": "Based on record review and interview, the owner failed to ensure compliance with A.R.S. \\'a7 36-411(C)(1), for four of eight employees sampled. The deficient practice posed a risk as the Department was unable to determine substantial compliance as the documentation was not in the personnel records during the inspection, and the documentation was not provided within two hours after a Department request.",
            "findings": "1. A review of E1's (hired in 2022) personnel record revealed documentation of a reference letter from a previous employer and a previous co-worker reference. However, documentation to meet the requirements of A.R.S. \\'a7 36-411(C)(1) was not available for review. 2. A review of E2's (hired in 2020) personnel record revealed documentation of reference letters from what appeared to be previous employers and a personal reference. However, documentation to meet the requirements of A.R.S. \\'a7 36- 411(C)(1) was not available for review. 3. A review of E5's (hired in 2022) personnel record revealed documentation of compliance with A.R.S. \\'a7 36-411(C)(1) was not available for review. 4. A review of E6's (hired in 2022) personnel record revealed documentation of compliance with A.R.S. \\'a7 36-411(C)(1) was not available for review. 5. In an interview, E1 acknowledged documentation of compliance with A.R.S. \\'a7 36-411(C)(1) for E1, E2, E5, and E6 was not available for review. Plan of Correction Name, title and/or Position of the Person Responsible Temporary Solution Permanent Solution Date temporary correction was implemented Date permanent correction will be complete 2023-01-18 Monitoring"
        },
        {
            "rule": "36-420.01. Health care institutions; fall prevention and fall recovery; training programs; definition A. Each health care institution shall develop and administer a training program for all staff regarding fall prevention and fall recovery. The training program shall include initial training and continued competency training in fall prevention and fall recovery. A health care institution may use information and training materials from the department's Arizona falls prevention coalition in developing the training program.",
            "evidence": "Based on documentation review, record review and interview, the health care institution failed to administer a training program for all staff regarding fall prevention and fall recovery to include initial training and continued competency training in fall prevention and fall recovery.",
            "findings": "1. A review of the facility's policies and procedures revealed a policy titled \"Staff Training and Orientation\" (dated November 15, 2022). However, evidence of a fall prevention and fall recovery training program was not available for review. 2. A review of the facility's policies and procedures revealed three pages of what appeared to be a copy of materials from the Centers for Disease Control and Prevention (CDC). The documents were placed after a policy titled \"Administrator Qualifications\" (dated November 15, 2022). 3. A review of E5's, E6's and E7's personnel records revealed documentation of initial training or continued competency training in fall prevention and fall recovery was not available for review. 4. In an interview, E1 acknowledged the facility had not developed and administered a training program for all staff regarding fall prevention and fall recovery. Plan of Correction Name, title and/or Position of the Person Responsible Date temporary correction was implemented Date permanent correction will be complete 2023-01-18 Temporary Solution Permanent Solution Monitoring"
        },
        {
            "rule": "B. An administrator: 3. Except as provided in subsection (A)(6), designates, in writing, an individual who is present on the behavioral health residential facility's premises and accountable for the behavioral health residential facility when the administrator is not present on the behavioral health residential facility's premises.",
            "evidence": "Based on observation, record review, documentation review, and interview, the administrator failed to designate, in writing, an individual who was present on the behavioral health residential facility's premises and accountable for the behavioral health residential facility when the administrator was not present on the behavioral health residential facility's premises. The deficient practice posed a risk as a facility standard was not followed, the designated individual to act on behalf of the governing authority was not present on the facility's premises when the administrator was not present, the Department was unable to determine substantial compliance as the documentation was not available during the inspection, and the documentation was not provided within two hours after a Department request.",
            "findings": "1. The Compliance Officer observed E2 on the premises and working alone upon arrival at 9:10 AM. 2. The Compliance Officer observed E1 arrive on the premises at approximately 9:15 AM. 3. In a interview, E2 reported E1 was the day shift personnel member and E1 would assist with the inspection, as E2 was the night shift personnel member. 4. A review of E1's (hired in 2022) personnel record revealed E1 was hired as a behavioral health technician (BHT). However, documentation designating E1 to be present on the behavioral health residential facility's premises and accountable for the behavioral health facility when the administrator was not present was not available for review. 5. A review of E2's (hired in 2020) personnel record revealed E2 was hired as a BHT. However, documentation designating E2 to be present on the behavioral health residential facility's premises and accountable for the behavioral health facility when the administrator was not present was not available for review. 6. A review of the facility's policies and procedures revealed a policy titled \"Delegation of Authority Policy\" (dated February 20, 2021). The policy stated \"...Other than as expressly provided in this policy, all matters not specifically reserved for the administration and necessary for the day to day management of the organization and the implementation of day to day functions. Management may sub-delegate where appropriate. The agency's policies and procedures provide guidance on the execution of specific roles and responsibilities. In the absence of administration, agency employees shall be responsible for...The following staff are delegated to fulfill the above listed responsibilities in the absence of administrator...\" However, E1 and E2 were not designated to be present on the behavioral health residential facility's premises and accountable for the behavioral health residential facility when the administrator was not present on the behavioral health residential facility's premises 7. A review of the facility's policies and procedures revealed a policy titled \"Delegation of Authority Policy\" (dated May 1, 2018 ). The policy stated \"...Other than as expressly provided in this policy, all matters not specifically reserved for the administration and necessary for the day to day management of the organization and the implementation of day to day functions. Management may sub-delegate where appropriate. The agency's policies and procedures provide guidance on the execution of specific roles and responsibilities. In the absence of administration, agency employees shall be responsible for...The following staff are delegated to fulfill the above listed responsibilities in the absence of an administrator...\" However, E1 and E2 were not designated to be present on the behavioral health residential facility's premises and accountable for the behavioral health residential facility when the administrator was not present on the behavioral health residential facility's premises 8. In an interview, E1 acknowledged an individual was not designated, in writing, to be present on the behavioral health residential facility's premises and accountable for the behavioral health residential facility when the administrator was not present on the behavioral health residential facility's premises. Plan of Correction Name, title and/or Position of the Person Responsible Date temporary correction was implemented Date permanent correction will be complete 2023-01-15 Temporary Solution Permanent Solution Monitoring"
        },
        {
            "rule": "C. An administrator shall ensure that: 1. Policies and procedures are established, documented, and implemented to protect the health and safety of a resident that: e. Cover cardiopulmonary resuscitation training including: i. The method and content of cardiopulmonary resuscitation training, which includes a demonstration of the individual's ability to perform cardiopulmonary resuscitation; ii. The qualifications for an individual to provide cardiopulmonary resuscitation training; iii. The time-frame for renewal of cardiopulmonary resuscitation training; and iv. The documentation that verifies that the individual has received cardiopulmonary resuscitation training;",
            "evidence": "Based on documentation review, record review, and interview, the administrator failed to implement policies and procedures to protect the health and safety of a resident to cover cardiopulmonary resuscitation (CPR) training to include a demonstration of the individual's ability to perform cardiopulmonary resuscitation. The deficient practice posed a risk as the standards expected of employees were not followed, the Department was unable to determine substantial compliance as the documentation was not in the personnel records during the inspection, and the documentation was not provided within two hours after a Department request. Findings include: 1. A review of the facility's policies and procedures revealed a policy titled \"Staff Member and Employee Qualifications and Records\" (November 15, 2022). The policy stated \"Agency will ensure that a personnel record is maintained for each staff member that contains...The staff's member's documentation of CPR and first aid training, as required in, [sic] if applicable...\" 2. A review of the facility's policies and procedures revealed a policy titled \"Cardiopulmonary Resuscitation (CPR)\" (November 15, 2022). The policy stated \"Existing staff and newly hired employees will provide documentation of cardiopulmonary resuscitation certification to include...Method of CPR training, which includes a live demonstration...The time frame for renewal CPR training; CPR certification must be renewed every 2 years...\" 3. A review of E2's personnel record revealed documentation of CPR and first aid training from NationalCPRFoundation, issued on November 29, 2021 with an expiration date of November 29, 2023. 4. A review of E5's personnel record revealed documentation of CPR and first aid training from NationalCPRFoundation, issued on September 19, 2022 with an expiration date of September 19, 2024. 5. A review of E7's personnel record revealed documentation of CPR and first aid training from NationalCPRFoundation, issued on September 15, 2019 with an expiration date of September 15, 2021. 6. A review of the NationalCPRFoundation website revealed courses were conducted online. The NationalCPRFoundation website stated \"Help Save Lives Today with Your Online CPR Certification Training!\" 7. In an interview, E1 acknowledged E2's, E5's, and E7's CPR training did not include a demonstration of the individual's ability to perform CPR, E7's CPR and first aid training had expired, and the policy and procedure was not implemented. Plan of Correction Name, title and/or Position of the Person Responsible Date temporary correction was implemented Date permanent correction will be complete 2023-01-17 Temporary Solution Permanent Solution Monitoring",
            "findings": ""
        },
        {
            "rule": "C. An administrator shall ensure that: 5. Unless otherwise stated: a. Documentation required by this Article is provided to the Department within two hours after a Department request; and",
            "evidence": "Based on record review and interview, the administrator failed to ensure documentation required by this Article was provided to the Department within two hours after a Department request. The deficient practice posed a risk as the Department was unable to determine substantial compliance as the licensee did not provide the following: written designation of an individual; E2's, E5's, and E7's demonstration of cardiopulmonary resuscitation (CPR) training; E3's current contract; E6's verification of skills and knowledge; E6's documentation of completed orientation; R1's, R2's, and R3's updated treatment plans; R1's, R2's, and R3's documentation of counseling per R9-10- 716(C)(2)(b)(e); E1's assistance in the self- administration of medication training; E1's, E2's, E5's, and E6's documentation of compliance with A.R.S. \\'a7 36-411(C)(1); and E5's, E6's, and E7's fall prevention and fall recovery training.",
            "findings": "1. A review of facility documentation and personnel records revealed the administrator did not designate, in writing, an individual to be present on the behavioral health residential facility's premises and accountable for the behavioral health residential facility when the administrator was not present on the behavioral health residential facility's premises. 2. A review of E2's personnel record revealed documentation of CPR and first aid training from NationalCPRFoundation, issued on November 29, 2021 with an expiration date of November 29, 2023. 3. A review of E5's personnel record revealed documentation of CPR and first aid training from NationalCPRFoundation, issued on September 19, 2022 with an expiration date of September 19, 2024. 4. A review of E7's personnel record revealed documentation of CPR and first aid training from NationalCPRFoundation, issued on September 15, 2019 with an expiration date of September 15, 2021. 5. A review of the NationalCPRFoundation website revealed courses were conducted online. The NationalCPRFoundation website stated \"Help Save Lives Today with Your Online CPR Certification Training!\" 6. A review of E3's personnel record revealed E3 was hired as a clinical supervisor. The record revealed documentation of contracted services (dated December 7, 2012). The contract stated \"This agreement shall commence on December 7, 2012 and shall expire in one year from this date.\" However, documentation of current contracted services was not available for review. 7. A review of E6's (hired in 2022) personnel record revealed E6 was hired as a therapist. However, documentation to demonstrate E6's skills and knowledge were verified and documented was not available for review. 8. A review of E6's (hired in 2022) personnel record revealed documentation of completed orientation was not available for review. 9. A review of R1's medical record revealed a treatment plan dated in March 2022. The treatment plan included review dates for April 14, 2022, May 14, 2022, and June 14, 2022. The record also revealed a treatment plan dated in June 2022. The treatment plan included a review date for July 11, 2022, August 11, 2022 and September 11, 2022. The record also revealed a treatment plan dated in September 2022 and October 2022. However, updated treatment plans dated in April 2022, May 2022, July 2022, and August 2022 were not available for review. 10. A review of R2's medical record revealed a treatment plan dated in October 2022. The treatment plan included review dates for November 2022 and December 2022. However, an updated treatment plan dated in November 2022 was not available for review. 11. A review of R3's medical record revealed a treatment plan dated in January 2022. The treatment plan included review dates for February 28, 2022, March 30, 2022, and April 30, 2022. The record also revealed a treatment plan dated in April 2022. The treatment plan included review dates for May 30, 2022, June 30, 2022, and July 30, 2022. The record also revealed a treatment plan dated in July 2022. The treatment plan included review dates for August 27, 2022, September 27, 2022, and October 27, 2022. The record also revealed a treatment plan dated in October 2022. However, an updated treatment plan dated in February 2022, March 2022, May 2022, June 2022, August 2022, and September 2022 was not available for review. 12. A review of R1's, R2's, and R3's medical records revealed each counseling session was not documented to include the requirements in R9-10-716(C)(2) (b)(e). 13. A review of E1's personnel record revealed E1 was hired as a behavioral health technician (BHT). However, documentation of completed training in the assistance in the self- administration of medication was not available for review. 14. A review of E1's (hired in 2022) personnel record revealed documentation of a reference letter from a previous employer and a previous co-worker reference. However, documentation to meet the requirements of A.R.S. \\'a7 36-411(C)(1) was not available for review. 15. A review of E2's (hired in 2020) personnel record revealed documentation of reference letters from what appeared to be previous employers and a personal reference. However, documentation to meet the requirements of A.R.S. \\'a7 36-411(C)(1) was not available for review. 16. A review of E5's (hired in 2022) personnel record revealed documentation of compliance with A.R.S. \\'a7 36-411(C)(1) was not available for review. 17. A review of E6's (hired in 2022) personnel record revealed documentation of compliance with A.R.S. \\'a7 36-411(C)(1) was not available for review. 18. A review of E5's, E6's and E7's personnel records revealed documentation of initial training or continued competency training in fall prevention and fall recovery was not available for review. 19. In an interview, E1 acknowledged documentation required by this Article was not provided to the Department within two hours after a Department request. Plan of Correction Name, title and/or Position of the Person Responsible Date temporary correction was implemented Date permanent correction will be complete 2023-01-18 Temporary Solution Permanent Solution Monitoring"
        },
        {
            "rule": "An administrator shall ensure that: 2. Documentation of current contracted services is maintained that includes a description of the contracted services provided.",
            "evidence": "Based on record review, documentation review, and interview, the administrator failed to ensure documentation of current contracted services was maintained. The deficient practice posed a risk as the Department was unable to determine substantial compliance as the documentation was not in the personnel record during the inspection, and the documentation was not provided within two hours after a Department request.",
            "findings": "1. A review of E3's personnel record revealed E3 was hired as a contracted clinical supervisor (BHP). The record revealed documentation of contracted services (dated December 7, 2012). The contract stated \"This agreement shall commence on December 7, 2012 and shall expire in one year from this date.\" However, documentation of current contracted services was not available for review. 2. A review of the facility's daily staffing schedule revealed E3 was the on-call BHP. 3. A review of R1's medical record revealed a group counseling note signed by E3 on the following date: -July 28, 2022. 4. A review of R1's medical record revealed a treatment plan signed by E3 (dated in September 2022 and October 2022). 5. A review of R3's medical record revealed a treatment plan signed by E3 (dated in October 2022). 6. In an interview, E1 acknowledged documentation of current contracted services was not available for review. Plan of Correction Name, title and/or Position of the Person Responsible Date temporary correction was implemented Date permanent correction will be complete 2023-03-08 Temporary Solution Permanent Solution Monitoring"
        },
        {
            "rule": "B. An administrator shall ensure that: 2. A personnel member's skills and knowledge are verified and documented: a. Before the personnel member provides physical health services or behavioral health services, and b. According to policies and procedures; and",
            "evidence": "Based on documentation review, record review, and interview, the administrator failed to ensure a personnel member's skills and knowledge were verified and documented before the personnel member provided behavioral health services, and according to policies and procedures, for one of eight personnel members sampled. The deficient practice posed a risk if E6 was unable to meet a residents needs, the Department was unable to determine substantial compliance as the documentation was not in the personnel record during the inspection, and the documentation was not provided within two hours after a Department request. Findings include: 1. A review of the facility's policies and procedures revealed a policy titled \"Staff Member and Employee Qualifications and Records\" (November 15, 2022). The policy stated \"Verification of Behavioral Health Services within the above knowledge and skills area will be verified either by the By the [sic] clinical director, a behavioral health professional, or a behavioral health technician with a combination of at least six years of education in a field related to behavioral health and fill-time behavioral health work experience...Evidence of being competent within the above knowledge and skill areas; thus, allowing you to work directly with residents will be maintained within your personnel file.\" 2. A review of E6's (hired in 2022) personnel record revealed E6 was hired as a therapist. However, documentation to demonstrate E6's skills and knowledge were verified and documented was not available for review. 3. A review of R1's (admitted in 2022) medical record revealed individual and group counseling notes to indicate E6 provided the counseling sessions. 4. A review of R2's (admitted in 2022) medical record revealed individual and group counseling notes to indicate E6 provided the counseling sessions. 5. A review of R3's (admitted in 2020) medical record revealed individual and group counseling notes to indicate E6 provided the counseling sessions. 6. In an interview, E1 acknowledged E6's skills and knowledge were not verified and documented prior to providing behavioral health services and according to policies and procedures. Plan of Correction Name, title and/or Position of the Person Responsible Date temporary correction was implemented Date permanent correction will be complete 2023-03-08 Temporary Solution Permanent Solution Monitoring",
            "findings": ""
        },
        {
            "rule": "G. An administrator shall ensure that a personnel record is maintained for each personnel member, employee, volunteer, or student that includes: 3. Documentation of: c. The individual's completed orientation and in-",
            "evidence": "Based on documentation review, record review, and interview, the administrator failed to ensure a personnel record was maintained for each personnel member to include documentation of the individual's completed service education as required by policies and procedures; orientation as required by policies and procedures, for one of eight personnel records sampled. The deficient practice posed a risk if E6 was unable to meet a resident's needs, the Department was unable to determine substantial compliance as the documentation was not in the personnel record during the inspection, and the documentation was not provided within two hours after a Department request.",
            "findings": "R9-10-101.155. \"Orientation\" means the initial instruction and information provided to an individual before the individual starts work or volunteer services in a health care institution. 1. A review of the facility's policies and procedures revealed a policy titled \"Staff Training and Orientation\" (November 15, 2022). The policy stated \"The program director will provide supervision and monitoring of staff's interaction with the residents by a way of on site observation. The program director will monitor each staff's overall performance and feedback will be given to staff as needed.\" 2. A review of the facility's policies and procedures revealed a policy titled \"Staff Member and Employee Qualifications and Records\" (dated November 15, 2022). The policy stated \"Agency will ensure that a personnel record is maintained for each staff member that contains...The staff member's completion of the orientation required...\" 3. A review of E6's (hired in 2022) personnel record revealed documentation of completed orientation was not available for review. 4. In an interview, E1 acknowledged documentation of E6's completed orientation as required by policies and procedures was not available for review. Plan of Correction Name, title and/or Position of the Person Responsible Date temporary correction was implemented Date permanent correction will be complete 2023-01-18 Temporary Solution Permanent Solution Monitoring"
        },
        {
            "rule": "A. An administrator shall ensure that a treatment plan is developed and implemented for each resident that: 6. Is reviewed and updated on an on-going basis: a. According to the review date specified in the treatment plan,",
            "evidence": "Based on record review and interview, the administrator failed to ensure a treatment plan for each resident was reviewed and updated on an on-going basis according to the review date specified in the treatment plan, for three of three residents sampled. The deficient practice posed a risk as the Department was unable to determine substantial compliance as the documentation was not in the medical records during the inspection, and the documentation was not provided within two hours after a Department request.",
            "findings": "1. A review of R1's medical record revealed a treatment plan dated in March 2022. The treatment plan included review dates for April 14, 2022, May 14, 2022, and June 14, 2022. The record also revealed a treatment plan dated in June 2022. The treatment plan included a review date for July 11, 2022, August 11, 2022 and September 11, 2022. The record also revealed a treatment plan dated in September 2022 and October 2022. However, updated treatment plans dated in April 2022, May 2022, July 2022, and August 2022 were not available for review. 2. A review of R2's medical record revealed a treatment plan dated in October 2022. The treatment plan included review dates for November 2022 and December 2022. However, an updated treatment plan dated in November 2022 was not available for review. 3. A review of R3's medical record revealed a treatment plan dated in January 2022. The treatment plan included review dates for February 28, 2022, March 30, 2022, and April 30, 2022. The record also revealed a treatment plan dated in April 2022. The treatment plan included review dates for May 30, 2022, June 30, 2022, and July 30, 2022. The record also revealed a treatment plan dated in July 2022. The treatment plan included review dates for August 27, 2022, September 27, 2022, and October 27, 2022. The record also revealed a treatment plan dated in October 2022. However, an updated treatment plans dated in February 2022, March 2022, May 2022, June 2022, August 2022, and September 2022 was not available for review. 4. In an interview, E1 acknowledged R1's, R2's, and R3's treatment plans were not reviewed and updated on an on-going basis according to the review date specified in R1's, R2's, and R3's treatment plans. Plan of Correction Name, title and/or Position of the Person Responsible Date temporary correction was implemented Date permanent correction will be complete 2023-01-18 Temporary Solution Permanent Solution Monitoring"
        },
        {
            "rule": "C. An administrator shall ensure that: 2. Each counseling session is documented in a resident's medical record to include: a. The date of the counseling session; b. The amount of time spent in the counseling session; c. Whether the counseling was individual counseling, family counseling, or group counseling; d. The treatment goals addressed in the counseling session; and e. The signature of the personnel member who provided the counseling and the date signed.",
            "evidence": "Based on record review and interview, the administrator failed to ensure each group counseling session was documented in a resident's medical record to include the requirements in R9-10-716(C)(2), for three of three residents sampled. The deficient practice posed a risk as the Department was unable to determine substantial compliance as the documentation was not in the medical records during the inspection, and the documentation was not provided within two hours after a Department request.",
            "findings": "1. A review of R1's medical record revealed group counseling notes on the following dates: - December 19, 2022; -December 12, 2022; - November 28, 2022; and -October 31, 2022. However, the counseling notes did not include the requirements in R9-10-716(C)(2)(e). 2. A review of R1's medical record revealed individual counseling notes on the following dates: -December 19, 2022; -December 11, 2022; -November 27, 2022; -November 7, 2022; and -October 31, 2022. However, the counseling notes did not include the requirements in R9-10-716(C)(2)(e). 3. A review of R1's medical record revealed family counseling notes on the following dates: - December 20, 2022; -December 13, 2022; - November 29, 2022; -November 8, 2022; and - November 1, 2022. However, the counseling notes did not include the requirements in R9- 10-716(C)(2)(e). 4. A review of R1's medical record revealed a group and individual counseling note on the following date: - October 24, 2022. However, the counseling notes did not include the requirements in R9- 10-716(C)(2)(b)(e). 5. A review of R2's medical record revealed group counseling notes on the following dates: -December 19, 2022; - December 12, 2022; -November 28, 2022; - November 6, 2022; and -October 31, 2022. However, the counseling notes did not include the requirements in R9-10-716(C)(2)(e). 6. A review of R2's medical record revealed individual counseling notes on the following dates: -December 18, 2022; -December 11, 2022; -November 27, 2022; -November 6, 2022; and -October 30, 2022. However, the counseling notes did not include the requirements in R9-10-716(C)(2)(e). 7. A review of R2's medical record revealed a group counseling note on the following date: - October 24, 2022. However, the counseling note did not include the requirements in R9- 10-716(C)(2)(b)(e). 8. A review of R2's medical record revealed a individual counseling note on the following date: -October 23, 2022. However, the counseling note did not include the requirements in R9-10-716(C)(2)(b)(e). 9. A review of R3's medical record revealed group counseling notes on the following dates: - December 19, 2022; -December 12, 2022; - November 28, 2022; -November 7, 2022; and - October 31, 2022. However, the counseling notes did not include the requirements in R9- 10-716(C)(2)(e). 10. A review of R3's medical record revealed individual counseling notes on the following dates: -December 18, 2022; - December 11, 2022; -November 27, 2022; - November 6, 2022; and -October 30, 2022. However, the counseling notes did not include the requirements in R9-10-716(C)(2)(e). 11. A review of R3's medical record revealed a group counseling note on the following date: - October 24, 2022. However, the counseling note did not include the requirements in R9- 10-716(C)(2)(b)(e). 12. A review of R3's medical record revealed a individual counseling note on the following date: - October 23, 2022. However, the counseling note did not include the requirements in R9- 10-716(C)(2)(b)(e). 13. In an interview, E1 acknowledged each counseling session was not documented in R1's, R2's, and R3's medical records to include the requirements in R9-10- 716(C)(2)(b)(e). Plan of Correction Name, title and/or Position of the Person Responsible Temporary Solution Permanent Solution Date temporary correction was implemented Date permanent correction will be complete 2023-01-18 Monitoring"
        },
        {
            "rule": "C. If a behavioral health residential facility provides assistance in the self-administration of medication, an administrator shall ensure that: 5. A personnel member, other than a medical practitioner or registered nurse, completes the training in subsection (C)(4) before the personnel member provides assistance in the self-administration of medication; and",
            "evidence": "Based on documentation review, record review, and interview, the administrator failed to ensure a behavioral health technician (BHT)completed training before providing assistance in the self-administration of medication, for one of two behavioral health technicians sampled. The deficient practice posed a risk as the Department was unable to determine substantial compliance as the documentation was not in the personnel record during the inspection, and the documentation was not provided within two hours after a Department request. Findings include: 1. A review of the facility's policies and procedures revealed a policy titled \"Staff Training and Orientation\" (dated November 15, 2022). The policy stated \"Assistance in the self- administration of medication is provided only by: Agency staff members will be trained by nurse in assistance in the self administration of medication and documented according to R9- 10-718(C), although training to obtain skills and knowledge may be obtained from another agency, entity or staff member: The nurse will review the following with the staff...\" 2. A review of E1's personnel record revealed E1 was hired as a BHT. However, documentation of completed training in the assistance in the self-administration of medication was not available for review. 3. A review of R1's medical record revealed a medication administration record (MAR) for December 2022. The MAR revealed E1 provided assistance in the self- administration of medication to R1. 4. A review of R2's medical record revealed a medication administration record (MAR) for November 2022. The MAR revealed E1 provided assistance in the self-administration of medication to R2. 5. A review of R3's medical record revealed a medication administration record (MAR) for December 2022. The MAR revealed E1 provided assistance in the self- administration of medication to R3. 6. In an interview, E1 acknowledged documentation of completed training in the assistance in the self- administration of medication for E1 was not available for review. Plan of Correction Name, title and/or Position of the Person Responsible Date temporary correction was implemented Date permanent correction will be complete 2023-01-18 Temporary Solution Permanent Solution Monitoring",
            "findings": ""
        }
    ]
}