{
    "legal_name": "ANGEL SAFE HAVEN LLC",
    "facility_status": "Active",
    "address": "2571 North 149th Avenue, Goodyear, AZ 85395",
    "license_status": "Active",
    "phone": "6232106382",
    "license_number": "BH6115",
    "max_licensed_capacity": "5",
    "license_effective_date": "5/11/2025",
    "chief_administrative_officer": "RICHARD HORNE",
    "license_expires_date": "5/10/2026",
    "owner_licensee": "ANGEL SAFE HAVEN LLC",
    "inspection_number": "INSP-0124261",
    "inspection_date": "4/7/2025",
    "inspection_type": "Complaint",
    "certificate_number": "Initial Comments",
    "deficiencies": [
        {
            "rule": "36-420.01. Health care institutions; fall prevention and fall recovery; training programs; definition A. Each health care institution shall develop and administer a training program for all staff regarding fall prevention and fall recovery. The training program shall include initial training and continued competency training in fall prevention and fall recovery. A health care institution may use information and training materials from the department's Arizona falls prevention coalition in developing the training program.",
            "evidence": "Plan of Correction Name, title and/or Position of the Person Responsible Date temporary correction was implemented Date permanent correction will be complete 2025-04-07 Temporary Solution Permanent Solution Monitoring",
            "findings": ""
        },
        {
            "rule": "C. An administrator shall ensure that: 5. Unless otherwise stated: a. Documentation required by this Article is provided to the Department within two hours after a Department request; and",
            "evidence": "Plan of Correction Name, title and/or Position of the Person Responsible Date temporary correction was implemented Date permanent correction will be complete 2025-08-08 Temporary Solution Permanent Solution Monitoring",
            "findings": ""
        },
        {
            "rule": "K. An administrator shall: 7. If a resident's absence is unauthorized as determined according to the criteria in subsection (K)(6), within an hour after determining that the resident's absence is unauthorized, notify: a. For a resident who is under 18 years of age, the resident's parent or legal guardian; and",
            "evidence": "Plan of Correction Name, title and/or Position of the Person Responsible Date temporary correction was implemented Date permanent correction will be complete 2025-04-07 Temporary Solution Permanent Solution Monitoring",
            "findings": ""
        },
        {
            "rule": "An administrator shall ensure that: 2. Documentation of current contracted services is maintained that includes a description of the contracted services provided.",
            "evidence": "Plan of Correction Name, title and/or Position of the Person Responsible Date temporary correction was implemented Date permanent correction will be complete 2025-04-07 Temporary Solution Permanent Solution Monitoring",
            "findings": ""
        },
        {
            "rule": "B. An administrator shall ensure that: 2. A personnel member's skills and knowledge are verified and documented: a. Before the personnel member provides physical health services or behavioral health services, and",
            "evidence": "Plan of Correction Name, title and/or Position of the Person Responsible Date temporary correction was implemented Date permanent correction will be complete 2025-04-07 Temporary Solution Permanent Solution Monitoring",
            "findings": ""
        },
        {
            "rule": "B. An administrator shall ensure that: 3. Sufficient personnel members are present on a behavioral health residential facility's premises with the qualifications, experience, skills, and knowledge necessary to: c. Ensure the health and safety of a resident.",
            "evidence": "Plan of Correction Name, title and/or Position of the Person Responsible Date temporary correction was implemented Date permanent correction will be complete 2025-04-07 Temporary Solution Permanent Solution Monitoring",
            "findings": ""
        },
        {
            "rule": "F. An administrator shall ensure that a personnel member, or an employee, a volunteer, or a student who has or is expected to have more than eight hours of direct interaction per week with residents, provides",
            "evidence": "of freedom from infectious tuberculosis: 1. On or before the date the individual begins providing services at or on behalf of the behavioral health residential facility, and 2. As specified in R9-10-113. Evidence Plan of Correction Name, title and/or Position of the Person Responsible Date temporary correction was implemented Date permanent correction will be complete 2025-04-07 Temporary Solution Permanent Solution Monitoring",
            "findings": ""
        },
        {
            "rule": "G. An administrator shall ensure that a personnel record is maintained for each personnel member, employee, volunteer, or student that includes: 3. Documentation of: b. The individual's education and experience applicable to the individual's job duties;",
            "evidence": "Plan of Correction Name, title and/or Position of the Person Responsible Date temporary correction was implemented Date permanent correction will be complete 2025-04-07 Temporary Solution Permanent Solution Monitoring",
            "findings": ""
        },
        {
            "rule": "G. An administrator shall ensure that a personnel record is maintained for each personnel member, employee, volunteer, or student that includes: 3. Documentation of: e. The individual's compliance with requirements in A.R.S. \u00a7\u00a7 36-411, 36-411.01, and 36-425.03, as applicable;",
            "evidence": "Plan of Correction Name, title and/or Position of the Person Responsible Date temporary correction was implemented Date permanent correction will be complete 2025-08-08 Temporary Solution Permanent Solution Monitoring",
            "findings": ""
        },
        {
            "rule": "G. An administrator shall ensure that a personnel record is maintained for each personnel member, employee, volunteer, or student that includes: 3. Documentation of: h. Cardiopulmonary resuscitation training, if required for the individual according to R9-10- 703(C)(1)(e); i. First aid training, if required for the individual according to this Article or policies and procedures; and",
            "evidence": "Plan of Correction Name, title and/or Position of the Person Responsible Date temporary correction was implemented Date permanent correction will be complete 2025-04-07 Temporary Solution Permanent Solution Monitoring",
            "findings": ""
        },
        {
            "rule": "J. An administrator shall ensure that the following personnel members have first-aid and cardiopulmonary resuscitation training specific to the populations served by the behavioral health residential facility: 1. At least one personnel member who is present at the behavioral health residential facility during hours of operation of the behavioral health residential facility, and",
            "evidence": "Plan of Correction Name, title and/or Position of the Person Responsible Date temporary correction was implemented Date permanent correction will be complete Temporary Solution Permanent Solution Monitoring 2025-04-07",
            "findings": ""
        },
        {
            "rule": "A. An administrator shall ensure that: 13. Except as provided in subsection (E)(1)(d), a resident provides",
            "evidence": "of freedom from infectious tuberculosis: a. Before or within seven calendar days after the resident's admission, and b. As specified in R9-10-113. Evidence Plan of Correction Name, title and/or Position of the Person Responsible Date temporary correction was implemented Date permanent correction will be complete 2025-04-07 Temporary Solution Permanent Solution Monitoring",
            "findings": ""
        },
        {
            "rule": "A. An administrator shall ensure that a treatment plan is developed and implemented for each resident that: 5. If the treatment plan was completed by a behavioral health technician, is reviewed and signed by a behavioral health professional within 24 hours after the completion of the treatment plan to ensure that the treatment plan is complete and accurate and meets the resident's treatment needs; and",
            "evidence": "Plan of Correction Name, title and/or Position of the Person Responsible Temporary Solution Permanent Solution Date temporary correction was implemented Date permanent correction will be complete 2025-08-08 Monitoring",
            "findings": ""
        },
        {
            "rule": "G. An administrator shall ensure that a discharge summary for a resident: 2. Includes: a. The following information authenticated by a medical practitioner or a behavioral health professional: i. The resident's presenting issue and other physical health and behavioral health issues identified in the resident's treatment plan; ii. A summary of the treatment provided to the resident; iii. The resident's progress in meeting treatment goals, including treatment goals that were and were not achieved; and iv. The name, dosage, and frequency of each medication ordered for the resident by a medical practitioner at the behavioral health residential facility at the time of the resident's discharge;",
            "evidence": "Plan of Correction Name, title and/or Position of the Person Responsible Date temporary correction was implemented Date permanent correction will be complete 2025-04-07 Temporary Solution Permanent Solution Monitoring",
            "findings": ""
        },
        {
            "rule": "C. An administrator shall ensure that a resident's medical record contains: 9. Orders;",
            "evidence": "Plan of Correction Name, title and/or Position of the Person Responsible Date temporary correction was implemented Date permanent correction will be complete 2025-04-07 Temporary Solution Permanent Solution Monitoring",
            "findings": ""
        },
        {
            "rule": "C. An administrator shall ensure that a resident's medical record contains: 15. Documentation of behavioral health services and physical health services provided to the resident;",
            "evidence": "Plan of Correction Name, title and/or Position of the Person Responsible Date temporary correction was implemented Date permanent correction will be complete 2025-08-08 Temporary Solution Permanent Solution Monitoring",
            "findings": ""
        },
        {
            "rule": "A. An administrator shall ensure that: 2. If a behavioral health residential facility is licensed to provide behavioral health services to individuals whose behavioral health issue limits the individuals' ability to function independently, a resident admitted to the behavioral health residential facility with limited ability to function independently receives: b. Continuous protective oversight;",
            "evidence": "Plan of Correction Name, title and/or Position of the Person Responsible Date temporary correction was implemented Date permanent correction will be complete 2025-04-07 Temporary Solution Permanent Solution Monitoring",
            "findings": ""
        },
        {
            "rule": "C. If a behavioral health residential facility provides assistance in the self-administration of medication, an administrator shall ensure that: 4. Training for a personnel member, other than a medical practitioner or registered nurse, in assistance in the self-administration of medication: a. Is provided by a medical practitioner or registered nurse or an individual trained by a medical practitioner or registered nurse; and",
            "evidence": "Plan of Correction Name, title and/or Position of the Person Responsible Date temporary correction was implemented Temporary Solution Permanent Solution Monitoring Date permanent correction will be complete 2025-04-07",
            "findings": ""
        },
        {
            "rule": "C. If a behavioral health residential facility provides assistance in the self-administration of medication, an administrator shall ensure that: 6. Assistance in the self-administration of medication provided to a resident: a. Is in compliance with an order, and",
            "evidence": "Plan of Correction Name, title and/or Position of the Person Responsible Date temporary correction was implemented Date permanent correction will be complete 2025-04-07 Temporary Solution Permanent Solution Monitoring",
            "findings": ""
        },
        {
            "rule": "A. Except for an outdoor behavioral health care program provided by a behavioral health residential facility, an administrator shall ensure that: 1. The premises and equipment are: b. Cleaned and, if applicable, disinfected according to policies and procedures designed to prevent, minimize, and control illness or infection; and",
            "evidence": "Plan of Correction Name, title and/or Position of the Person Responsible Date temporary correction was implemented Date permanent correction will be complete 2025-04-07 Temporary Solution Permanent Solution Monitoring",
            "findings": ""
        },
        {
            "rule": "B. An administrator shall ensure that: 2. At least one bathroom is accessible from a common area that: c. Contains the following: iii. Toilet tissue for each toilet,",
            "evidence": "Plan of Correction Name, title and/or Position of the Person Responsible Date temporary correction was implemented Date permanent correction will be complete 2025-04-07 Temporary Solution Permanent Solution Monitoring",
            "findings": ""
        },
        {
            "rule": "B. An administrator shall ensure that: 2. At least one bathroom is accessible from a common area that: c. Contains the following: v. Paper towels in a dispenser or a mechanical air hand dryer,",
            "evidence": "Plan of Correction Name, title and/or Position of the Person Responsible Temporary Solution Permanent Solution Date temporary correction was implemented Date permanent correction will be complete 2025-04-07 Monitoring",
            "findings": ""
        }
    ]
}