{
    "legal_name": "ANGEL SAFE HAVEN LLC",
    "facility_status": "Active",
    "address": "2571 North 149th Avenue, Goodyear, AZ 85395",
    "license_status": "Active",
    "phone": "6232106382",
    "license_number": "BH6115",
    "max_licensed_capacity": "5",
    "license_effective_date": "5/11/2025",
    "chief_administrative_officer": "RICHARD HORNE",
    "license_expires_date": "5/10/2026",
    "owner_licensee": "ANGEL SAFE HAVEN LLC",
    "inspection_number": "INSP-0059127",
    "inspection_date": "9/26/2024",
    "inspection_type": "Complaint",
    "certificate_number": "Initial Comments",
    "deficiencies": [
        {
            "rule": "C. An administrator shall ensure that: 1. Policies and procedures are established, documented, and implemented to protect the health and safety of a resident that: e. Cover cardiopulmonary resuscitation training including: i. The method and content of cardiopulmonary resuscitation training, which includes a demonstration of the individual's ability to perform cardiopulmonary resuscitation; ii. The qualifications for an individual to provide cardiopulmonary resuscitation training; iii. The time-frame for renewal of cardiopulmonary resuscitation training; and iv. The documentation that verifies that the individual has received cardiopulmonary resuscitation training;",
            "evidence": "Based on documentation review, record review, and interview, the administrator failed to implement policies and procedures to protect the health and safety of a resident to cover cardiopulmonary resuscitation (CPR) training to include a demonstration of the individual's ability to perform cardiopulmonary resuscitation. The deficient practice posed a risk if E5 was unable to meet a resident's needs during an accident or emergency, and the facility's standards were not followed. Findings include: 1. A review of the facility's policies and procedures revealed a policy titled \"Staffing of Residential Facilities- Employees \" (dated August 1, 2022). The policy stated \"... J. The agency shall provide staff members who have current documentation of successful completion of First Aid and CPR training for adolescents that includes demonstration of the staff member's ability to perform CPR at the facility or on outings.\" 2. A review of the facility's policies and procedures revealed a policy titled \"Cardiopulmonary Resuscitation CPR\" (dated August 1, 2022). The policy stated \"... b. No online training will be acceptable. All CPR training must be completed in person.\" 3. A review of facility documentation revealed a daily staffing schedule for September 2024. The schedule revealed E5 was scheduled to work alone on the following dates and the following times: -September 16, 2024: 2:00PM to 11:00PM; -September 20, 2024: 2:00PM to 11:00PM; -September 21, 2024: 9:00AM to 9:00PM; -September 27, 2024: 2:00PM to 10:00PM; and -September 28, 2024: 9:00AM to 9:00PM. 4. A review of E5's (hired in 2024) personnel record revealed E5 was hired as a BHT. E5's personnel record revealed documentation of CPR training from \"NationalCPRFoundation\" issued January 12, 2024. The document stated \"Valid for 2 years.\" 5. A review of the \"NationalCPRFoundation\" website revealed courses were conducted online. The \"NationalCPRFoundation\" website stated the following: -\"Help Save Lives Today with Your Online CPR Certification Training!\" - \"All courses can be completed online in just a few hours or less. Once you have completed an examination via our quick and easy online system, you will receive a PDF copy of your certificate immediately via email as well as your card within 2-5 business days;\" and - \"Online training is a legal and acceptable form of training, however, NCPRF\\'ae does not offer in-person training. Your employer or licensing board may require in-person training for \"special industries\". You should consult with your employer if you have questions about whether our certification will be accepted. Therefore, we cannot guarantee that our certification will be accepted in every situation.\" 6. In an interview, E1 reported E1 did not observe E5's demonstration of hands- on [CPR] training. 7. In an interview, the findings were reviewed with E1 and no additional comments or statements were provided regarding the findings. Plan of Correction Name, title and/or Position of the Person Responsible Date temporary correction was implemented Date permanent correction will be complete Temporary Solution Permanent Solution Monitoring",
            "findings": ""
        },
        {
            "rule": "C. An administrator shall ensure that: 5. Unless otherwise stated: a. Documentation required by this Article is provided to the Department within two hours after a Department request; and",
            "evidence": "Based on record review and interview, the administrator failed to ensure documentation required by Article 7 was provided to the Department within two hours after a Department request. The deficient practice posed a risk as the Department was unable to determine compliance.",
            "findings": "1. The Compliance Officer requested, at 9:18AM and at 11:07AM, E4's documentation of baseline screening consisting of the individual's freedom from infectious TB, per R9-10-113(A) (2)(a)(iii) of two-step testing. However, documentation of E4's two-step testing was not provided for review within two hours after a Department request. 2. The Compliance Officer requested, at 9:18AM and at 11:10AM, E5's documentation of baseline screening consisting of the individual's freedom from infectious TB, per R9-10-113(A)(2)(a)(iii) of two-step testing. However, documentation of E5's two-step testing was not provided for review within two hours after a Department request. 3. In an interview, E1 reported E4 and E5 had documentation of baseline screening consisting of the individual's freedom from infectious TB, per R9-10-113(A)(2)(a)(iii) of two-step testing; however, this documentation was on E1's desk at E1's personal residence. 4. In an interview, the findings were reviewed with E1 and no additional comments or statements were provided regarding the findings. This Rule was cited during the compliance inspection conducted on June 5, 2024. A letter, dated June 12, 2024, stated \"Enclosed is a copy of the Statement of Deficiencies (SOD), which describes the violations the Department found at the facility. Because the case has been referred to the Enforcement Team, the Department is not requesting a WRITTEN Plan of Correction (POC) at this time. However, the Department requires that you make immediate corrections of violations that present a threat to the health or safety of a client, resident, patient or agency personnel and still requires that you make corrections to all violations noted in the SOD.\" Plan of Correction Name, title and/or Position of the Person Responsible Date temporary correction was implemented Date permanent correction will be complete Temporary Solution Permanent Solution Monitoring"
        },
        {
            "rule": "B. An administrator shall ensure that: 3. Sufficient personnel members are present on a behavioral health residential facility's premises with the qualifications, experience, skills, and knowledge necessary to: c. Ensure the health and safety of a resident.",
            "evidence": "Based on documentation review, record review, and interview, the administrator failed to ensure a personnel record was maintained for each personnel member, employee, volunteer, or student to include documentation of cardiopulmonary resuscitation (CPR) training, if required for the individual according to R9-10-703(C)(1)(e); and first aid training, if required for the individual according to this Article or policies and procedures. The deficient practice posed a risk if E2 and E5 were unable to ensure the health and safety of a resident.",
            "findings": "1. A review of the facility's policies and procedures revealed a policy titled \"Staffing of Residential Facilities- Employees \" (dated August 1, 2022). The policy stated \"... J. The agency shall provide staff members who have current documentation of successful completion of First Aid and CPR training for adolescents that includes demonstration of the staff member's ability to perform CPR at the facility or on outings.\" 2. A review of the facility's policies and procedures revealed a policy titled \"Cardiopulmonary Resuscitation CPR\" (dated August 1, 2022). The policy stated \"... b. No online training will be acceptable. All CPR training must be completed in person.\" 3. A review of facility documentation revealed a daily staffing schedule for September 2024. The schedule revealed E2 was scheduled to work alone on the following dates and the following times: - September 2, 2024: 6:00PM to 11:00PM; - September 3, 2024: 8:00AM to 2:00PM; - September 4, 2024: 12:00PM to 8:00PM; - September 5, 2024: 6:00PM to 8:00AM; - September 8, 2024: 5:00PM to 8:00AM; - September 9-10, 2024: :700PM to 11:00PM; - September 11, 2024: 8:00AM to 11:00PM; - September 14-15, 2024: 9:00AM to 9:00PM; - September 22, 2024: 9:00AM to 9:00AM; - September 23, 2024: 7:00PM to 11:00PM; - September 25-26, 2024: 7:00PM to 11:00PM; and -September 29, 2024: 9:00AM to 11:00PM. 4. A review of facility documentation revealed a daily staffing schedule for September 2024. The schedule revealed E5 was scheduled to work alone on the following dates and the following times: -September 16, 2024: 2:00PM to 11:00PM; -September 20, 2024: 2:00PM to 11:00PM; -September 21, 2024: 9:00AM to 9:00PM; -September 27, 2024: 2:00PM to 10:00PM; and -September 28, 2024: 9:00AM to 9:00PM. 5. A review of E2's (hired in 2018) personnel record revealed E2 was hired as a behavioral health technician (BHT). The personnel record revealed documentation of CPR training (issued November 8, 2022, expires November 8, 2024). However, documentation of first aid training was not available for review. 6. In an interview, E1 reported E2 completed first aid training, however, this documentation was not available for review. 7. A review of E5's (hired in 2024) personnel record revealed E5 was hired as a BHT. E5's personnel record revealed documentation of CPR training from \"NationalCPRFoundation\" issued January 12, 2024. The document stated \"Valid for 2 years.\" 8. A review of the \"NationalCPRFoundation\" website revealed courses were conducted online. The \"NationalCPRFoundation\" website stated the following: -\"Help Save Lives Today with Your Online CPR Certification Training!\" - \"All courses can be completed online in just a few hours or less. Once you have completed an examination via our quick and easy online system, you will receive a PDF copy of your certificate immediately via email as well as your card within 2-5 business days;\" and - \"Online training is a legal and acceptable form of training, however, NCPRF\\'ae does not offer in-person training. Your employer or licensing board may require in-person training for \"special industries\". You should consult with your employer if you have questions about whether our certification will be accepted. Therefore, we cannot guarantee that our certification will be accepted in every situation.\" 9. In an interview, E1 reported E1 did not observe E5's demonstration of hands- on [CPR] training. 10. In an interview, the findings were reviewed with E1 and no additional comments or statements were provided regarding the findings. This Rule was cited during the compliance inspection conducted on June 5, 2024. A letter, dated June 12, 2024, stated \"Enclosed is a copy of the Statement of Deficiencies (SOD), which describes the violations the Department found at the facility. Because the case has been referred to the Enforcement Team, the Department is not requesting a WRITTEN Plan of Correction (POC) at this time. However, the Department requires that you make immediate corrections of violations that present a threat to the health or safety of a client, resident, patient or agency personnel and still requires that you make corrections to all violations noted in the SOD.\" Plan of Correction Name, title and/or Position of the Person Responsible Date temporary correction was implemented Date permanent correction will be complete Temporary Solution Permanent Solution Monitoring"
        },
        {
            "rule": "G. An administrator shall ensure that a personnel record is maintained for each personnel member, employee, volunteer, or student that includes: 3. Documentation of: e. The individual's compliance with requirements in A.R.S. \u00a7\u00a7 36-411, 36-411.01, and 36-425.03, as applicable;",
            "evidence": "Based on record review and interview, the administrator failed to ensure a personnel record was maintained for each personnel member to include documentation of compliance with the requirements in Arizona Revised Statutes (A.R.S.) \\'a7\\'a7 36-425.03(E) (G), for one of five personnel records sampled. The deficient practice posed a risk if E5 was a danger to a vulnerable population. Findings include: A.R.S. \\'a7\\'a7 36-425.03(E) states \"Children's behavioral health program personnel shall certify on forms that are provided by the department and notarized that they are not awaiting trial on or have never been convicted of or admitted in open court or pursuant to a plea agreement to committing any of the offenses listed in section 41- 1758.03, subsection B or C in this state or similar offenses in another state or jurisdiction.\" A.R.S. \\'a7\\'a7 36-425.03(G) states \"Employers of children's behavioral health program personnel shall make documented, good faith efforts to contact previous employers of children's behavioral health program personnel to obtain information or recommendations that may be relevant to an individual's fitness for employment in a children's behavioral health program.\" 1. A review of E5's (hired in 2024) personnel record revealed E5 was hired as a behavioral health technician. E5's personnel record revealed a valid fingerprint clearance card. The personnel record revealed documentation of A.R.S. \\'a7\\'a7 36-425.03(E) (dated September 12, 2024). However, the document stated \" ... True False 1. I am not awaiting trial on or have never been convicted of or admitted in open court or pursuant to a plea agreement committing any of the offenses listed in A.R.S. \\'a7\\'a7 41- 1758.03(B), in this state or similar offenses in another state of jurisdiction\" with the \"False\" checked. 2. In an interview, E1 reported E5's form may have been filled out incorrectly. E1 reported E5 was not awaiting trial and has never been convicted of or admitted in open court or pursuant to a plea agreement committing any of the offenses listed in A.R.S. \\'a7\\'a7 41-1758.03(B), in this state or similar offenses in another state of jurisdiction. 3. A review of E5's personnel record revealed documentation of compliance with the requirements in A.R.S. \\'a7\\'a7 36-425.03(G) was not available for review. 4. In an interview, E1 reported E1 contacted E5's previous employers, however, this information was not documented. 5. In an interview, E1 acknowledged E5's personnel record was not maintained to include documentation of compliance with the requirements in A.R.S. \\'a7 36-425.03(E)(G). This Rule was cited during the compliance inspection conducted on June 5, 2024. A letter, dated June 12, 2024, stated \"Enclosed is a copy of the Statement of Deficiencies (SOD), which describes the violations the Department found at the facility. Because the case has been referred to the Enforcement Team, the Department is not requesting a WRITTEN Plan of Correction (POC) at this time. However, the Department requires that you make immediate corrections of violations that present a threat to the health or safety of a client, resident, patient or agency personnel and still requires that you make corrections to all violations noted in the SOD.\" Plan of Correction Name, title and/or Position of the Person Responsible Date temporary correction was implemented Date permanent correction will be complete Temporary Solution Permanent Solution Monitoring",
            "findings": ""
        },
        {
            "rule": "G. An administrator shall ensure that a personnel record is maintained for each personnel member, employee, volunteer, or student that includes: 3. Documentation of: h. Cardiopulmonary resuscitation training, if required for the individual according to R9-10- 703(C)(1)(e); i. First aid training, if required for the individual according to this Article or policies and procedures; and",
            "evidence": "Based on documentation review, record review, and interview, the administrator failed to ensure a personnel record was maintained for each personnel member, employee, volunteer, or student to include documentation of cardiopulmonary resuscitation (CPR) training, if required for the individual according to R9-10-703(C)(1)(e); and first aid training, if required for the individual according to this Article or policies and procedures. The deficient practice posed a risk if E2 and E5 were unable to meet a resident's needs during an accident or emergency.",
            "findings": "1. A review of the facility's policies and procedures revealed a policy titled \"Staffing of Residential Facilities- Employees \" (dated August 1, 2022). The policy stated \"... J. The agency shall provide staff members who have current documentation of successful completion of First Aid and CPR training for adolescents that includes demonstration of the staff member's ability to perform CPR at the facility or on outings. ... M. The agency shall provide one (1) staff member who has current documentation of successful completion of First Aid and CPR training for adolescents ...\" 2. A review of the facility's policies and procedures revealed a policy titled \"Cardiopulmonary Resuscitation CPR\" (dated August 1, 2022). The policy stated \"... b. No online training will be acceptable. All CPR training must be completed in person.\" 3. A review of facility documentation revealed a daily staffing schedule for September 2024. The schedule revealed E2 was scheduled to work alone on the following dates and the following times: -September 2, 2024: 6:00PM to 11:00PM; -September 3, 2024: 8:00AM to 2:00PM; -September 4, 2024: 12:00PM to 8:00PM; -September 5, 2024: 6:00PM to 8:00AM; -September 8, 2024: 5:00PM to 8:00AM; -September 9-10, 2024: :700PM to 11:00PM; -September 11, 2024: 8:00AM to 11:00PM; -September 14-15, 2024: 9:00AM to 9:00PM; -September 22, 2024: 9:00AM to 9:00AM; -September 23, 2024: 7:00PM to 11:00PM; -September 25-26, 2024: 7:00PM to 11:00PM; and -September 29, 2024: 9:00AM to 11:00PM. 4. A review of facility documentation revealed a daily staffing schedule for September 2024. The schedule revealed E5 was scheduled to work alone on the following dates and the following times: - September 16, 2024: 2:00PM to 11:00PM; - September 20, 2024: 2:00PM to 11:00PM; - September 21, 2024: 9:00AM to 9:00PM; - September 27, 2024: 2:00PM to 10:00PM; and -September 28, 2024: 9:00AM to 9:00PM. 5. A review of E2's (hired in 2018) personnel record revealed E2 was hired as a behavioral health technician (BHT). The personnel record revealed documentation of CPR training (issued November 8, 2022, expires November 8, 2024). However, documentation of first aid training was not available for review. 6. In an interview, E1 reported E2 completed first aid training. E1 reported E2's aforementioned documentation of CPR training was the only documentation provided by the training agency. 7. A review of E5's (hired in 2024) personnel record revealed E5 was hired as a BHT. E5's personnel record revealed documentation of CPR training from \"NationalCPRFoundation\" issued January 12, 2024. The document stated \"Valid for 2 years.\" 8. A review of the \"NationalCPRFoundation\" website revealed courses were conducted online. The \"NationalCPRFoundation\" website stated the following: -\"Help Save Lives Today with Your Online CPR Certification Training!\" - \"All courses can be completed online in just a few hours or less. Once you have completed an examination via our quick and easy online system, you will receive a PDF copy of your certificate immediately via email as well as your card within 2-5 business days;\" and - \"Online training is a legal and acceptable form of training, however, NCPRF\\'ae does not offer in-person training. Your employer or licensing board may require in-person training for \"special industries\". You should consult with your employer if you have questions about whether our certification will be accepted. Therefore, we cannot guarantee that our certification will be accepted in every situation.\" 9. In an interview, E1 reported E1 did not observe E5's demonstration of hands- on [CPR] training. 10. In an interview, E1 acknowledged a personnel record was not maintained to include documentation of CPR training according to R9-10-703(C)(1)(e) for E5; and and first aid training for E2. This Rule was cited during the compliance inspection conducted on June 5, 2024. A letter, dated June 12, 2024, stated \"Enclosed is a copy of the Statement of Deficiencies (SOD), which describes the violations the Department found at the facility. Because the case has been referred to the Enforcement Team, the Department is not requesting a WRITTEN Plan of Correction (POC) at this time. However, the Department requires that you make immediate corrections of violations that present a threat to the health or safety of a client, resident, patient or agency personnel and still requires that you make corrections to all violations noted in the SOD.\" Plan of Correction Name, title and/or Position of the Person Responsible Date temporary correction was implemented Date permanent correction will be complete Temporary Solution Permanent Solution Monitoring"
        },
        {
            "rule": "G. An administrator shall ensure that a personnel record is maintained for each personnel member, employee, volunteer, or student that includes: 3. Documentation of: j.",
            "evidence": "of freedom from infectious tuberculosis, if required for the individual according to subsection (F). Evidence Based on documentation review, record review, and interview, the administrator failed to ensure a personnel record was maintained for each personnel member to include documentation of evidence of freedom from infectious tuberculosis (TB), if required for the individual according to subsection (F); for two of five personnel members sampled. The deficient practice posed a potential TB exposure risk to residents.",
            "findings": "R9-10-706(F) An administrator shall ensure that a personnel member, or an employee, a volunteer, or a student who has or is expected to have more than eight hours of direct interaction per week with residents, provides evidence of freedom from infectious tuberculosis: 1. On or before the date the individual begins providing services at or on behalf of the behavioral health residential facility, and 2. As specified in R9-10-113. R9- 10-113(A)(2) If a health care institution is subject to the requirements of this Section, as specified in an Article in this Chapter, the health care institution's chief administrative officer shall ensure that the health care institution establishes, documents, and implements tuberculosis infection control activities that: 2. Include: a. For each individual who is employed by the health care institution, provides volunteer services for the health care institution, or is admitted to the health care institution and who is subject to the requirements of this Section, baseline screening, on or before the date specified in the applicable Article of this Chapter, that consists of: iii. Obtaining documentation of the individual's freedom from infectious tuberculosis according to subsection (B)(1). R9- 10-113(B)(1)(a)(i) A health care institution's chief administrative officer shall: 1. For an individual for whom baseline screening and documentation of freedom from infectious tuberculosis is required by an Article in this Chapter, as specific in subsection (A)(2)(a), obtain one of the following as evidence of freedom from infectious tuberculosis: a. Documentation of a negative Mantoux skin test or other tuberculosis screening test that: i. Is recommended by the U.S. Centers for Disease Control and Prevention (CDC). 1. A review of the CDC website revealed a web page titled \" Baseline Tuberculosis Screening and Testing for Health Care Personnel \" stated \" If the Mantoux tuberculin skin test (TST) is used for baseline testing of health care personnel, use two-step testing.\" 2. A review of E4's (hired in 2024) personnel record revealed E4 was hired as a behavioral health technician (BHT). E4's personnel record revealed documentation of the individual's freedom from infectious TB (dated September 11, 2024). However, documentation of baseline screening consisting of the individual's freedom from infectious TB, per R9-10-113(A) (2)(a)(iii) of two-step testing, was not available for review. 3. A review of E5's (hired in 2024) personnel record revealed E4 was hired as a behavioral health technician (BHT). E4's personnel record revealed documentation of the individual's freedom from infectious TB (dated September 11, 2024). However, documentation of baseline screening consisting of the individual's freedom from infectious TB, per R9-10-113(A)(2)(a)(iii) of two-step testing, was not available for review. 4. In an interview, E1 reported E4 and E5 had documentation of baseline screening consisting of the individual's freedom from infectious TB, per R9-10-113(A)(2)(a)(iii) of two-step testing; however, this documentation was on E1's desk at E1's personal residence. 5. In an interview, E1 acknowledged E4's and E5's documentation of freedom from infectious TB as specified in R9-10-113 was not available for review. Plan of Correction Name, title and/or Position of the Person Responsible Date temporary correction was implemented Date permanent correction will be complete Temporary Solution Permanent Solution Monitoring"
        },
        {
            "rule": "C. An administrator shall ensure that a resident's medical record contains: 9. Orders;",
            "evidence": "Based on record review, observation, and interview, the administrator failed to ensure a resident's medical record contained orders, for one of three current residents sampled. The deficient practice posed a risk if the resident experienced a change in condition due to improper assistance in the self-administration of medication.",
            "findings": "1. A review of R1's (admitted in 2024) medical record revealed a treatment plan (dated in 2024). The treatment plan revealed R1 received assistance in the self-administration of medication. 2. A review of R1's medical record revealed a medication administration record (MAR) for September 2024. The MAR documented R1 received assistance in the self- administration of medication of \"Hydroxyzine 25mg\" on September 1-25, 2024. However, a signed medication order for the aforementioned medication was not available for review. 3. A review of R1's medical record revealed a document titled \"Current Medication List\" (date unavailable). The document stated \" ... Hydroxyzine TABLET - hydrochloride 25mg Take 1 tablet by mouth at bedtime ...\" and \"Printed 08/13/2024 ... Page 1 of 1.\" However, the document was not signed by a medical practitioner. 4. The Compliance Officer observed medication bottle labeled for R1. The label stated \"Hydroxyzine HCl 25 mg tablet ... Take 1 tablet by mouth at bedtime for insomnia.\" However, a signed medication order for Hydroxyzine HCl 25 mg tablet at bedtime was not available for review. 5. In an interview, E1 reported a signed medication order for R1's Hydroxyzine was not available for review. 6. In an interview, E1 acknowledged R1's medical record did not contain a signed medication order for Hydroxyzine. This Rule was cited during the compliance inspection conducted on June 5, 2024. A letter, dated June 12, 2024, stated \"Enclosed is a copy of the Statement of Deficiencies (SOD), which describes the violations the Department found at the facility. Because the case has been referred to the Enforcement Team, the Department is not requesting a WRITTEN Plan of Correction (POC) at this time. However, the Department requires that you make immediate corrections of violations that present a threat to the health or safety of a client, resident, patient or agency personnel and still requires that you make corrections to all violations noted in the SOD.\" Plan of Correction Name, title and/or Position of the Person Responsible Date temporary correction was implemented Date permanent correction will be complete Temporary Solution Permanent Solution Monitoring"
        },
        {
            "rule": "A. An administrator shall ensure that: 7. A resident does not: a. Use or have access to any",
            "evidence": "Based on documentation review, record review, and interview, the administrator failed materials, furnishings, or equipment or participate in any activity or treatment that may present a threat to the resident's health or safety based on the resident's documented diagnosis, treatment needs, developmental levels, social skills, verbal skills, or personal history; or to ensure a resident did not have access to any materials to present a threat to the resident's health or safety based on the resident's documented personal history. The deficient practice posed a risk as a resident had access to marijuana while admitted into a behavioral health residential facility in contradiction with their behavioral health issues.",
            "findings": "1. A review of Department documentation revealed BH6115 was licensed as a behavioral health residential facility for individuals under 18 years of age (children). 2. A review of facility documentation revealed an incident report (dated September 16, 2024). The incident report stated \"... While ... @ park member used a friends vape pen to smoke marijuana. Member was on the basketball court playing with school mates who offered [R3] & another client the vape pen- ... member was tested the next day which indicated positive for THC.\" 3. A review of facility documentation revealed an incident report (dated September 22, 2024). The incident report stated \"... Resident #1 came and advised me that [R3] was smoking a vape pen in the room they share. Resident #1 advised me that [R3] still had it and it was hidden in the room. Upon room search I located a weed vape ... When confronted [R3] claimed I planted it there or Resident #1 did. Vape is the same brand of previous on confiscated from [R3] 2 weeks ago.\" 4. A review of R3's medical record revealed a behavioral health assessment (dated in 2024). The assessment stated \" ... Started smoking weed at an early age instead of wanting to take medication. Drug of choice: weed.\" 5. In an interview, E1 reported R3 must have accessed the marijuana from school. E1 reported searches are conducted using a metal wand, however, residents become creative to avoid detection. 6. In an interview, E1 acknowledged R3 had access to materials to present a threat to the resident's health or safety based on the resident's documented personal history. Plan of Correction Name, title and/or Position of the Person Responsible Date temporary correction was implemented Date permanent correction will be complete Temporary Solution Permanent Solution Monitoring"
        },
        {
            "rule": "C. If a behavioral health residential facility provides assistance in the self-administration of medication, an administrator shall ensure that: 6. Assistance in the self-administration of medication provided to a resident: a. Is in compliance with an order, and",
            "evidence": "Based on record review, observation, and interview, the administrator failed to ensure assistance in the self-administration of medication provided to a resident was in compliance with an order, for one of three current residents sampled. The deficient practice posed a risk if the resident experienced a change in condition due to improper assistance in the self-administration of medication.",
            "findings": "1. A review of R1's (admitted in 2024) medical record revealed a treatment plan (dated in 2024). The treatment plan revealed R1 received assistance in the self-administration of medication. 2. A review of R1's medical record revealed a medication administration record (MAR) for September 2024. The MAR documented R1 received assistance in the self- administration of medication of \"Hydroxyzine 25mg\" on September 1-25, 2024. However, a signed medication order for the aforementioned medication was not available for review. 3. A review of R1's medical record revealed a document titled \"Current Medication List\" (date unavailable). The document stated \" ... Hydroxyzine TABLET - hydrochloride 25mg Take 1 tablet by mouth at bedtime ...\" and \"Printed 08/13/2024 ... Page 1 of 1.\" However, the document was not signed by a medical practitioner. 4. The Compliance Officer observed medication bottle labeled for R1. The label stated \"Hydroxyzine HCl 25 mg tablet ... Take 1 tablet by mouth at bedtime for insomnia.\" However, a signed medication order for Hydroxyzine HCl 25 mg tablet at bedtime was not available for review. 5. In an interview, E1 reported R1's medication orders were sent straight to the pharmacy. E1 reported a signed medication order for R1's Hydroxyzine was not available for review. 6. In an interview, E1 acknowledged assistance in the self- administration of medication provided to R1 was not in compliance with an order. This Rule was cited during the compliance inspection conducted on June 5, 2024. A letter, dated June 12, 2024, stated \"Enclosed is a copy of the Statement of Deficiencies (SOD), which describes the violations the Department found at the facility. Because the case has been referred to the Enforcement Team, the Department is not requesting a WRITTEN Plan of Correction (POC) at this time. However, the Department requires that you make immediate corrections of violations that present a threat to the health or safety of a client, resident, patient or agency personnel and still requires that you make corrections to all violations noted in the SOD.\" Plan of Correction Name, title and/or Position of the Person Responsible Date temporary correction was implemented Date permanent correction will be complete Temporary Solution Permanent Solution Monitoring"
        },
        {
            "rule": "A. Except for an outdoor behavioral health care program provided by a behavioral health residential facility, an administrator shall ensure that: 1. The premises and equipment are: a. Maintained in a condition that allows the premises and equipment to be used for the original purpose of the premises and equipment; b. Cleaned and, if applicable, disinfected according to policies and procedures designed to prevent, minimize, and control illness or infection; and c. Free from a condition or situation that may cause a resident or other individual to suffer physical injury;",
            "evidence": "Based on observation, record review, and interview, the administrator failed to ensure the premises was maintained in a condition that allowed the premises to be used for the original purpose and free from a condition or situation that may cause a resident or other individual to suffer physical injury. Findings include: 1. The Compliance Officer observed the doorknob for R1's bedroom door was missing. 2. The Compliance Officer observed a closet in R1's bedroom. The Compliance Officer observed a metal support bracket in the middle of the closet. However, the support bracket did not give way when the Compliance Officer applied downward pressure. 3. In an interview, E1 reported the doorknob was removed because R1 will lock the door and try to cause self-harm. 4. The Compliance Officer observed a closet in R2's bedroom. The Compliance Officer observed a metal support bracket in the middle of the closet. However, the support bracket did not give way when the Compliance Officer applied downward pressure. 5. A review of R1's (admitted in 2024) medical record revealed a document titled \"Client Intake Assessment Packet\" (date unavailable). The document stated \" ... Current Behavior Concerns: (circle all that apply) Self- Harm\" with \"Self-Harm\" circled. 6. A review of R1's medical record revealed a nursing assessment titled \"Initial Health Screen\" (dated in 2024). The document stated \" ... Tiny scars from self hurt.\" 7. A review of R2's (admitted in 2024) medical record revealed an untitled document (dated in 2024). The document stated \" ... [R2] was referred to ... for suicidal ideation, self-harm, and aggression. ... [Parent] shared that information on referral stating that member was hospitalized for suicidal ideation and self-harming behaviors ...\" 8. In an interview, the findings were reviewed with E1 and no additional comments or statements were provided regarding the findings. Plan of Correction Name, title and/or Position of the Person Responsible Date temporary correction was implemented Date permanent correction will be complete Temporary Solution Permanent Solution Monitoring",
            "findings": ""
        }
    ]
}