{
    "legal_name": "ANGEL SAFE HAVEN LLC",
    "facility_status": "Active",
    "address": "2571 North 149th Avenue, Goodyear, AZ 85395",
    "license_status": "Active",
    "phone": "6232106382",
    "license_number": "BH6115",
    "max_licensed_capacity": "5",
    "license_effective_date": "5/11/2025",
    "chief_administrative_officer": "RICHARD HORNE",
    "license_expires_date": "5/10/2026",
    "owner_licensee": "ANGEL SAFE HAVEN LLC",
    "inspection_number": "INSP-0059121",
    "inspection_date": "11/10/2022",
    "inspection_type": "Complaint",
    "certificate_number": "Initial Comments",
    "deficiencies": [
        {
            "rule": "I. If an administrator has a reasonable basis, according to A.R.S. \u00a7 13-3620 or 46-454, to believe abuse, neglect, or exploitation has occurred on the premises or while a resident is receiving services from a behavioral health residential facility's employee or personnel member, the administrator shall: 1. If applicable, take immediate action to stop the suspected abuse, neglect, or exploitation; 2. Report the suspected abuse, neglect, or exploitation of the resident: a. For a resident 18 years of age or older, according to A.R.S. \u00a7 46-454; or b. For a resident under 18 years of age, according to A.R.S. \u00a7 13-3620; 3. Document: a. The suspected abuse, neglect, or exploitation; b. Any action taken according to subsection (I)(1); and c. The report in subsection (I)(2); 4. Maintain the documentation in subsection (I)(3) for at least 12 months after the date of the report in subsection (I)(2); 5. Initiate an investigation of the suspected abuse, neglect, or exploitation and document the following information within five working days after the report required in (I)(2): a. The dates, times, and description of the suspected abuse, neglect, or exploitation; b. A description of any injury to the resident related to the suspected abuse or neglect and any change to the resident ' s physical, cognitive, functional, or emotional condition; c. The names of witnesses to the suspected abuse, neglect, or exploitation; and d. The actions taken by the administrator to prevent the suspected abuse, neglect, or exploitation from occurring in the future; and 6. Maintain a copy of the documented information required in subsection (I)(5) and any other information obtained during",
            "evidence": "Based on record review, documentation review, and interview, the manager failed to ensure, if a manager had a reasonable basis, according to A.R.S. \\'a7 13-3620 or 46-454, to believe abuse had occurred on the premises or while a resident was receiving services from a behavioral health residential facility's employee or personnel member, the administrator complied with all the requirements of this rule. The deficient practice posed a health and safety risk to residents if an investigation was not completed and documented, as required. A.R.S. \\'a7 13- 3620(A) Any person who reasonably believes that a minor is or has been the victim of physical injury, abuse, child abuse, a reportable offense or neglect that appears to have been inflicted on the minor by other than accidental means or that is not explained by the available medical history as being accidental in nature or who reasonably believes there has been a denial or deprivation of necessary medical treatment or surgical care or nourishment with the intent to cause or allow the death of an infant who is protected under section 36-2281 shall immediately report or cause reports to be made of this information to a peace officer, to the department of child safety or to a tribal law enforcement or social services agency for any Indian minor who resides on an Indian reservation, except if the report concerns a person who does not have care, custody or control of the minor, the report shall be made to a peace officer only...",
            "findings": "1. In documentation review, the Department received notification of an allegation of suspected abuse by R1 towards R2. 2. In the investigation for at least 12 months after the date the investigation was initiated. documentation review, the facility had a documented \"Incident Report for Children in Custody of (Facility) or Department of Child Safety (DCS).\" The report documented on October 23, 2022, \"... resident touched roommate butt and admitted to it and said... will do it again...\" A second incident report dated October 23, 2022, documented \"after earlier issues resident went AWOL. Goodyear PD and management notified...\" 3. In an interview, E1 reported R2 informed E4 that R1 poked (R2's) \"butt\". E4 reported the incident to E1. The residents were separated, and R1 was upset at R2 for \"narcing (R1) out...\" R1 eloped from the facility. The police were contacted, picked up R1 (had to \"tackle\" the resident) and contacted emergency services who transported R1 to Phoenix Children's Hospital. 4. In an interview with E1 and E2, the surveyor requested to review the facility's documentation of the investigation of the suspected abuse; including the dates, times, and description of the suspected abuse, neglect, or exploitation; a description of any injury to the resident related to the suspected abuse and any change to the resident's physical, cognitive, functional, or emotional condition; the names of witnesses to the suspected abuse; and the actions taken by the manager to prevent the suspected abuse from occurring in the future. E1 reported an incident report had been completed by E4; however, acknowledged an investigation of the suspected abuse had not been documented per the rule requirements. Plan of Correction Name, title and/or Position of the Person Responsible Date temporary correction was implemented Date permanent correction will be complete 2022-12-19 Temporary Solution Permanent Solution Monitoring"
        },
        {
            "rule": "G. An administrator shall ensure that a personnel record is maintained for each personnel member, employee, volunteer, or student that includes: 3. Documentation of: g. If the individual is a behavioral health technician, clinical oversight required in R9-10-115;",
            "evidence": "Based on record review, and interview, for three of three behavioral health technicians (BHT) reviewed, the administrator failed to ensure a personnel record was maintained for each BHT that included documentation of clinical oversight required in R9-10-115. The deficient practice posed a risk to the health and safety of residents if clinical oversight was not provided to non licensed staff providing services, to ensure a resident's needs were being met.",
            "findings": "\"Clinical oversight\" means: a. Monitoring the behavioral health services provided by a behavioral health technician to ensure that the behavioral health technician is providing the behavioral health services according to the health care institution's policies and procedures and, if applicable, a patient's treatment plan; b. Providing on-going review of a behavioral health technician's skills and knowledge related to the provision of behavioral health services; c. Providing guidance to improve a behavioral health technician's skills and knowledge related to the provision of behavioral health services; and d. Recommending training for a behavioral health technician to improve the behavioral health technician's skills and knowledge related to the provision of behavioral health services. R9-10- 115.4. A behavioral health technician receives clinical oversight at least once during each two week period, if the behavioral health technician provides services related to patient care at the health care institution during the two week period. Findings Include: 1. In record review, the personnel records for E1, E4, and E5, who were BHTs, included documentation of \"Staff Training,\" dated September 5, 2022, and October 3, 2022, and \"Clinical Oversight,\" on August 8, 2022, provided by E3. Based upon documentation of services provided, the employees were required to receive clinical oversight by a Behavioral Health Professional. 2. In record review, the medical record for R1 included documentation E1 completed and signed the BH assessment and treatment plans for R1, and E4 and E5 provided group counseling sessions for R1. 3. In an interview with E1 and E2, E1 reported E1 completed the BH assessments and treatment plan for the residents, and the BHT's conducted weekly counseling sessions with the residents. E1 reported clinical oversight was provided once a month, and acknowledged the requirement for clinical oversight wasn't met. Plan of Correction Name, title and/or Position of the Person Responsible Date temporary correction was implemented Date permanent correction will be complete 2022-12-19 Temporary Solution Permanent Solution Monitoring"
        },
        {
            "rule": "A. An administrator shall ensure that a treatment plan is developed and implemented for each resident that: 4. Includes: a. The resident's presenting issue;",
            "evidence": "Based on record review and interview, for one resident reviewed, the administrator failed to ensure a treatment plan was developed which included the resident's presenting issue.",
            "findings": "1. In record review, R1's medical record included a behavioral health assessment dated January 13, 2022. The behavioral health assessment included a section titled Diagnoses, and included AXIS codes only. R1's record included a treatment plan dated May 31, 2022, and October 17, 2022. Neither treatment plan included the resident's presenting issues. 2. In an interview, E1 and E2 reported R1's presenting issues as defiant behavior, history of danger to self, cruelty to animals. E1 and E2 acknowledged the treatment plan did not include R1's presenting issues. Plan of Correction Name, title and/or Position of the Person Responsible Date temporary correction was implemented Date permanent correction will be complete 2022-12-19 Temporary Solution Permanent Solution Monitoring"
        },
        {
            "rule": "A. An administrator shall ensure that a treatment plan is developed and implemented for each resident that: 5. If the treatment plan was completed by a behavioral health technician, is reviewed and signed by a behavioral health professional within 24 hours after the completion of the treatment plan to ensure that the treatment plan is complete and accurate and meets the resident's treatment needs; and",
            "evidence": "Based on interview, record review, and documentation review, for one resident reviewed, the administrator failed to ensure a treatment plan developed by a behavioral health technician (BHT) was reviewed and signed by a behavioral health professional (BHP). The deficient practice posed a risk if the facility did not have a qualified behavioral health professional acknowledge and sign a resident's treatment plan.",
            "findings": "1. In record review, R1's medical record included a treatment plan dated May 31, 2022. The treatment plan was developed and signed by E1; however, was not signed by a BHP. 2. In an interview, E1 acknowledged a BHP did not sign R1's treatment plan. Plan of Correction Name, title and/or Position of the Person Responsible Date temporary correction was implemented Date permanent correction will be complete 2022-12-19 Temporary Solution Permanent Solution Monitoring"
        },
        {
            "rule": "B. An administrator shall ensure that: 1. A request for participation in developing a resident's treatment plan is made to the resident or the resident's representative, 2. An opportunity for participation in developing the resident's treatment plan is provided to the resident or the resident's representative, and 3. The request in subsection (B)(1) and the opportunity in subsection (B)(2) are documented in the resident's medical record.",
            "evidence": "Based on record review, and interview, for one resident reviewed, the administrator failed to ensure a request for participation in developing a resident's treatment plan and an opportunity for participation in developing a resident's treatment plan was provided to a resident's representative. The deficient practice posed a risk to a minor resident if a resident's representative/guardian was not provided a request and an opportunity to participate in a minor child's treatment planning.",
            "findings": "1. In record review, R1's medical record included treatment plans dated May 31, 2022, and October 17. 2022. Neither treatment plan included documentation R1's representative/guardian was provided a request and an opportunity to participate in developing a treatment plan for R1. 2. In an interview, the findings were reviewed with E1 and E2, who acknowledged R1 was a minor with a representative/guardian, and R1's medical record did not include documentation the representative/guardian was provided a request or an opportunity to participate in R1's treatment planning. Plan of Correction Name, title and/or Position of the Person Responsible Date temporary correction was implemented Date permanent correction will be complete 2022-12-19 Temporary Solution Permanent Solution Monitoring"
        },
        {
            "rule": "B. An administrator shall ensure that counseling is: 2. Provided according to the frequency and number of hours identified in the resident's treatment plan, and",
            "evidence": "Based on record review and interview, for one resident reviewed, the administrator failed to ensure counseling was provided according to the frequency identified in the resident's treatment plan. The deficient practice posed a risk if a resident did not receive treatment to cure, improve, or palliate their behavioral health issue at the health care institution.",
            "findings": "1. In record review, R1's medical record included a treatment plan dated May 31, 2022, and October 17, 2022. R1's treatment plans documented the following: - \"Participate in 1 on 1's, group therapy, and weekly appointments with trauma therapist 5/7 days\" - \"Participate in therapy, groups, and meetings 5/7 days\" - \"Schedule and log in for 1 on 1 counseling and conduct group therapy... discuss issues and concerns in therapy, share, communicate, learn through counseling, groups, staff and coping skills 1 hour weekly, 1 hour group weekly\" 2. In record review, R1's medical record included documentation of \"group notes\" sessions for the following dates: - June 9, 2022 for 40 minutes - September 22 for 45 minutes - October 8 for 35 minutes - October 8 for 30 minutes - October 27 for 1 hour - October 30, 2022 for 1.5 hours - November 2, 2022 for 45 minutes 3. In record review, R1's medical record included documentation of a \"Therapy Log,\" form which included documentation R1 received therapy from O1 approximately twice monthly until September 28, 2022, and no documentation of therapy since. 4. In an interview, the findings were reviewed with E1 and E2. E1 reported the residents received group counseling once weekly from a BHT, one to one counseling daily from BHT's, and R1 received off site therapy services (until the therapy agency closed). The facility was working on obtaining a new therapist for R1. E1 and E2 acknowledged counseling services were not provided and documented according to the frequency identified in the resident's treatment plan. Plan of Correction Name, title and/or Position of the Person Responsible Date temporary correction was implemented Date permanent correction will be complete 2022-12-19 Temporary Solution Permanent Solution Monitoring"
        },
        {
            "rule": "C. An administrator shall ensure that: 2. Each counseling session is documented in a resident's medical record to include: d. The treatment goals addressed in the counseling session; and",
            "evidence": "Based on record review and interview, for one resident reviewed, the administrator failed to ensure counseling sessions were documented in a resident's medical record to include the treatment goals addressed in the counseling session.",
            "findings": "1. In record review, R1's medical record included a treatment plan dated May 31, 2022 and October 17, 2022. R1's treatment plans documented treatment goals as \"will learn and implement coping skills that result in the reduction of physical aggression, anxiety and the need to lash out physically... will follow all medication directies... will bathe daily... brush teeth, wash face... will assist in setting up therapeutic goals and using them daily... will request assistance from ... team .... whenever... feels... needs help... will learn to communicate honestly with ... team, staff and mother...\" - \"Participate in 1 on 1's, group therapy, and weekly appointments with trauma therapist 5/7 days\" - \"Participate in therapy, groups, and meetings 5/7 days\" - \"Schedule and log in for 1 on 1 counseling and conduct group therapy... discuss issues and concerns in therapy, share, communicate, learn through counseling, groups, staff and coping skills 1 hour weekly, 1 hour group weekly\" 2. In record review, R1's medical record included documentation of \"group notes\" sessions for the following dates: - June 9, 2022 for 40 minutes - September 22 for 45 minutes - October 8 for 35 minutes - October 8 for 30 minutes - October 27 for 1 hour - October 30, 2022 for 1.5 hours - November 2, 2022 for 45 minutes 3. In an interview, the findings were reviewed with E1 and E2. E1 reported the residents received group counseling on site once weekly from a BHT. E1 and E2 acknowledged the counseling sessions documented in the resident's record did not include documentation of the treatment goals addressed. Plan of Correction Name, title and/or Position of the Person Responsible Date temporary correction was implemented Date permanent correction will be complete 2022-12-19 Temporary Solution Permanent Solution Monitoring"
        }
    ]
}