{
    "legal_name": "ANGEL SAFE HAVEN LLC",
    "facility_status": "Active",
    "address": "2571 North 149th Avenue, Goodyear, AZ 85395",
    "license_status": "Active",
    "phone": "6232106382",
    "license_number": "BH6115",
    "max_licensed_capacity": "5",
    "license_effective_date": "5/11/2025",
    "chief_administrative_officer": "RICHARD HORNE",
    "license_expires_date": "5/10/2026",
    "owner_licensee": "ANGEL SAFE HAVEN LLC",
    "inspection_number": "INSP-0059123",
    "inspection_date": "6/19/2023",
    "inspection_type": "Compliance (Annual)",
    "certificate_number": "Initial Comments",
    "deficiencies": [
        {
            "rule": "A.R.S.\u00a7 36-411. Residential care institutions; nursing care institutions; home health agencies; fingerprinting requirements; exemptions; definitions A. Except as provided in subsection F of this section, as a condition of licensure or continued licensure of a residential care institution, a nursing care institution or a home health agency and as a condition of employment in a residential care institution, a nursing care institution or a home health agency, employees and owners of residential care institutions, nursing care institutions or home health agencies, contracted persons of residential care institutions, nursing care institutions or home health agencies or volunteers of residential care institutions, nursing care institutions or home health agencies who provide medical services, nursing services, behavioral health services, health-related services, home health services or direct supportive services and who have not been subject to the fingerprinting requirements of a health professional's regulatory board pursuant to title 32 shall have valid fingerprint clearance cards that are issued pursuant to title 41, chapter 12, article 3.1 or shall apply for a fingerprint clearance card within twenty working days of employment or beginning volunteer work or contracted work.",
            "evidence": "Based on record review, documentation review and interview, the residential care institution failed to ensure compliance with A.R.S. \\'a7 36- 411(A), for one of six personnel members sampled. The deficient practice posed a risk if E6 was a danger to a vulnerable population.",
            "findings": "1. A review of E6's (hired in 2019) personnel record revealed a fingerprint clearance card, issued on July 26, 2016 and expired on July 26, 2022. However, documentation of a valid fingerprint clearance card was not available for review. 2. A review of the Arizona Department of Public Safety (DPS) fingerprint verification website revealed E6's card was issued on July 26, 2016 and expired on July 26, 2022. 3. A review of the Arizona Department of Public Safety (DPS) fingerprint verification website revealed E6 applied for a new fingerprint clearance card on April 22, 2022. However, the status was \"closed.\" 4. In an interview, E1 acknowledged E6's fingerprint clearance card had expired. E1 reported to be unaware E6 needed a new fingerprint clearance card since E6 lived in another state and did not come to the facility to provide services. Plan of Correction Name, title and/or Position of the Person Responsible Date temporary correction was implemented Date permanent correction will be complete 2023-08-28 Temporary Solution Permanent Solution Monitoring"
        },
        {
            "rule": "36-420.01. Health care institutions; fall prevention and fall recovery; training programs; definition A. Each health care institution shall develop and administer a training program for all staff regarding fall prevention and fall recovery. The training program shall include initial training and continued competency training in fall prevention and fall recovery. A health care institution may use information and training materials from the department's Arizona falls prevention coalition in developing the training program.",
            "evidence": "Based on documentation review, record review and interview, the health care institution failed to develop and administer a training program for all staff regarding fall prevention and fall recovery.",
            "findings": "1. A review of facility documentation revealed a training program for fall prevention and fall recovery was not available for review. 2. A review of E1's, E2's, E3's, E5's and E6's personnel records revealed initial training and continued competency training in fall prevention and fall recovery was not available for review. 3. In an interview, E1 acknowledged a training program for fall prevention and fall recovery training was not available for review. E2 reported to be unaware of the requirement. Plan of Correction Name, title and/or Position of the Person Responsible Date temporary correction was implemented Date permanent correction will be complete 2023-08-10 Temporary Solution Permanent Solution Monitoring"
        },
        {
            "rule": "A. A governing authority shall: 7. Except as provided in subsection (A)(6), notify the Department according to A.R.S. \u00a7 36-425(I) when there is a change in the administrator and identify the name and qualifications of the new administrator.",
            "evidence": "Based on documentation review and interview, the governing authority failed to notify the Department according to A.R.S. \\'a7 36-425(I) when there was a change in the administrator and identify the name and qualifications of the new administrator.",
            "findings": "1. A review of Department documentation revealed E7 was the facility's administrator during the on-site inspections conducted on May 31, 2022 and on November 10, 2022. 2. In an interview, E1 reported E8 was the facility's administrator. E1 stated E8 had been the administrator \"for a good while.\" E1 reported to be unsure if anyone from the facility ever submitted documentation to the Department to notify the Department of the administrator change. E1 acknowledged E1 was unable to provide any documentation showing the Department was notified when E8 became the administrator. Plan of Correction Name, title and/or Position of the Person Responsible Date temporary correction was implemented Date permanent correction will be complete 2023-08-28 Temporary Solution Permanent Solution Monitoring"
        },
        {
            "rule": "G. An administrator shall ensure that a personnel record is maintained for each personnel member, employee, volunteer, or student that includes: 3. Documentation of: h. Cardiopulmonary resuscitation training, if required for the individual according to R9-10- 703(C)(1)(e);",
            "evidence": "Based on record review, documentation review, and interview, the administrator failed to ensure a personnel record was maintained for each personnel member to include documentation of cardiopulmonary resuscitation (CPR) training, for one of six personnel members sampled. The deficient practice posed a risk if a personnel member was unable to perform CPR.",
            "findings": "1. A review of E2's personnel record revealed documentation of first aid and CPR training, dated February 22. 2023. However, the first aid and CPR training card was from an online program. 2. A review of facility documentation revealed a daily staffing schedule, dated \"Mon 6/19 - Sun 6/25.\" The schedule revealed E2 worked the following shifts: -Monday June 19 - 11:00 PM - 8:00 AM -Tuesday June 20 - 11:00 PM - 8:00 AM -Wednesday June 21 - 11:00 PM - 8:00 AM -Thursday June 22 - 11:00 PM - 8:00 AM 3. A review of the facility's policies and procedure, dated May 25, 2023, revealed a policy titled, \"Personnel Training.\" The policy stated, \"b. No online training will be acceptable. All CPR training must be completed in person.\" 4. In an interview, E1 acknowledged E2's CPR training had been completed online and did not include a demonstration. Plan of Correction Name, title and/or Position of the Person Responsible Date temporary correction was implemented Date permanent correction will be complete 2023-08-28 Temporary Solution Permanent Solution Monitoring"
        },
        {
            "rule": "J. An administrator shall ensure that the following personnel members have first-aid and cardiopulmonary resuscitation training specific to the populations served by the behavioral health residential facility: 1. At least one personnel member who is present at the behavioral health residential facility during hours of operation of the behavioral health residential facility, and",
            "evidence": "Based on documentation review, record review, and interview, the administrator failed to ensure at least one personnel member present at the behavioral health facility during hours of operation had cardiopulmonary resuscitation (CPR) training, for one of two behavioral health technicians sampled. The deficient practice posed a risk if an employee was unable to meet a resident's needs during an emergency, accident, or injury. Findings include: 1. A review of the facility's policies and procedure, dated May 25, 2023, revealed a policy titled, \"Personnel Training.\" The policy stated, \"II. Policy: A. Cardiopulmonary Resuscitation (CPR)a. All staff members shall complete and have documentation of the completion of a nationally recognized Cardio- Pulmonary Resuscitation (CPR) class. b. No online training will be acceptable. All CPR training must be completed in person.c. Training must be completed every 2 years.\" 2. A review of facility documentation revealed a daily staffing schedule, dated \"Mon 6/19 - Sun 6/25.\" The schedule revealed E2 worked the following shifts alone: -Monday June 19 - 11:00 PM - 8:00 AM -Tuesday June 20 - 11:00 PM - 8:00 AM -Wednesday June 21 - 11:00 PM - 8:00 AM -Thursday June 22 - 11:00 PM - 8:00 AM 3. A review of E2's personnel record revealed documentation of first aid and CPR training, dated February 22, 2023. However, the CPR training card was from an online program. 4. In an interview, E1 acknowledged E2's CPR training card was from an online program. E1 acknowledged E2 worked shifts at the facility alone. Plan of Correction Name, title and/or Position of the Person Responsible Date temporary correction was implemented Date permanent correction will be complete 2023-08-28 Temporary Solution Permanent Solution Monitoring",
            "findings": ""
        },
        {
            "rule": "A. An administrator shall ensure that: 6. Except as provided in subsection (E)(1)(a), a medical practitioner performs a medical history and physical examination or a registered nurse performs a nursing assessment on a resident within 30 calendar days before admission or within 72 hours after admission and documents the medical history and physical examination or nursing assessment in the resident's medical record within 72 hours after admission;",
            "evidence": "Based on record review and interview, the administrator failed to ensure a medical practitioner performed a medical history and physical examination or a registered nurse performed a nursing assessment on a resident within 30 calendar days before admission or within 72 hours after admission, for one of two residents sampled. The deficient practice posed a risk as this information was required for the development and implementation of a treatment plan, per R9-10-708.A.1. Findings include: 1. A review of R1's (admitted in 2023) medical record revealed a nursing assessment was completed on January 31, 2023. However, the nursing assessment was not completed within 30 calendar days before admission or within 72 hours after admission. 2. In an interview, E1 acknowledged R1's nursing assessment was not completed within 30 calendar days before admission or within 72 hours after admission. Plan of Correction Name, title and/or Position of the Person Responsible Date temporary correction was implemented Date permanent correction will be complete 2023-08-28 Temporary Solution Permanent Solution Monitoring",
            "findings": ""
        },
        {
            "rule": "A. An administrator shall ensure that: 8. If a behavioral health assessment is conducted by a: a. Behavioral health technician or registered nurse, within 24 hours a behavioral health professional, certified or licensed to provide the behavioral health services needed by the resident, reviews and signs the behavioral health assessment to ensure that the behavioral health assessment identifies the behavioral health services needed by the resident; or",
            "evidence": "Based on record review and interview, the administrator failed to ensure a behavioral health assessment conducted by a behavioral health technician (BHT) was reviewed and signed by the behavioral health professional (BHP) within 24 hours, for one of two residents sampled.",
            "findings": "1. A review of R1's (admitted in 2023) medical record revealed an undated \"Client Intake Assessment Packet. \" However, the document did not contain a signature of who conducted the assessment, and did not contain a signature and date from a BHP who reviewed the behavioral health assessment. 2. In an interview, E1 acknowledged the BHP did not review and sign the behavioral health assessment for R1 within 24 hours. E1 reported R1's assessment was completed by E2, a BHT. Plan of Correction Name, title and/or Position of the Person Responsible Date temporary correction was implemented Date permanent correction will be complete Temporary Solution Permanent Solution Monitoring 2023-08-28"
        },
        {
            "rule": "A. An administrator shall ensure that: 13. Except as provided in subsection (E)(1)(d), a resident provides",
            "evidence": "of freedom from infectious tuberculosis: a. Before or within seven calendar days after the resident's admission, and b. As specified in R9-10-113. Evidence Based on record review and interview, the administrator failed to ensure a resident provided evidence of freedom from infectious tuberculosis (TB) before or within seven calendar days after the resident's admission, for one resident sampled who was admitted in 2023. The deficient practice posed a TB exposure risk to residents. Findings: 1. A review of R1's (admitted in 2023) medical record revealed evidence of freedom from infectious TB was not available for review. Based on R1's date of admission, the evidence was required. 2. In an interview, E1 acknowledged R1's medical record did not provide evidence of freedom from infectious TB before or within seven calendar days after R1's admission. Plan of Correction Name, title and/or Position of the Person Responsible Date temporary correction was implemented Date permanent correction will be complete 2023-08-28 Temporary Solution Permanent Solution Monitoring",
            "findings": ""
        },
        {
            "rule": "B. Except for an outdoor behavioral health care program provided by a behavioral health residential facility, an administrator shall ensure that: 2. The disaster plan required in subsection (B)(1) is reviewed at least once every 12 months;",
            "evidence": "Based on documentation review and interview, the administrator failed to ensure the disaster plan was reviewed at least once every 12 months. The deficient practice posed a risk as a plan reinforces and clarifies standards expected of employees.",
            "findings": "1. A review of Department documentation revealed the license for BH6115 was effective May 11, 2020. 2. A review of facility documentation revealed an undated disaster plan. However, an annual review of the disaster plan was not available for review. 3. In an interview, E1 acknowledged the facility had not reviewed the disaster plan in the last 12 months. Plan of Correction Name, title and/or Position of the Person Responsible Date temporary correction was implemented Date permanent correction will be complete 2023-08-28 Temporary Solution Permanent Solution Monitoring"
        },
        {
            "rule": "B. Except for an outdoor behavioral health care program provided by a behavioral health residential facility, an administrator shall ensure that: 4. A disaster drill for employees is conducted on each shift at least once every three months and documented;",
            "evidence": "Based on documentation review and interview, the administrator failed to ensure a disaster drill for employees was conducted on each shift at least once every three months. The deficient practice posed a risk if employees were unable to implement a disaster plan.",
            "findings": "1. A review of Department documention revealed the license for BH6115 was effective on May 11, 2020. 2. A review of a daily staffing schedule dated \"Mon 6/19 - Sun 6/25\" revealed the facility maintained three shifts: 7:00 AM to 1:00 PM (first), 1:00 PM to 11:00 PM (second) and 11:00 PM to 8:00 AM (varied hours range from 7:00 AM to 8:00 AM on different days.) 3. A review of facility documentation revealed disaster drills were not available for review. 4. In an interview, E1 reported the facility maintained three shifts that varied from times, based on personnel availability. E1 acknowledged disaster drills were not conducted on each shift at least once every three months. Technical assistance was provided on this Rule during the onsite compliance inspection conducted on May 31, 2022 and this Rule was cited durin the onsite compliance inspection conducted on April 30, 2021. Plan of Correction Name, title and/or Position of the Person Responsible Date temporary correction was implemented Date permanent correction will be complete 2023-08-28 Temporary Solution Permanent Solution Monitoring"
        },
        {
            "rule": "B. Except for an outdoor behavioral health care program provided by a behavioral health residential facility, an administrator shall ensure that: 5. An evacuation drill for employees and",
            "evidence": "Based on documentation review and interview, the administrator failed to ensure an evacuation drill for employees and residents on the premises was conducted at least once residents on the premises is conducted at least once every six months on each shift; every six months on each shift. The deficient practice posed a risk if employees were unable to implement a disaster plan, and the Department was unable to determine substantial compliance during the inspection.",
            "findings": "1. A review of Department documention revealed the license for BH6115 was effective on May 11, 2020. 2. A review of a daily staffing schedule dated \"Mon 6/19 - Sun 6/25\" revealed the facility maintained three shifts: 7:00 AM to 1:00 PM (first), 1:00 PM to 11:00 PM (second) and 11:00 PM to 8:00 AM (varied hours range from 7:00 AM to 8:00 AM on different days.) 3. A review of facility documentation revealed the following evacuation drills were completed: -May 26, 2022 - 1st shift -November 8, 2022 - 3rd shift - November 9, 2022 - 2nd shift -November 10, 2022 - 3rd shift -May 12, 2023 - 3rd shift 4. In an interview, E1 reported the facility maintained three shifts that varied from times, based on personnel availability. E1 acknowledged evacuation drills had not been conducted at least once every six months on each shift. Plan of Correction Name, title and/or Position of the Person Responsible Date temporary correction was implemented Date permanent correction will be complete 2023-08-28 Temporary Solution Permanent Solution Monitoring"
        },
        {
            "rule": "A. Except for an outdoor behavioral health care program provided by a behavioral health residential facility, an administrator shall ensure that: 10. Hot water temperatures are maintained between 95\u00b0 F and 120\u00b0 F in the areas of the behavioral health residential facility used by residents;",
            "evidence": "Based on observation and interview, the administrator failed to ensure hot water temperatures were maintained between 95\\'b0 F and 120\\'b0 F in the areas of the behavioral health residential facility used by residents. The deficient practice posed a burn risk to residents.",
            "findings": "1. The Compliance Officer observed the hot water temperature at the kitchen sink to be 133.7\\'b0 F using a Department-issued thermometer. 2. The Compliance Officer observed the hot water temperature at the hallway bathroom sink to be 138.7\\'b0 F using a Department- issued thermometer. 3. In an interview, E1 acknowledged the temperature of the hot water in the facility was not maintained between 95\\'b0 F and 120\\'b0 F. Plan of Correction Name, title and/or Position of the Person Responsible Date temporary correction was implemented Date permanent correction will be complete 2023-08-28 Temporary Solution Permanent Solution Monitoring"
        }
    ]
}