{
    "legal_name": "ANIMALS FACILITATING ADOLESCENTS AND CHILDREN",
    "facility_status": "Active",
    "address": "39213 South Wild Hardt Way, Suite A, Marana, AZ 85658",
    "license_status": "Active",
    "phone": "5204009444",
    "license_number": "BH4395",
    "max_licensed_capacity": "5",
    "license_effective_date": "1/1/2025",
    "chief_administrative_officer": "DORI TAMAGNI",
    "license_expires_date": "12/31/2025",
    "owner_licensee": "ANIMALS FACILITATING ADOLESCENTS AND CHILDREN",
    "inspection_number": "INSP-0059471",
    "inspection_date": "1/9/2024",
    "inspection_type": "Compliance (Annual)",
    "certificate_number": "Initial Comments",
    "deficiencies": [
        {
            "rule": "A. Except for an outdoor behavioral health care program provided by a behavioral health residential facility, an administrator shall ensure that: 1. The premises and equipment are: c. Free from a condition or situation that may cause a resident or other individual to suffer physical injury;",
            "evidence": "Based on observation, record review, and interview, the administrator failed to ensure the premises was free from a condition or situation that may cause a resident or other individual to suffer physical injury. The deficient practice posed a risk to the physical health and safety of residents. Findings include: 1. The Compliance Officer observed a bathroom in the facility with a grab bar attached to the wall, next to the shower. The Compliance Officer observed an unsecured steak knife in the dish basket in the kitchen. 2. A review of R2's medical record revealed R2 had self-harming behaviors under \"Summary of Issues Identified\" in R2's initial psychosocial assessment. 3. In an interview, E1 acknowledged the grab bar in the bathroom and the unsecured steak knife. E1 reported knives are always locked up. However, E1 had forgotten to secure the knife on the day of the inspection. E1 acknowledged the potential risk to the physical health and safety of residents. Plan of Correction Name, title and/or Position of the Person Responsible Date temporary correction was implemented Date permanent correction will be complete Temporary Solution Permanent Solution Monitoring 2024-01-26",
            "findings": ""
        }
    ]
}