{
    "legal_name": "ANIMALS FACILITATING ADOLESCENTS AND CHILDREN",
    "facility_status": "Active",
    "address": "39213 South Wild Hardt Way, Suite A, Marana, AZ 85658",
    "license_status": "Active",
    "phone": "5204009444",
    "license_number": "BH4395",
    "max_licensed_capacity": "5",
    "license_effective_date": "1/1/2025",
    "chief_administrative_officer": "DORI TAMAGNI",
    "license_expires_date": "12/31/2025",
    "owner_licensee": "ANIMALS FACILITATING ADOLESCENTS AND CHILDREN",
    "inspection_number": "INSP-0059473",
    "inspection_date": "1/6/2025",
    "inspection_type": "Compliance (Annual)",
    "certificate_number": "Initial Comments",
    "deficiencies": "no deficiencies"
}