{
    "legal_name": "Arizona Community Protection And Treatment Center",
    "facility_status": "Active",
    "address": "2500 East Van Buren Street, Phoenix, AZ 85008",
    "license_status": "Active",
    "phone": "6022206191",
    "license_number": "STBH6882",
    "max_licensed_capacity": "131",
    "license_effective_date": "11/1/2024",
    "chief_administrative_officer": "SHERIDYN MILLER",
    "license_expires_date": "10/31/2025",
    "owner_licensee": "ARIZONA DEPARTMENT OF HEALTH SERVICES",
    "inspection_number": "INSP-0042057",
    "inspection_date": "3/26/2024 - 4/4/2024",
    "inspection_type": "Complaint",
    "certificate_number": "Initial Comments",
    "deficiencies": [
        {
            "rule": "R9-10-1302. Administration C. An administrator shall: 1. Ensure that policies and procedures are established, documented, and implemented that: t. Cover restraint and seclusion;",
            "evidence": "Based on a review of policy and procedures, observation, facility documents, medical records, and staff interview, the Department determined policies and procedures were not correctly implemented in the application of a patient restraint. This deficient practice resulted in a patient falling and needing further evaluation for injuries.",
            "findings": "A review of the \"Behavioral Emergency - Code Grey Situation\" revealed \"...Any staff member confronted with or witnessing a combative situation should initiate a Code Grey, and begin de-escalation strategies consistent with NVCI (Non-Violent Crisis Intervention)...The Code Gray Response Team...De-escalate potentially violent behavior....\" A review of the \"Seclusion or Restraint\" policy last reviewed on September 30, 2021 revealed \"...Purpose To establish and implement guidelines for the safe utilization of seclusion or restraint....Application of Restraint...The type or technique of restraint used must be the least restrictive intervention effective to protect the resident or others from harm....Releasing a secluded or restrained Resident...A secluded or restrained resident is released as soon as the resident exhibits behaviors as defined by the release criteria...upon termination of the emergency necessitating the seclusion or restraint...\" A review of the \"Incident Reports\" policy last reviewed on July 29, 2020 revealed \"...Policy The Arizona Community Protection and Treatment Center requires the electronic submission of an Incident Report for all events which are significant...These events are to be reported fully, accurately...by the person with the greatest knowledge of the event, in order to provide dependable documentation for possible further investigation and action....Incomplete or inaccurate Incident Reports will be sent back to the originator for correction....The Quality Management Team reviews all Incident Reports each business day, dispositions the Incident Reports for additional review...and codes them appropriately for external reporting purposes....\" Observation of the video surveillance without sound from the incident on May 26, 2023, revealed Patient # 11 approach a seated Patient # 4 and berate him face to face while standing over him. Employee # 11 walks directly in front of the two patients at this point heading into the dayroom. Employee # 11 then returns the way he came passing in front of the two patients again but still does not intervene or attempt to de-escalate. Employee # 18 is nearby in the nursing bubble watching the event but also does not attempt to de-escalate the potentially violent behavior. Patient # 11 then begins to punch the still seated Patient # 4. Staff respond to the code including Employee # 10, who uses a non-approved NVCI hold on Patient # 11 and does not coordinate their physical restraint attempt with Employee # 11, leading to Patient # 11 falling to the ground and breaking free of the physical restraint. A review of the facility document \"Incident Report: ASH-2023-2299\" revealed \"...(Patient # 11) approached him and placed his hands around (Patient # 5's) throat, and started choking him...Several staff arrived on the scene and assisted with separating (Patient # 11) and (Patient # 4)....\" The \"Incident Report: ASH-2023-2299\" fails to mention the fall to the ground by Patient # 11 after the initial attempted physical restraint. A review of the \"Incident Report: ASH-2023-2299\" revealed two quality management reviews on May, 30, 2023 with both had \"...No recommendations...\" followed by a supervisor review on June 6, 2023 and an additional review by social work on June 16, 2023 which both also determined \"...No recommendations...\" A review of the medical records of Patient # 4 and Patient # 11 on March 29, 2024, revealed evidence of progress notes, seclusion and restraint logs and nursing assessments regarding the incident on May 26, 2023 between the two patients. A review of the seclusion and restraint log for Patient # 11 dated May 26, 2023 revealed \"...(Patient # 11) reported pain his left shoulder and elbow. (Patient # 11) was sent to Valleywise ED for further evaluation as a precaution....\" A review of a progress notes for Patient # 11 dated May 26, 2023 revealed \"...Resident reported injuries sustained from his continued struggling against a code gray...restraint that required multiple staff to control him...guarding/pain at his left shoulder and elbow....He will be sent to the ER this evening for evaluation....\" Employee # 1 confirmed in an interview on March 28, 2024, that Patient # 11 was sent to the emergency room for an evaluation on May 26, 2023 and returned on May 27, 2023. Plan of Correction Name, title and/or Position of the Person Responsible Date temporary correction was implemented Date permanent correction will be complete 2024-04-25 Temporary Solution Permanent Solution Monitoring"
        }
    ]
}