{
    "legal_name": "Arizona Community Protection And Treatment Center",
    "facility_status": "Active",
    "address": "2500 East Van Buren Street, Phoenix, AZ 85008",
    "license_status": "Active",
    "phone": "6022206191",
    "license_number": "STBH6882",
    "max_licensed_capacity": "131",
    "license_effective_date": "11/1/2024",
    "chief_administrative_officer": "SHERIDYN MILLER",
    "license_expires_date": "10/31/2025",
    "owner_licensee": "ARIZONA DEPARTMENT OF HEALTH SERVICES",
    "inspection_number": "INSP-0100717",
    "inspection_date": "3/18/2025",
    "inspection_type": "Compliance (Annual)",
    "certificate_number": "STBH6882",
    "deficiencies": [
        {
            "rule": "R9-10-1302.C.1.z. Administration C. An administrator shall: 1. Ensure that policies and procedures are established, documented, and implemented that: z. Include equipment inspection and maintenance;",
            "evidence": "Based on observation during facility tour conducted on March 14, 2024, review of facility documents, request for facility policy and procedure, and employee interview during facility tour, the Department determined that the administrator failed to ensure Daily Medical Emergency Cart/AED Inspection Logs for both Acacia and Mesquite units were completed accurately. This deficient practice could result in emergency medical equipment not functioning properly, posing a risk to the health and safety of patients.",
            "findings": "Facility documents titled \"Daily Emergency Medical Cart/AED Inspection Log\" posted within staff offices for both Acacia and Mesquite units, observed during facility tour, presented with entries for the last \"cart opened and contents checked\" date documented on Day 17 of March 2025. The date of review for the facility documents was March 14, 2025. Facility policy and procedure addressing completion of the \"Daily Emergency Medical Cart/AED Inspection Log\" was requested. None was provided. Employees #1 and #3 confirmed in joint interview, conducted on March 14, 2025, that the \"Daily Emergency Medical Cart/AED Inspection Log\" posted within staff offices for both Acacia and Mesquite units presented with entries for the last \"cart opened and contents checked\" date documented on Day 17 of March 2025. Plan of Correction Name, title and/or Position of the Person Responsible Sheridyn Miller, ACPTC Director/Michelle Dunsworth, Chief Nursing Officer Date temporary correction was implemented Date permanent correction will be complete 2025-03-31 Temporary Solution Permanent Solution The Medical Equipment and Materials Management Plan identifies the procedures for identifying malfunctions with medical equipment. It also defines the process for restocking and reloading emergency carts as well as training and emergency medical drills. The Emergency Codes policy defines the process for Medical Alert and Code Blue Response. Additionally, a policy was established to include a process to ensure proper function for the AED device. Code cart education is also conducted annually with nursing personnel. The Chief Nursing Officer (CNO) issued education to all Nursing personnel to educate staff of the expectation for daily checks of emergency carts and the specific steps to take when checking the equipment on the emergency carts. In addition to the notification and education, Nursing personnel will be required to sign an attestation to ensure that all Nursing personnel are in receipt of the information and understanding the established process. This will be completed 3/31/25. Starting on 3/31/25, the Psychiatric Nurse Unit Manager (PNUM) will be conducting daily audits each business day to ensure emergency carts were checked during the proceeding night shift. Additionally, an audit will be conducted of video footage to observe staff checking emergency carts during the date and time documented on the Emergency Cart Log. Upon discovery of non-compliance during the audit, the PNUM will immediately follow up with staff to provide education. The PNUM will report audit findings to the ACPTC Director and the CNO. Daily audits will continue for at least 90 days or until policy requirements are being met and compliance is sustained. Monitoring Nursing leadership will continue to monitor adherence to the established process of checking emergency carts. The PNUM will continue to report findings from daily audits until the requirements are being met and compliance has been sustained. Audit findings will also be reported to ACPTC Quality Council quarterly. The Compliance Department will also include emergency cart checks in the ongoing performance audits/mock surveys as an additional evaluation of sustained compliance. The \"Emergency & Safety Standards/Environmental/Physical Plant\" performance audit, inclusive of emergency response and environment of care policy requirements, is scheduled for February 2026."
        }
    ]
}