{
    "legal_name": "ARIZONA CHILDREN'S GROUP LLC",
    "facility_status": "Active",
    "address": "142 West Ivanhoe Place, Chandler, AZ 85225",
    "license_status": "Active",
    "phone": "4809551454",
    "license_number": "BH5927",
    "max_licensed_capacity": "5",
    "license_effective_date": "11/1/2024",
    "chief_administrative_officer": "ALONZO WILLIAMS",
    "license_expires_date": "10/31/2025",
    "owner_licensee": "ARIZONA CHILDREN'S GROUP LLC",
    "inspection_number": "INSP-0097317",
    "inspection_date": "2/20/2025",
    "inspection_type": "Compliance (Annual)",
    "certificate_number": "BH5927",
    "deficiencies": [
        {
            "rule": "A.R.S. \u00a7 36-424.C. Inspections; suspension or revocation of license; report to board of examiners of nursing care institution administrators and assisted living facility managers C. On a determination by the director that there is reasonable cause to believe a health care institution is not adhering to the licensing requirements of this chapter, the director and any duly designated employee or agent of the director, including county health representatives and county or municipal fire inspectors, consistent with standard medical practices, may enter on and into the premises of any health care institution that is licensed or required to be licensed pursuant to this chapter at any reasonable time for the purpose of determining the state of compliance with this chapter, the rules adopted pursuant to this chapter and local fire ordinances or rules. Any application for licensure under this chapter constitutes permission for and complete acquiescence in any entry or inspection of the premises during the pendency of the application and, if licensed, during the term of the license. If an inspection reveals that the health care institution is not adhering to the licensing requirements established pursuant to this chapter, the director may take action authorized by this chapter. Any health care institution, including an accredited hospital, whose license has been suspended or revoked in accordance with this section is subject to inspection on application for relicensure or reinstatement of license.",
            "evidence": "Based on documentation review, observation, and interview, the licensee failed to provide complete acquiescence in any entry or inspection of the premises during the term of the license. The deficient practice posed a risk as such action is deemed as a reasonable cause to believe a substantial violation under A.R.S. \u00a7 36-427(B) exists.",
            "findings": "1. A review of Department documentation revealed the facility's perpetual license was effective on November 29, 2019. 2. The Compliance Officer arrived at the facility at 10:45 AM to conduct a compliance inspection. The Compliance Officer rang the door bell and knocked at the door. However, no one answered the door. 3.The Compliance Officer observed what appeared to be a for sale sign posted in the front yard. 4. In a telephonic interview, conducted at 10:51 AM, E1 reported the facility does not have any current residents and reported no one was on premises. E1 reported E1 could not meet the Compliance Officer as E1 was at an appointment. 5. The Compliance Officer called E1 again and left voicemail 10:58 AM and sent a text message at 11:10 AM. 6. The Compliance Officer did not receive a response from E1 and left the facility at 11:57 AM."
        }
    ]
}