{
    "legal_name": "ARIZONA CHILDREN'S GROUP LLC",
    "facility_status": "Active",
    "address": "142 West Ivanhoe Place, Chandler, AZ 85225",
    "license_status": "Active",
    "phone": "4809551454",
    "license_number": "BH5927",
    "max_licensed_capacity": "5",
    "license_effective_date": "11/1/2024",
    "chief_administrative_officer": "ALONZO WILLIAMS",
    "license_expires_date": "10/31/2025",
    "owner_licensee": "ARIZONA CHILDREN'S GROUP LLC",
    "inspection_number": "INSP-0058327",
    "inspection_date": "3/3/2023",
    "inspection_type": "Complaint;Compliance (Annual)",
    "certificate_number": "Initial Comments",
    "deficiencies": [
        {
            "rule": "A.R.S. \u00a7 36-411. Residential care institutions; nursing care institutions; home health agencies; fingerprinting requirements; exemptions; definitions C. Owners shall make documented, good faith efforts to: 1. Contact previous employers to obtain information or recommendations that may be relevant to a person's fitness to work in a residential care institution, nursing care institution or home health agency. 2. Verify the current status of a person's fingerprint clearance card.",
            "evidence": "Based on record review and interview, the owner failed to ensure compliance with A.R.S. \\'a7 36-411(C)(1), for three of nine employees sampled. The deficient practice posed a risk as the Department was unable to determine substantial compliance as the documentation was not in the personnel records during the inspection, and the documentation was not provided within two hours after a Department request.",
            "findings": "A.R.S. \\'a7 36-411(C) (1) Owners shall make documented, good faith efforts to: Contact previous employers to obtain information or recommendations that may be relevant to a person's fitness to work in a residential care institution, nursing care institution or home health agency. 1. A review of E3's (hired in 2022) personnel record revealed documentation of compliance with A.R.S. \\'a7 36-411(C)(1) was not available for review. 2. A review of E5's (hired in 2022) personnel record revealed documentation of compliance with A.R.S. \\'a7 36-411(C)(1) was not available for review. 3. A review of E7's (hired in 2021) personnel record revealed documentation of compliance with A.R.S. \\'a7 36-411(C)(1) was not available for review. 4. In a joint interview, E1 and E2 acknowledged documentation of compliance with A.R.S. \\'a7 36-411(C)(1) for E3, E5, and E7 was not available for review. Plan of Correction Name, title and/or Position of the Person Responsible Date temporary correction was implemented Date permanent correction will be complete 2023-08-03 Temporary Solution Permanent Solution Monitoring"
        },
        {
            "rule": "36-425.03. Children's behavioral health programs; personnel; fingerprinting requirements; exemptions; definitions E. Children's behavioral health program personnel shall certify on forms that are provided by the department and notarized that they are not awaiting trial on or have never been convicted of or admitted in open court or pursuant to a plea agreement to committing any of the offenses listed in section 41-1758.03, subsection B or C in this state or similar offenses in another state or jurisdiction.",
            "evidence": "Based on record review and interview, the children's behavioral health program personnel failed to certify and notarize on forms provided by the department they were not awaiting trial on or had never been convicted of or admitted in open court or pursuant to a plea agreement to committing any of the offenses listed in section 41-1758.03, subsection B or C in this state or similar offenses in another state or jurisdiction. The deficient practice posed a risk if E2, E3, E4, E5, E6, E7, and E8 were a danger to a vulnerable population, the Department was unable to determine substantial compliance as the documentation was not in the personnel record during the inspection, and the documentation was not provided within two hours after a Department request.",
            "findings": "1. A review of E2's (hired in 2021) personnel record revealed a notarized form provided by the department certifying E2 was not awaiting trial on or had never been convicted of or admitted in open court or pursuant to a plea agreement to committing any of the offenses listed in section 41- 1758.03, subsection B or C in this state or similar offenses in another state or jurisdiction was not available for review. 2. A review of E3's (hired in 2022) personnel record revealed a notarized form provided by the department certifying E3 was not awaiting trial on or had never been convicted of or admitted in open court or pursuant to a plea agreement to committing any of the offenses listed in section 41-1758.03, subsection B or C in this state or similar offenses in another state or jurisdiction was not available for review. 3. A review of E4's (hired in 2021) personnel record revealed a notarized form provided by the department certifying E4 was not awaiting trial on or had never been convicted of or admitted in open court or pursuant to a plea agreement to committing any of the offenses listed in section 41-1758.03, subsection B or C in this state or similar offenses in another state or jurisdiction was not available for review. 4. A review of E5's (hired in 2022) personnel record revealed a notarized form provided by the department certifying E5 was not awaiting trial on or had never been convicted of or admitted in open court or pursuant to a plea agreement to committing any of the offenses listed in section 41-1758.03, subsection B or C in this state or similar offenses in another state or jurisdiction was not available for review. 5. A review of E6's (hired in 2020) personnel record revealed a notarized form provided by the department certifying E6 was not awaiting trial on or had never been convicted of or admitted in open court or pursuant to a plea agreement to committing any of the offenses listed in section 41-1758.03, subsection B or C in this state or similar offenses in another state or jurisdiction was not available for review. 6. A review of E7's (hired in 2021) personnel record revealed a notarized form provided by the department certifying E7 was not awaiting trial on or had never been convicted of or admitted in open court or pursuant to a plea agreement to committing any of the offenses listed in section 41-1758.03, subsection B or C in this state or similar offenses in another state or jurisdiction was not available for review. 7. A review of E8's (hired in 2021) personnel record revealed a notarized form provided by the department certifying E8 was not awaiting trial on or had never been convicted of or admitted in open court or pursuant to a plea agreement to committing any of the offenses listed in section 41-1758.03, subsection B or C in this state or similar offenses in another state or jurisdiction was not available for review. 8. In a joint interview, E1 and E2 acknowledged the personnel members had not certified on notarized forms they were not awaiting trial on or had never been convicted of or admitted in open court or pursuant to a plea agreement to committing any of the offenses listed in section 41-1758.03, subsection B or C in this state or similar offenses in another state or jurisdiction. Plan of Correction Name, title and/or Position of the Person Responsible Temporary Solution Permanent Solution Date temporary correction was implemented Date permanent correction will be complete 2023-08-15 Monitoring"
        },
        {
            "rule": "36-420.01. Health care institutions; fall prevention and fall recovery; training programs; definition A. Each health care institution shall develop and administer a training program for all staff regarding fall prevention and fall recovery. The training program shall include initial training and continued competency training in fall prevention and fall recovery. A health care institution may use information and training materials from the department's Arizona falls prevention coalition in developing the training program.",
            "evidence": "Based on documentation review, record review and interview, the health care institution failed to develop and administer a training program for all staff regarding fall prevention and fall recovery to include initial training and continued competency training in fall prevention and fall recovery. The deficient practice posed a risk as the Department was unable to determine substantial compliance as the documentation was not available during the inspection, and the documentation was not provided within two hours after a Department request.",
            "findings": "1. A review of the facility's electronic policies and procedures revealed a policy titled \"Staff Qualifications, Training, and Responsibilities\" (dated January 1, 2021). However, evidence of a fall prevention and fall recovery training program was not available for review. 2. A review of E2's, E3's, E4's, E5's, E6's, E7's and E8's personnel records revealed documentation of initial training or continued competency training in fall prevention and fall recovery was not available for review. 3. In a joint interview, E1 and E2 acknowledged the facility had not developed and administered a training program for all staff regarding fall prevention and fall recovery. Plan of Correction Name, title and/or Position of the Person Responsible Date temporary correction was implemented Date permanent correction will be complete 2023-10-18 Temporary Solution Permanent Solution Monitoring"
        },
        {
            "rule": "B. An administrator: 3. Except as provided in subsection (A)(6), designates, in writing, an individual who is present on the behavioral health residential facility's premises and accountable for the behavioral health residential facility when the administrator is not present on the behavioral health residential facility's premises.",
            "evidence": "Based on observation, record review, documentation review, and interview, the administrator failed to designate, in writing, an individual who was present on the behavioral health residential facility's premises and accountable for the behavioral health residential facility when the administrator was not present on the behavioral health residential facility's premises. The deficient practice posed a risk as O1 was not present on the premises and accountable when E1 was not present on the premises, the Department was unable to determine substantial compliance as the documentation was not available during the inspection, and the documentation was not provided within two hours after a Department request.",
            "findings": "1. The Compliance Officer observed E3 working, alone, on the premises when the Compliance Officer arrived at approximately 9:18 AM. 2. A review of E3's (hired in 2022) personnel record revealed E3 was hired as a behavioral health paraprofessional (BHPP). However, documentation designating E3 to be present on the behavioral health residential facility's premises and accountable for the behavioral health facility when the administrator was not present was not available for review. 3. The Compliance Officer observed E2 arrive on the premises at approximately 9:52 AM. 4. A review of E2's (hired in 2021) personnel record revealed E2 was hired as the house manager. 5. The Compliance Officer observed E1 arrive on the premises at approximately 10:20 AM. 6. A review of the facility's electronic policies and procedures revealed a policy titled \"Administrator-Back-Up\" (dated November 27, 2021). The policy stated \"During the absence of the Administrator, a qualified designee will be the designated relief person who will assume the necessary Administrator responsibilities for the day-to-day operation of Arizona Children's Group i [sic] the interim...I, [O1], accept the responsibility of Alternate Administrator for the agency in the absence of the above Administrator.\" 7. In a joint interview, E1 and E2 acknowledged O1 was not present on the behavioral health residential facility's premises and accountable for the behavioral health residential facility when E1 was not present on the behavioral health residential facility's premises. Plan of Correction Name, title and/or Position of the Person Responsible Date temporary correction was implemented Date permanent correction will be complete 2023-06-01 Temporary Solution Permanent Solution Monitoring"
        },
        {
            "rule": "C. An administrator shall ensure that: 1. Policies and procedures are established, documented, and implemented to protect the health and safety of a resident that: a. Cover job descriptions, duties, and qualifications, including required skills, knowledge, education, and experience for personnel members, employees, volunteers, and students;",
            "evidence": "Based on documentation review and interview, the administrator failed to establish and document policies and procedures to protect the health and safety of a resident to cover qualification, including skills and knowledge for personnel members, employees, volunteers, and students. The deficient practice posed a risk as policies and procedures reinforce and clarify standards expected of employees, the Department was unable to determine substantial compliance as the documentation was not available during the inspection, and the documentation was not provided within two hours after a Department request.",
            "findings": "1. A review of Department documentation revealed the facility's perpetual license was effective on November 29, 2019. 2. A review of the facility's electronic policies and procedures (dated November 27, 2021) revealed policies and procedures to include qualifications, including skills and knowledge were not available for review. 3. In a joint interview, E1 and E2 acknowledged policies and procedures were not established and documented to cover required skills and knowledge for personnel members, employees, volunteers, and students. Plan of Correction Name, title and/or Position of the Person Responsible Date temporary correction was implemented Date permanent correction will be complete 2023-11-30 Temporary Solution Permanent Solution Monitoring"
        },
        {
            "rule": "C. An administrator shall ensure that: 1. Policies and procedures are established, documented, and implemented to protect the health and safety of a resident that: e. Cover cardiopulmonary resuscitation training including: i. The method and content of cardiopulmonary resuscitation training, which includes a demonstration of the individual's ability to perform cardiopulmonary resuscitation; ii. The qualifications for an individual to provide cardiopulmonary resuscitation training; iii. The time-frame for renewal of cardiopulmonary resuscitation training; and iv. The documentation that verifies that the individual has received cardiopulmonary resuscitation training;",
            "evidence": "Based on documentation review, record review, and interview, the administrator failed to implement policies and procedures to protect the health and safety of a resident to cover cardiopulmonary resuscitation (CPR) training to include a demonstration of the individual's ability to perform cardiopulmonary resuscitation. The deficient practice posed a risk as the standards expected of employees were not followed, the Department was unable to determine substantial compliance as the documentation was not in the personnel records during the inspection, and the documentation was not provided within two hours after a Department request. Findings include: 1. A review of the facility's electronic policies and procedures revealed a policy titled \"CPR and First Aid\" (dated November 27, 2021). The policy stated \"Cardiopulmonary resuscitation (CPR). [sic] and First Aid Training certificates presented must be from and [sic] online [sic] competency course or in-person instruction, hands-on practice, and skills assessment...\" 2. A review of E2's personnel record revealed documentation of CPR and first aid training, issued on May 2, 2022 with an expiration date of May 2, 2024. The certificate stated \"Online (Eligable for Skills Session within 90 days)...\" However, documentation to indicate the CPR training included a demonstration of the individual's ability to perform CPR was not available for review. 3. A review of E6's personnel record revealed documentation of CPR and first aid training from American Health Care Academy issued on April 2, 2021 with an expiration date of April 2, 2023. However, documentation to indicate the CPR training included a demonstration of the individual's ability to perform CPR was not available for review. 4. A review of the American Health Care Academy website revealed courses were conducted online. The American Health Care Academy website stated \"Learn CPR with our simple and easy-to-understand online CPR certification courses at American HealthCare Academy and be a lifesaver today.\" 5. In a joint interview, E1 and E2 acknowledged E2's amd E6's CPR training did not include a demonstration of the individual's ability to perform CPR, and the policy and procedure was not implemented. Plan of Correction Name, title and/or Position of the Person Responsible Date temporary correction was implemented Date permanent correction will be complete 2023-11-30 Temporary Solution Permanent Solution Monitoring",
            "findings": ""
        },
        {
            "rule": "C. An administrator shall ensure that: 1. Policies and procedures are established, documented, and implemented to protect the health and safety of a resident that: h. Cover first aid training;",
            "evidence": "Based on documentation review, record review, and interview, the administrator failed to implement policies and procedures to protect the health and safety of a resident to cover first aid training The deficient practice posed a risk as standards expected of employees were not followed, the Department was unable to determine substantial compliance as the personnel records did not include the documentation during the inspection, and the documentation was not provided within two hours after a Department request.",
            "findings": "1. A review of the facility's electronic policies and procedures revealed a policy titled \"CPR and First Aid\" (dated November 27, 2021). The policy stated \"Upon hire, the Administrator, or designee, will make certain all employees providing direct care to individuals at the home and all staff partaking in outing with individuals including supervisors holds a current certificate in standard first aid and cardiopulmonary resuscitation (CPR) by obtaining copies of the certificate of completion...The Administrator, or designee, will ensure no employee or supervisor provides direct care in the home or participate in outings without current certificate in standard first aid and cardiopulmonary resuscitation (CPR).\" 2. A review of E5's (hired in 2022) personnel record revealed documentation of first aid training was not available for review. 3. In a joint interview, E1 and E2 acknowledged the facility's policies and procedures to cover first aid training was not implemented. Plan of Correction Name, title and/or Position of the Person Responsible Date temporary correction was implemented Date permanent correction will be complete 2023-10-07 Temporary Solution Permanent Solution Monitoring"
        },
        {
            "rule": "C. An administrator shall ensure that: 5. Unless otherwise stated: a. Documentation required by this Article is provided to the Department within two hours after a Department request; and",
            "evidence": "Based on record review, documentation review, and interview, the administrator failed to ensure documentation required by this Article was provided to the Department within two hours after a Department request. The deficient practice posed a risk as the Department was unable to determine substantial compliance.",
            "findings": "1. A review of E3's personnel record revealed E3 was hired as a behavioral health paraprofessional (BHPP). However, documentation designating E3 to be present on the behavioral health residential facility's premises and accountable for the behavioral health facility when the administrator was not present was not available for review. 2. A review of the facility's electronic policies and procedures (dated November 27, 2021) revealed policies and procedures to include qualifications, including skills and knowledge was not available for review. 3. A review of E2's personnel record revealed documentation of CPR and first aid training, issued on May 2, 2022 with an expiration date of May 2, 2024. The certificate stated \"Online (Eligible for Skills Session within 90 days)...\" However, documentation to indicate the CPR training included a demonstration of the individual's ability to perform CPR was not available for review. 4. A review of E6's personnel record revealed documentation of CPR and first aid training from American Health Care Academy issued on April 2, 2021 with an expiration date of April 2, 2023. However, documentation to indicate the CPR training included a demonstration of the individual's ability to perform CPR was not available for review. 5. A review of E5's personnel record revealed documentation of first aid training was not available for review. 6. The Compliance Officer did not observe a posting of the location at which inspection reports were available for review or could be made available for review. 7. The Compliance Officer did not observe a posting of the calendar days and times when a resident could accept visitors or make telephone calls. 8. The Compliance Officer requested to review quality management documentation; however, documentation was not provided for review. 9. A review of E6's personnel record revealed E6 was hired as the behavioral health professional. However, documentation of current contracted services including a description of the contracted services provided was not available for review. 10. A review of E2's personnel record revealed E2 was hired as the house manager. However, verification of skills and knowledge was not available for review. 11. A review of E3's personnel record revealed E3 was hired as a behavioral health paraprofessional. However, verification of skills and knowledge was not available for review. 12. A review of E4's personnel record revealed E4 was hired as a behavioral health technician. However, verification of skills and knowledge was not available for review. 13. A review of E5's personnel record revealed E2 was hired as a therapist/case manager. However, verification of skills and knowledge was not available for review. 14. A review of E6's personnel record revealed E6 was hired as the behavioral health professional. However, verification of skills and knowledge was not available for review. 15. A review of E7's personnel record revealed E7 was hired as a BHT. However, verification of skills and knowledge was not available for review. 16. A review of E8's personnel record revealed E8 was hired as the registered nurse (RN). However, verification of skills and knowledge was not available for review. 17. A review of E2's personnel record revealed E2 was hired as the house manager. However, documentation of education applicable to E2's job duties was not available for review. 18. A review of E3's personnel record revealed a job description for a behavioral health paraprofessional (BHPP). The job description stated \"Qualifications and Education Requirements...Minimum of 21-years old; a High School Diploma or GED equivalency...\" However, documentation of education was not available for review. 19. A review of E4's personnel record revealed E4 was hired as a BHT. However, documentation of education applicable to E4's job duties was not available for review. 20. A review of E5's personnel record revealed E5 was hired as a therapist/case manager. However, documentation of education applicable to E5's job duties was not available for review. 21. A review of E6's personnel record revealed E6 was hired as the behavioral health professional. However, documentation of education applicable to E6's job duties was not available for review. 22. A review of E7's personnel record revealed a job description for a behavioral health technician (BHT). The job description stated \"Education, Experience and Preferred Qualifications...Minimum of High School diploma or GED...\" However, documentation of education was not available for review. 23. A review of E5s personnel record revealed documentation of a negative TB test was not available for review. 24. A review of facility documentation revealed a daily staffing schedule dated February 27, 2023 to March 5, 2023. However, documentation maintained for at least 12 months after the last date on the documentation was not available for review. 25. A review of the daily staffing schedule revealed the daily staffing schedule did not include documentation of the employees who worked each calendar day and the hours worked by each employee, and did not include on-call personnel members to include the behavioral health professional and registered nurse. 26. A review of R2's medical record revealed a behavioral health assessment for R2 was not available for review. 27. A review of R3's medical record revealed a behavioral health assessment for R3 was not available for review. 28. A review of R1's medical record revealed documentation of freedom from infectious tuberculosis was not available for review. 29. A review of R2's medical record revealed documentation of freedom from infectious tuberculosis was not available for review. 30. A review of R3's medical record revealed documentation of freedom from infectious tuberculosis was not available for review. 31. A review of R2's medical record revealed a treatment plan was not available for review. 32. A review of R3's medical record revealed a treatment plan was not available for review. 33. A review of R1's medical record revealed a treatment plan dated in February 2023. The treatment plan included various goals, objectives, and interventions. However, the treatment plan did not include the behavioral health services to be provided to R1. 34. The Compliance Officer observed a facility posting titled \"CLIENT COPY OF CLIENT RIGHTS.\" The document stated \"Arizona Statutes R9-20-203 Department of Behavioral Health Licensure...require that you be informed of your rights as a client...\" However, the requirements in subsection (B) and the resident rights in subsection (E) were not conspicuously posted on the premises. 35. A review of R1's medical record revealed R1's date of admission and discharge was not available for review. 36. A review of R2's medical record revealed R2's date of admission was not available for review. 37. A review of R3's medical record revealed R3's date of admission was not available for review. 38. A review of the facility's electronic policies and procedures revealed a policy titled \"Emergency and Safety Standards\" (dated January 1, 2021). The policy stated \"Arizona Children's Group has entered into agreements or memorandums of understanding with a location designated as the evacuation site...Arizona Children's Group has an agreement and a contract with relocation of residents in the event of an emergency evacuation...\" However, th Plan of Correction Name, title and/or Position of the Person Responsible Date temporary correction was implemented Date permanent correction will be complete 2023-08-26 Temporary Solution Permanent Solution Monitoring"
        },
        {
            "rule": "M. An administrator shall ensure that the following information or documents are conspicuously posted on the premises and are available upon request to a personnel member, employee, resident, or a resident's representative: 2. The location at which inspection reports required in R9-10-720(C) are available for review or can be made available for review, and",
            "evidence": "Based on observation and interview, the administrator failed to ensure the location at which inspection reports were available for review or could be made available for review was conspicuously posted on the premises. The deficient practice posed a risk as the Department was unable to determine substantial compliance as the documentation was not available during the inspection, and the documentation was not provided within two hours after a Department request.",
            "findings": "1. The Compliance Officer did not observe a posting of the location at which inspection reports were available for review or could be made available for review. 2. In a joint interview, E1 and E2 acknowledged the location at which inspection reports were available for review or could be made available for review was not posted at the time of the inspection. Plan of Correction Name, title and/or Position of the Person Responsible Date temporary correction was implemented Date permanent correction will be complete 2023-08-26 Temporary Solution Permanent Solution Monitoring"
        },
        {
            "rule": "M. An administrator shall ensure that the following information or documents are conspicuously posted on the premises and are available upon request to a personnel member, employee, resident, or a resident's representative: 3. The calendar days and times when a resident may accept visitors or make telephone calls.",
            "evidence": "Based on observation and interview, the administrator failed to ensure the calendar days and times when a resident may accept visitors or make telephone calls were conspicuously posted on the premises. The deficient practice posed a risk as the Department was unable to determine substantial compliance as the documentation was not available during the inspection, and the documentation was not provided within two hours after a Department request.",
            "findings": "1. The Compliance Officer did not observe a posting of the calendar days and times when a resident could accept visitors or make telephone calls. 2. In an interview, E1 acknowledged the calendar days and times when a resident may accept visitors or make telephone calls were not conspicuously posted on the premises. Plan of Correction Name, title and/or Position of the Person Responsible Date temporary correction was implemented Date permanent correction will be complete 2023-12-01 Temporary Solution Permanent Solution Monitoring"
        },
        {
            "rule": "An administrator shall ensure that: 1. A plan is established, documented, and implemented for an ongoing quality management program that, at a minimum, includes: e. The frequency of submitting a documented report required in subsection (2) to the governing authority;",
            "evidence": "Based on documentation review and interview, the administrator failed to ensure a plan was implemented for an ongoing quality management program to include the frequency of submitting a documented report required in subsection (2) to the governing authority. The deficient practice posed a risk as a quality management program documents the necessary information required to effectively manage services provided, the Department was unable to determine compliance as the documentation was not available during the inspection and was not provided within two hours after a Department's request. Findings include: 1. A review of the facility's policies and procedures revealed a policy titled \"Quality Management Plan\" (dated November 27, 2021). The policy stated \"...Executive Leadership Team ...Meeting Frequency: Semi- Weekly ...Client Services Team ...Frequency: Weekly ...Clinical Services Team ...Frequency: Quarterly ...Risk Management/Safety Team ...Frequency: Quarterly ...Resident/Individual Rights Team ...Frequency: Quarterly ...\" 2. The Compliance Officer requested to review quality management documentation; however, documentation was not provided for review. 3. In a joint interview, E1 and E2 acknowledged quality management documentation was not available for review. Plan of Correction Name, title and/or Position of the Person Responsible Date temporary correction was implemented Date permanent correction will be complete 2023-08-25 Temporary Solution Permanent Solution Monitoring",
            "findings": ""
        },
        {
            "rule": "An administrator shall ensure that: 2.",
            "evidence": "Based on record review and interview, the Documentation of current contracted services is maintained that includes a description of the contracted services provided. administrator failed to ensure documentation of current contracted services included a description of the contracted services provided, for one behavioral health professional (BHP) sampled. The deficient practice posed a risk as the description of contracted services was not with an individual, the Department was unable to determine substantial compliance as the personnel record did not include the required documentation during the inspection, and the documentation was not provided within two hours after a Department request.",
            "findings": "1. A review of E6's (hired in 2020) personnel record revealed E6 was hired as the BHP. However, documentation of current contracted services including a description of the contracted services provided was not available for review. 2. In a joint interview, E1 and E2 acknowledged E6's documentation of current contracted services including a description of the contracted services to be provided with an individual was not available for review. Plan of Correction Name, title and/or Position of the Person Responsible Date temporary correction was implemented Date permanent correction will be complete 2023-06-14 Temporary Solution Permanent Solution Monitoring"
        },
        {
            "rule": "B. An administrator shall ensure that: 2. A personnel member's skills and knowledge are verified and documented: a. Before the personnel member provides physical health services or behavioral health services, and",
            "evidence": "Based on record review and interview, the administrator failed to ensure a personnel member's skills and knowledge were verified and documented before the personnel member provided behavioral health services, for seven of seven personnel members sampled. The deficient practice posed a risk if a personnel member was not qualified to work in a health care institution, the Department was unable to determine substantial compliance as the documentation was not in the personnel records during the inspection, and the documentation was not provided within two hours after a Department request. Findings include: R9-10-101.167. \"Personnel member\" means, except as defined in specific Articles in this Chapter . . . an individual providing physical health services or behavioral health services to a patient. R9-10-706.B.1.b.i.ii.iii. An administrator shall ensure that the qualification, skills and knowledge required for each type of personnel member: Include: The specific skills and knowledge necessary for the personnel member to provide the expected behavioral health services...listed in the established job description, the type and duration of education that may allow the personnel member to have acquired the specific skills and knowledge for the personnel member to provide the expected behavioral health services...listed in the established job description, and the type and duration of experience that may allow the personnel member to have acquired the specific skills and knowledge for the personnel member to provide the expected behavioral health services...listed in the established job description; 1. A review of E2's (hired in 2021) personnel record revealed E2 was hired as the house manager. However, documentation of the verification of skills and knowledge was not available for review. 2. A review of E3's (hired in 2022) personnel record revealed E3 was hired as a behavioral health paraprofessional. However, documentation of the verification of skills and knowledge was not available for review. 3. A review of E4's (hired in 2021) personnel record revealed E4 was hired as a behavioral health technician (BHT). However, documentation of the verification of skills and knowledge was not available for review. 4. A review of E5's (hired in 2022) personnel record revealed E2 was hired as a therapist/case manager. However, documentation of the verification of skills and knowledge was not available for review. 5. A review of E6's (hired in 2020) personnel record revealed E6 was hired as the behavioral health professional. However, documentation of the verification of skills and knowledge was not available for review. 6. A review of E7's (hired in 2021) personnel record revealed E7 was hired as a BHT. However, documentation of the verification of skills and knowledge was not available for review. 7. A review of E8's (hired in 2021) personnel record revealed E8 was hired as the registered nurse. However, documentation of the verification of skills and knowledge was not available for review. 8. In a joint interview, E1 and E2 acknowledged E2's, E3's, E4's, E5's, E6's, E7's, and E8's skills and knowledge were not verified and documented. Plan of Correction Name, title and/or Position of the Person Responsible Date temporary correction was implemented Date permanent correction will be complete 2023-06-14 Temporary Solution Permanent Solution Monitoring",
            "findings": ""
        },
        {
            "rule": "B. An administrator shall ensure that: 3. Sufficient personnel members are present on a behavioral health residential facility's premises with the qualifications, experience, skills, and knowledge necessary to: a. Provide the services in the behavioral health residential facility's scope of services, b. Meet the needs of a resident, and c. Ensure the health and safety of a resident.",
            "evidence": "Based on observation, documentation review, record review, and interview, the administrator failed to ensure sufficient personnel members were present on a behavioral health residential facility's premises with the qualifications, experience, skills, and knowledge necessary to meet the needs of a resident. The deficient practice posed a risk as a qualified personnel member was not present to meet a resident's needs and ensure the health and safety, the Department was unable to determine substantial compliance as the documentation was not available during the inspection, and the documentation was not provided within two hours after a Department request.",
            "findings": "1. A review of E2's (hired in 2021) personnel record revealed E2 was hired as the house manager. However, verification of skills and knowledge was not available for review. 2. A review of E3's (hired in 2022) personnel record revealed E3 was hired as a behavioral health paraprofessional (BHPP). However, verification of skills and knowledge was not available for review. 3. A review of E4's (hired in 2021) personnel record revealed E4 was hired as a behavioral health technician (BHT). However, verification of skills and knowledge was not available for review. 4. A review of E5's (hired in 2022) personnel record revealed E2 was hired as a therapist/case manager. However, verification of skills and knowledge was not available for review. 5. A review of E6's (hired in 2020) personnel record revealed E6 was hired as the behavioral health professional (BHP). However, verification of skills and knowledge was not available for review. 6. A review of E7's (hired in 2021) personnel record revealed E7 was hired as a BHT. However, verification of skills and knowledge was not available for review. 7. A review of E8's (hired in 2021) personnel record revealed E8 was hired as the registered nurse (RN). However, verification of skills and knowledge was not available for review. 8. A review of E2's personnel record revealed E2 was hired as the house manager. However, documentation of education applicable to E2's job duties was not available for review. 9. A review of E3's personnel record revealed E3 was hired as a BHPP; caregiver. However, documentation of education applicable to E3's job duties was not available for review. 10. A review of E4's personnel record revealed E4 was hired as a BHT. However, documentation of education applicable to E4's job duties was not available for review. 11. A review of E5's personnel record revealed E5 was hired as a therapist/case manager. However, documentation of education applicable to E5's job duties was not available for review. 12. A review of E6's personnel record revealed E6 was hired as the behavioral health professional. However, documentation of education applicable to E6's job duties was not available for review. 13. A review of E7's personnel record revealed E7 was hired as a BHT. However, documentation of education applicable to E7's job duties was not available for review. 14. In a joint interview, E1 and E2 acknowledged the findings. Plan of Correction Name, title and/or Position of the Person Responsible Date temporary correction was implemented Date permanent correction will be complete 2023-06-30 Temporary Solution Permanent Solution Monitoring"
        },
        {
            "rule": "G. An administrator shall ensure that a personnel record is maintained for each personnel member, employee, volunteer, or student that includes: 3. Documentation of: b. The individual's education and experience applicable to the individual's job duties;",
            "evidence": "Based on record review and interview, the administrator failed to ensure a personnel record was maintained for each personnel member to include documentation of the individual's education applicable to the individual's job duties, for six of seven personnel members sampled. The deficient practice posed a risk if a personnel member was unable to meet a resident's needs, the Department was unable to determine substantial compliance as the documentation was not in the personnel records during the inspection, and the documentation was not provided within two hours after a Department request.",
            "findings": "1. A review of E2's personnel record revealed E2 was hired as the house manager. However, documentation of education applicable to E2's job duties was not available for review. 2. A review of E3's personnel record revealed a job description for a behavioral health paraprofessional (BHPP). The job description stated \"Qualifications and Education Requirements...Minimum of 21- years old; a High School Diploma or GED equivalency...\" However, documentation of education was not available for review. 3. A review of E4's personnel record revealed E4 was hired as a BHT. However, documentation of education applicable to E4's job duties was not available for review. 4. A review of E5's personnel record revealed E5 was hired as a therapist/case manager. However, documentation of education applicable to E5's job duties was not available for review. 5. A review of E5's personnel record revealed E5 was hired as a therapist/case manager. However, documentation of education applicable to E5's job duties was not available for review. 6. A review of E6's personnel record revealed E6 was hired as the behavioral health professional. However, documentation of education applicable to E6's job duties was not available for review. 7. A review of E7's personnel record revealed a job description for a behavioral health technician (BHT). The job description stated \"Education, Experience and Preferred Qualifications...Minimum of High School diploma or GED...\" However, documentation of education was not available for review. 8. In a joint interview, E1 and E2 acknowledged documentation of E2's, E3's, E4's, E5's, E6's, and E7's education applicable to their job duties was not available for review. Plan of Correction Name, title and/or Position of the Person Responsible Date temporary correction was implemented Date permanent correction will be complete 2023-07-11 Temporary Solution Permanent Solution Monitoring"
        },
        {
            "rule": "G. An administrator shall ensure that a personnel record is maintained for each personnel member, employee, volunteer, or student that includes: 3. Documentation of: j.",
            "evidence": "of freedom from infectious tuberculosis, if required for the individual according to subsection (F). Evidence Based on record review and interview, the administrator failed to ensure a personnel record was maintained for each personnel member to include documentation of evidence of freedom from infectious tuberculosis (TB), if required for the individual according to subsection (F), for one of nine personnel members sampled. The deficient practice posed a TB exposure risk to residents, the Department was unable to determine substantial compliance as the required documentation was not included in the personnel records during the inspection, and the documentation was not provided to the Department within two hours after a Department request.",
            "findings": "1. A review of E5s (hired in 2022) personnel record revealed documentation of a negative TB test was not available for review. 2. In a joint interview, E1 and E2 acknowledged current documentation of evidence of freedom from infectious TB for E5 was not available for review. Plan of Correction Name, title and/or Position of the Person Responsible Date temporary correction was implemented Date permanent correction will be complete 2023-07-15 Temporary Solution Permanent Solution Monitoring"
        },
        {
            "rule": "K. An administrator shall ensure that: 3. There is a daily staffing schedule that: a. Indicates the date, scheduled work hours, and name of each employee assigned to work, including on-call personnel members; b. Includes documentation of the employees who work each calendar day and the hours worked by each employee; and c. Is maintained for at least 12 months after the last date on the documentation;",
            "evidence": "Based on documentation review and interview, the administrator failed to ensure there was a daily staffing schedule indicating the date, scheduled work hours, and name of each employee assigned to work, including on-call personnel members; to include the behavioral health professional and the registered nurse, including documentation of the employees who worked each calendar day and the hours worked by each employee, and was maintained for at least 12 months after the last date on the documentation. The deficient practice posed a risk if there was no record to ensure shifts and tasks were covered, the Department was unable to determine substantial compliance as the documentation was not available during the inspection, and the documentation was not provided within two hours after a Department request.",
            "findings": "1. The Compliance Officer requested to review daily staffing schedules indicating the date, scheduled work hours, and name of each employee assigned to work, including on-call personnel members, including documentation of the employees who worked each calendar day and the hours worked by each employee. 2. A review of facility documentation revealed a daily staffing schedule dated February 27, 2023 to March 5, 2023. However, documentation maintained for at least 12 months after the last date on the documentation was not available for review. 3. A review of the daily staffing schedule revealed the daily staffing schedule did not include documentation of the employees who worked each calendar day and the hours worked by each employee, and did not include on-call personnel members to include the behavioral health professional and registered nurse. 4. In a joint interview interview, E1 and E2 acknowledged a daily staffing schedule which indicated the date, scheduled work hours, and name of each employee assigned to work, including on-call personnel members, included documentation of the employees who worked each calendar day and the hours worked by each employee, and was maintained for at least 12 months after the last date on the documentation was not available for review. Plan of Correction Name, title and/or Position of the Person Responsible Date temporary correction was implemented Date permanent correction will be complete 2023-09-28 Temporary Solution Permanent Solution Monitoring"
        },
        {
            "rule": "A. An administrator shall ensure that: 9. Except as provided in subsection (A)(10), a behavioral health assessment for a resident is completed before treatment for the resident is initiated;",
            "evidence": "Based on record review, documentation review, and interview, the administrator failed to ensure a behavioral health assessment was completed before treatment for the resident was initiated, for two of two current residents sampled. The deficient practice posed a risk as an analysis of the resident's needs for behavioral health services to determine which services a health care institution would provide was not completed, the Department was unable to determine compliance as the documentation was not in the medical records during the inspection, and the documentation was not provided within two hours after a Department's request.",
            "findings": "1. A review of R2's (admitted in 2023) medical record revealed a behavioral health assessment for R2 was not available for review. 2. A review of electronic documentation provided by E1, revealed group and individual counseling notes dated in January 2023 and February 2023 for R2. 3. A review of R3's (admitted in 2022) medical record revealed a behavioral health assessment for R3 was not available for review. 4. A review of electronic documentation provided by E1, revealed group and individual counseling notes dated in September 2022, October 2022, November 2022, December 2022, January 2023, and February 2023 for R3. 5. In a joint interview, E1 and E2 acknowledged R2's and R3's behavioral health assessments were not completed before treatment. Plan of Correction Name, title and/or Position of the Person Responsible Date temporary correction was implemented Date permanent correction will be complete 2023-08-26 Temporary Solution Permanent Solution Monitoring"
        },
        {
            "rule": "A. An administrator shall ensure that: 13. Except as provided in subsection (E)(1)(d), a resident provides",
            "evidence": "of freedom from infectious tuberculosis: a. Before or within seven calendar days after the resident's admission, and b. As specified in R9-10-113. Evidence Based on record review and interview, the administrator failed to ensure a resident provided evidence of freedom from infectious tuberculosis (TB) before or within seven calendar days after the resident's admission, for two of two current residents sampled and one of one discharged resident sampled. The deficient practice posed a TB exposure risk to residents, the Department was unable to determine substantial compliance as the documentation was not in the medical records during the inspection, and the documentation was not provided within two hours after a Department request.",
            "findings": "1. A review of R1's (admitted in 2022) medical record revealed documentation of freedom from infectious TB was not available for review. 2. A review of R2's (admitted in 2023) medical record revealed documentation of freedom from infectious TB was not available for review. 3. A review of R3's (admitted in 2022) medical record revealed documentation of freedom from infectious TB was not available for review. 4. In a joint interview, E1 and E2 acknowledged R1, R2 and R3 did not provide evidence of freedom from infectious TB before or within seven calendar days after the resident's admission. Plan of Correction Name, title and/or Position of the Person Responsible Date temporary correction was implemented Date permanent correction will be complete 2023-08-31 Temporary Solution Permanent Solution Monitoring"
        },
        {
            "rule": "A. An administrator shall ensure that a treatment plan is developed and implemented for each resident that: 2. Is completed: b. Before the resident receives physical health services or behavioral health services or within 48 hours after the assessment is completed;",
            "evidence": "Based on record review, documentation review and interview, the administrator failed to ensure a treatment plan was developed for each resident and was completed before the resident received behavioral health services, for two of two current residents sampled. The deficient practice posed a risk as a treatment plan was not developed to articulate decisions and agreements before treatment was initiated, the Department was unable to determine substantial compliance as the documentation was not in the medical records during the inspection, and the documentation was not provided within two hours after a Department's request.",
            "findings": "1. A review of R2's (admitted in 2023) medical record revealed a treatment plan was not available for review. 2. A review of electronic documentation provided by E1, revealed group and individual counseling notes dated in January 2023 and February 2023 for R2. 3. A review of R3's (admitted in 2022) medical record revealed a treatment plan was not available for review. 4. A review of electronic documentation provided by E1, revealed group and individual counseling notes dated in September 2022, October 2022, November 2022, December 2022, January 2023, and February 2023 for R3. 5. In a joint interview, E1 and E2 acknowledged R2's and R3's treatment plans were not completed before the resident received behavioral health services. Plan of Correction Name, title and/or Position of the Person Responsible Date temporary correction was implemented Date permanent correction will be complete 2023-08-31 Temporary Solution Permanent Solution Monitoring"
        },
        {
            "rule": "A. An administrator shall ensure that a treatment plan is developed and implemented for each resident that: 4. Includes: b. The physical health services or behavioral health services to be provided to the resident;",
            "evidence": "Based on record review and interview, the administrator failed to ensure a treatment plan was developed for each resident to include the behavioral health services to be provided to the resident, for one of one discharged resident sampled. The deficient practice posed a risk a resident did not receive treatment to cure, improve, or palliate their behavioral health issue at the health care institution, the Department was unable to determine substantial compliance as the documentation was not in the medical record during the inspection, and the documentation was not provided within two hours after a Department request.",
            "findings": "1. A review of R1's medical record revealed a treatment plan dated in February 2023. The treatment plan included various goals, objectives, and interventions. However, the treatment plan did not include the behavioral health services to be provided to R1. 2. In a joint interview, E1 and E2 acknowledged R1's treatment plan did not include the behavioral health services to be provided to R1. Plan of Correction Name, title and/or Position of the Person Responsible Date temporary correction was implemented Date permanent correction will be complete 2023-08-31 Temporary Solution Permanent Solution Monitoring"
        },
        {
            "rule": "A. An administrator shall ensure that: 1. The requirements in subsection (B) and the resident rights in subsection (E) are conspicuously posted on the premises;",
            "evidence": "Based on observation and interview, the administrator failed to ensure the requirements in subsection (B) and the resident rights in subsection (E) were conspicuously posted on the premises. The deficient practice posed a risk as the Department was unable to determine substantial compliance as the documentation was not available during the inspection, and the documentation was not provided within two hours after a Department request.",
            "findings": "1. The Compliance Officer observed a facility posting titled \"CLIENT COPY OF CLIENT RIGHTS.\" The document stated \"Arizona Statutes R9-20-203 Department of Behavioral Health Licensure...require that you be informed of your rights as a client...\" However, the requirements in subsection (B) and the resident rights in subsection (E) were not conspicuously posted on the premises. 2. In a joint interview, E1 and E2 acknowledged the requirements and the rights from subsections (B) and (E) were not conspicuously posted on the premises. Plan of Correction Name, title and/or Position of the Person Responsible Date temporary correction was implemented Date permanent correction will be complete 2023-07-21 Temporary Solution Permanent Solution Monitoring"
        },
        {
            "rule": "C. An administrator shall ensure that a resident's medical record contains: 4. The date of admission and, if applicable, date of discharge;",
            "evidence": "Based on record review and interview, the administrator failed to ensure a resident's medical record contained the date of admission, for two of two current residents sampled and one of one discharged resident sampled and the date of discharge, for one of one discharged resident sampled. The deficient practice posed a risk the Department was unable to determine substantial compliance as the documentation was not in the medical records during the inspection, and the documentation was not provided within two hours after a Department request . Findings include: 1. A review of R1's medical record revealed R1's date of admission and discharge was not available for review. 2. A review of R2's medical record revealed R2's date of admission was not available for review. 3. A review of R3's medical record revealed R3's date of admission was not available for review. 4. In an interview, E1 reported R1's date of admission was dated in July 2022 and R1's date of discharge was dated in March 2023, R2's date of admission was dated in January 2023, and R3's date of admission was dated in November 2022. 5. In a joint interview, E1 and E2 acknowledged R1's medical record did not include the date of admission or discharge and R2's and R3's medical records did not include the date of admission. Plan of Correction Name, title and/or Position of the Person Responsible Date temporary correction was implemented Date permanent correction will be complete 2023-11-14 Temporary Solution Permanent Solution Monitoring",
            "findings": ""
        },
        {
            "rule": "B. Except for an outdoor behavioral health care program provided by a behavioral health residential facility, an administrator shall ensure that: 1. A disaster plan is developed, documented, maintained in a location accessible to personnel members and other employees, and, if necessary, implemented that includes: a. When, how, and where residents will be relocated;",
            "evidence": "Based on documentation review and interview, the administrator failed to ensure a disaster plan include where residents would be relocated. The deficient practice posed a risk as the Department was unable to determine substantial compliance as the documentation was not available during the inspection and the documentation was not provided within two hours after a Department request. Findings: 1. A review of the facility's electronic policies and procedures revealed a policy titled \"Emergency and Safety Standards\" (dated January 1, 2021). The policy stated \"Arizona Children's Group has entered into agreements or memorandums of understanding with a location designated as the evacuation site...Arizona Children's Group has an agreement and a contract with relocation of residents in the event of an emergency evacuation...\" However, the document did not include where residents would be relocated in the event of a disaster. 2. In a joint interview, E1 and E2 acknowledged the disaster plan did not include where residents would be relocated. Plan of Correction Name, title and/or Position of the Person Responsible Date temporary correction was implemented Date permanent correction will be complete 2023-11-14 Temporary Solution Permanent Solution Monitoring",
            "findings": ""
        },
        {
            "rule": "B. Except for an outdoor behavioral health care program provided by a behavioral health residential facility, an administrator shall ensure that: 2. The disaster plan required in subsection (B)(1) is reviewed at least once every 12 months;",
            "evidence": "Based on documentation review and interview, the administrator failed to ensure the disaster plan was reviewed at least once every 12 months. The deficient practice posed a risk as a disaster plan reinforces and clarifies standards expected of employees, the Department was unable to determine substantial compliance as the documentation was not available during the inspection, and the documentation was not provided within two hours after a Department request.",
            "findings": "1. A review of Department documentation revealed the facility's perpetual license was effective on November 29, 2019. 2. A review of the facility's electronic policies and procedures revealed a document titled \"DISASTER PLAN REVIEW- AT LEAST ONCE EVERY 12 MONTHS\" (dated January 4, 2021). However, documentation to indicate the disaster plan was reviewed at least once every 12 months was not available for review. 3. In a joint interview, E1 and E2 acknowledged the facility's disaster plan had not been reviewed at least once every 12 months. Plan of Correction Name, title and/or Position of the Person Responsible Temporary Solution Date temporary correction was implemented Date permanent correction will be complete 2023-11-18 Permanent Solution Monitoring"
        },
        {
            "rule": "B. Except for an outdoor behavioral health care program provided by a behavioral health residential facility, an administrator shall ensure that: 4. A disaster drill for employees is conducted on each shift at least once every three months and documented;",
            "evidence": "Based on documentation review and interview, the administrator failed to ensure a disaster drill for employees was conducted on each shift at least once every three months and documented. The deficient practice posed a risk if employees were unable to implement a disaster plan, the Department was unable to determine substantial compliance as the documentation was not available during the inspection, and the documentation was not provided within two hours after a Department request.",
            "findings": "1. A review of Department documentation revealed the facility's perpetual license was effective on November 29, 2019. 2. A review of facility documentation revealed a daily staffing schedule. The daily staffing schedule revealed the facility maintained the following shifts: -8:00 AM to 3:00 PM; -8:00 AM to 4:00 PM; -2:00 PM to 9:00 PM; -2:00 PM to 10:00 PM; -2:00 PM to 11:00 PM; -3:00 PM to 9:00 PM; -3:00 PM to 11:00 PM; -4:00 PM to 9:00 PM; -4:00 PM to 10:00 PM; -4:00 PM to 11:00 PM; -10:00 PM to 8:00 AM; and -11:00 PM to 8:00 AM. 3. A review of facility documentation revealed disaster drills for employees conducted on each shift at least once every three months was not available for review. 4. In a joint interview, E1 and E2 acknowledged disaster drills for employees were not conducted and documented on each shift at least once every three months and documented. Plan of Correction Name, title and/or Position of the Person Responsible Date temporary correction was implemented Date permanent correction will be complete 2023-11-14 Temporary Solution Permanent Solution Monitoring"
        },
        {
            "rule": "B. Except for an outdoor behavioral health care program provided by a behavioral health residential facility, an administrator shall ensure that: 5. An evacuation drill for employees and residents on the premises is conducted at least once every six months on each shift;",
            "evidence": "Based on documentation review and interview, the administrator failed to ensure an evacuation drill for employees and residents on the premises was conducted at least once every six months on each shift. The deficient practice posed a risk if employees were unable to implement a disaster plan, the Department was unable to determine substantial compliance as the documentation was not available during the inspection, and the documentation was not provided within two hours after a Department request. Findings include: 1. A review of facility documentation revealed a daily staffing schedule. The daily staffing schedule revealed the facility maintained the following shifts: -8:00 AM to 3:00 PM; -8:00 AM to 4:00 PM; -2:00 PM to 9:00 PM; -2:00 PM to 10:00 PM; -2:00 PM to 11:00 PM; -3:00 PM to 9:00 PM; -3:00 PM to 11:00 PM; -4:00 PM to 9:00 PM; -4:00 PM to 10:00 PM; -4:00 PM to 11:00 PM; -10:00 PM to 8:00 AM; and -11:00 PM to 8:00 AM. 2. A review of facility documentation revealed evacuation drills for employees and residents on the premises were conducted on the following dates and shift: -November 15, 2022 at 8:46 PM; and -August 5, 2022 at 11 PM. However, evacuation drills conducted at least once every six months on each shift were not available for review. 3. In a joint interview, E1 and E2 acknowledged evacuation drills for employees and residents were not conducted on each shift at least once every six months on each shift. Plan of Correction Name, title and/or Position of the Person Responsible Date temporary correction was implemented Date permanent correction will be complete 2023-06-14 Temporary Solution Permanent Solution Monitoring",
            "findings": ""
        },
        {
            "rule": "A. Except for an outdoor behavioral health care program provided by a behavioral health residential facility, an administrator shall ensure that: 1. The premises and equipment are: c. Free from a condition or situation that may cause a resident or other individual to suffer physical injury;",
            "evidence": "Based on observation and interview, the administrator failed to ensure the facility was free from a condition or situation to cause a resident or other individual to suffer physical injury. The deficient practice posed a risk as a ligature point was identified in the behavioral health residential facility.",
            "findings": "1. The Compliance Officer observed, in a shared bedroom, a sliding barn door leading into the shared bathroom. The Compliance Officer observed the track for the sliding barn door was bolted into the wall, with a space between the track and wall. However, this space created a ligature point. 2. A review of R1's medical record revealed a document titled \"Emotional Concerns.\" The document included statements with boxes next to the statements. The following box was checked \"I have had thoughts of suicide or harming myself.\" 3. A review of R2's medical record revealed a document titled \"Emotional Concerns.\" The document included statements with boxes next to the statements. The following box was checked \"I have had thoughts of suicide or harming myself...I have cut myself or mutilated part of my body...\" 4. A review of R3's medical record revealed a document titled \"Emotional Concerns.\" The document included statements with boxes next to the statements. The following box was checked \"I have had thoughts of suicide or harming myself...I have cut myself or mutilated part of my body...\" 5. In a joint interview, E1 and E2 acknowledged the facility was not free from a condition or situation that could cause a resident or other individual to suffer physical injury. Plan of Correction Name, title and/or Position of the Person Responsible Date temporary correction was implemented Date permanent correction will be complete 2023-07-13 Temporary Solution Permanent Solution Monitoring"
        },
        {
            "rule": "A. Except for an outdoor behavioral health care program provided by a behavioral health residential facility, an administrator shall ensure that: 2. A pest control program that complies with A.A.C. R3-8-20l(C)(4) is implemented and documented;",
            "evidence": "Based on documentation review and interview, the administrator failed to ensure a pest control program documented. The deficient practice posed a risk as the Department was unable to determine substantial compliance as the documentation was not available during the inspection, and the documentation was not provided within two hours after a Department request.",
            "findings": "1. The Compliance Officers requested to review the facility's pest control program. However, documentation of a current pest control program was not provided for review. 2. In an interview, E1 reported BH5927 does not have a pest control program. 3. In a joint interview, E1 and E2 acknowledged a pest control program was not available for review. Plan of Correction Name, title and/or Position of the Person Responsible Date temporary correction was implemented Date permanent correction will be complete 2023-05-21 Temporary Solution Permanent Solution Monitoring"
        },
        {
            "rule": "B. An administrator shall ensure that: 8. A resident bedroom complies with the following: k. Has a clothing rod or hook in the bedroom designed to minimize the opportunity for a resident to cause self-injury.",
            "evidence": "Based on observation and interview, the administrator failed to ensure a resident bedroom had a clothing rod in the bedroom designed to minimize the opportunity for a resident to cause self-injury. The deficient practice posed a risk to the physical health and safety of residents.",
            "findings": "1. The Compliance Officer observed clothing rods in R1's, R2's, R3's, and R4's bedrooms closets. However, the rods did not give way when a Compliance Officer applied downward pressure. 2. A review of R1's medical record revealed a document titled \"Emotional Concerns.\" The document included statements with boxes next to the statements. The following box was checked \"I have had thoughts of suicide or harming myself.\" 3. A review of R2's medical record revealed a document titled \"Emotional Concerns.\" The document included statements with boxes next to the statements. The following box was checked \"I have had thoughts of suicide or harming myself...I have cut myself or mutilated part of my body...\" 4. A review of R3's medical record revealed a document titled \"Emotional Concerns.\" The document included statements with boxes next to the statements. The following box was checked \"I have had thoughts of suicide or harming myself...I have cut myself or mutilated part of my body...\" 5. In a joint interview, E1 and E2 acknowledged the rods were a health and safety risk and did not give way when the Compliance Officers applied downward pressure. Plan of Correction Name, title and/or Position of the Person Responsible Date temporary correction was implemented Date permanent correction will be complete 2023-08-03 Temporary Solution Permanent Solution Monitoring"
        }
    ]
}