{
    "legal_name": "ARIZONA CHILDREN'S GROUP LLC",
    "facility_status": "Active",
    "address": "142 West Ivanhoe Place, Chandler, AZ 85225",
    "license_status": "Active",
    "phone": "4809551454",
    "license_number": "BH5927",
    "max_licensed_capacity": "5",
    "license_effective_date": "11/1/2024",
    "chief_administrative_officer": "ALONZO WILLIAMS",
    "license_expires_date": "10/31/2025",
    "owner_licensee": "ARIZONA CHILDREN'S GROUP LLC",
    "inspection_number": "INSP-0058329",
    "inspection_date": "1/11/2024",
    "inspection_type": "Complaint;Compliance (Annual)",
    "certificate_number": "Initial Comments",
    "deficiencies": [
        {
            "rule": "36-420.01. Health care institutions; fall prevention and fall recovery; training programs; definition A. Each health care institution shall develop and administer a training program for all staff regarding fall prevention and fall recovery. The training program shall include initial training and continued competency training in fall prevention and fall recovery. A health care institution may use information and training materials from the department's Arizona falls prevention coalition in developing the training program.",
            "evidence": "Based on documentation review, record review, and interview, the health care institution failed to develop a training program for all staff regarding fall prevention and fall recovery to include initial training and continued competency training in fall prevention and fall recovery. The deficient practice posed a risk as organized instruction and information related to resident care and safety was not developed and implemented.",
            "findings": "1. A review of the facility's policies and procedures revealed a policy titled \"Fall Prevention and Recovery Training for Caregivers\" (date unavailable). However, the initial training and continued competency training requirement for all staff was not included in the policy. 2. In a joint interview, E1 and E2 acknowledged the policy did not include the initial training and continued training for all staff. This is a repeat deficiency from the on-site compliance and complaint inspection conducted on March 3, 2023. Plan of Correction Name, title and/or Position of the Person Responsible Temporary Solution Permanent Solution Date temporary correction was implemented Date permanent correction will be complete 2024-01-23 Monitoring"
        },
        {
            "rule": "B. An administrator: 3. Except as provided in subsection (A)(6), designates, in writing, an individual who is present on the behavioral health residential facility's premises and accountable for the behavioral health residential facility when the administrator is not present on the behavioral health residential facility's premises.",
            "evidence": "Based on observation, record review, documentation review, and interview, the administrator failed to designate, in writing, an individual who was present on the behavioral health residential facility's premises and accountable for the behavioral health residential facility when the administrator was not present on the behavioral health residential facility's premises. The deficient practice posed a risk as E2 and E10 were not present on the premises and accountable when E1 was not present on the premises. Findings include: 1. The Compliance Officer observed E3 working, alone, on the premises when the Compliance Officer arrived at approximately 11:20 AM. 2. A review of E3's (hired in 2023) personnel record revealed E3 was hired as a behavioral health technician (BHT/Peer Support). However, documentation designating E3 to be present on the behavioral health residential facility's premises and accountable for the behavioral health facility when the administrator was not present was not available for review. 3. The Compliance Officer observed E1 and E2 arrive on the premises at approximately 11:58 AM. 4. A review of the facility's policies and procedures revealed a policy titled \"Administrator\" (dated November 27, 2021). The policy stated \"The Administrator may designates [sic] in writing, an individual who is present on the Arizona Children's Group Premises and accountable for the facility when the Administrator is not present and on-site...During the absence of the Administrator, a qualified designee will be the designated relief person who will assume the necessary Administrator responsibilities for the day-to-day operations of Arizona Children's Group in the interim...I [E10], accept the responsibility of Alternative Administrator for the agency on Monday-Friday, 8 a.m. to 5 p.m., in the absence of the above Administrator...I [E2], accept the responsibility of the secondary Alternative Administrator for the agency on Monday-Friday, 8 a.m. to 5 p.m., in the absence of the above primary Alternate Administrator...\" The document was signed and dated in 2023, by E1, E2, and E10. 5. In a joint interview, E1 and E2 acknowledged E2 and E10 were not present on the behavioral health residential facility's premises and accountable for the behavioral health residential facility when E1 was not present on the behavioral health residential facility's premises. This is a repeat deficiency from the on-site compliance and complaint inspection conducted on March 3, 2023. Plan of Correction Name, title and/or Position of the Person Responsible Date temporary correction was implemented Date permanent correction will be complete 2024-01-15 Temporary Solution Permanent Solution Monitoring",
            "findings": ""
        },
        {
            "rule": "C. An administrator shall ensure that: 1. Policies and procedures are established, documented, and implemented to protect the health and safety of a resident that: a. Cover job descriptions, duties, and qualifications, including required skills, knowledge, education, and experience for personnel members, employees, volunteers, and students;",
            "evidence": "Based on documentation review and interview, the administrator failed to establish and document policies and procedures to protect the health and safety of a resident to cover qualification, including skills and knowledge for personnel members, employees, volunteers, and students. The deficient practice posed a risk as policies and procedures reinforce and clarify standards expected of employees.",
            "findings": "1. A review of Department documentation revealed the facility's perpetual license was effective on November 29, 2019. 2. A review of the facility's policies and procedures (dated November 27, 2021) revealed policies and procedures to include qualifications, including skills and knowledge were not available for review. 3. In a joint interview, E1 and E2 acknowledged policies and procedures were not established and documented to cover required skills and knowledge for personnel members, employees, volunteers, and students. This is a repeat deficiency from the on-site compliance and complaint inspection conducted on March 3, 2023. Plan of Correction Name, title and/or Position of the Person Responsible Date temporary correction was implemented Date permanent correction will be complete 2024-01-17 Temporary Solution Permanent Solution Monitoring"
        },
        {
            "rule": "C. An administrator shall ensure that: 5. Unless otherwise stated: a. Documentation required by this Article is provided to the Department within two hours after a Department request; and",
            "evidence": "Based on record review, documentation review, and interview, the administrator failed to ensure documentation required by Article 7 was provided to the Department within two hours after a Department request. The deficient practice posed a risk as the Department was unable to determine substantial compliance.",
            "findings": "1. The Compliance Officer requested complete personnel records (per R9-10-706.G.1-3) for E1, E3, E4, E5, E6, E7, and E8 at 12:00 PM. 2. A review of E3's, E4's, and E6's personnel records revealed documentation of clinical oversight for the month of December 2023 was not available for review. 3. A review of documentation provided by E1, at approximately 6:00 PM, reveal clinical oversight for E3, E4, and E6. 4. A review of E7's (hired in 2023) personnel record revealed E7 was hired as the registered nurse. However, documentation of E7's completed orientation was not available for review. 5. A review of E8's (hired in 2023) personnel record revealed E8 was hired as the behavioral health professional. However, documentation of E8's completed orientation was not available for review. 6. In a joint interview, E1 and E2 acknowledged the requested documentation was not provided within two hours after a Department request. This is a repeat deficiency from the on-site compliance and complaint inspection conducted on March 3, 2023. Plan of Correction Name, title and/or Position of the Person Responsible Date temporary correction was implemented Date permanent correction will be complete 2024-02-12 Temporary Solution Permanent Solution Monitoring"
        },
        {
            "rule": "E. An administrator shall ensure that: 2. A personnel member completes orientation before providing behavioral health services or physical health services;",
            "evidence": "Based on documentation review, record review, and interview, the administrator failed to ensure a personnel member completed orientation before providing behavioral health services, for two of eight personnel members sampled. The deficient practice posed a risk if E7 and E8 were unable to meet a residents needs.",
            "findings": "R9-10-101.153. \"Orientation\" means the initial instruction and information provided to an individual before the individual starts work or volunteer services in a health care institution. 1. A review of the facility's policies and procedures revealed a policy titled \"Staff Qualifications, Training, and Responsibilities\" (dated January 1, 2021). The policy stated \"...When a community residential service is delivered...a direct care staff shall be present who has completed the following required training...Orientation to the specific needs of clients living in the community residential setting...\" 2. A review of E7's (hired in 2023) personnel record revealed E7 was hired as the registered nurse. However, documentation of E7's completed orientation was not available for review. 3. A review of E8's (hired in 2023) personnel record revealed E8 was hired as the behavioral health professional. However, documentation of E8's completed orientation was not available for review. 4. In a joint interview, E1 and E2 acknowledged E7's and E8's orientation had not been completed prior to providing behavioral health services or physical health services. Plan of Correction Name, title and/or Position of the Person Responsible Date temporary correction was implemented Date permanent correction will be complete 2024-01-23 Temporary Solution Permanent Solution Monitoring"
        },
        {
            "rule": "A. An administrator shall ensure that: 13. Except as provided in subsection (E)(1)(d), a resident provides",
            "evidence": "of freedom from infectious tuberculosis: a. Before or within seven calendar days after the resident's admission, and b. As specified in R9-10-113. Evidence Based on record review and interview, the administrator failed to ensure a resident provided evidence of freedom from infectious tuberculosis (TB) before or within seven calendar days after the resident's admission, for one of two current residents sampled. The deficient practice posed a TB exposure risk to residents.",
            "findings": "1. A review of R2's (admitted in 2023) medical record revealed documentation a TB test had been administered (dated in October 2023). However, documentation of the TB test result and freedom from infectious TB was not available for review. 2. In a joint interview, E1 and E2 acknowledged R2 did not provide evidence of freedom from infectious TB before or within seven calendar days after R2's admission. This is a repeat deficiency from the on-site compliance and complaint investigation conducted on March 3, 2023. Plan of Correction Name, title and/or Position of the Person Responsible Date temporary correction was implemented Date permanent correction will be complete 2024-02-10 Temporary Solution Permanent Solution Monitoring"
        },
        {
            "rule": "A. An administrator shall ensure that a treatment plan is developed and implemented for each resident that: 4. Includes: b. The physical health services or behavioral health services to be provided to the resident;",
            "evidence": "Based on record review and interview, the administrator failed to ensure a treatment plan was developed for each resident to include the number of hours of counseling to be provided to the resident per R9-10-716(B)(2), for two of two current residents sampled and one of four discharged residents sampled. The deficient practice posed a risk if a resident did not receive treatment to cure, improve, or palliate their behavioral health issue at the health care institution.",
            "findings": "1. A review of R1's medical record revealed a treatment plan (dated in December 2023). The treatment plan did include the frequency of counseling to be provided. However, the treatment plan did not include the number of hours of counseling to be provided to R1. 2. A review of R2's medical record revealed a treatment plan (dated in December 2023). The treatment plan did include the frequency of counseling to be provided. However, the treatment plan did not include the number of hours of counseling to be provided to R2. 3. A review of R4's medical record revealed a treatment plan (dated in September 2023). The treatment plan did include the frequency of counseling to be provided. However, the treatment plan did not include the number of hours of counseling to be provided to R4. 4. In a joint interview, E1 and E2 acknowledged R1's, R2's, and R4's treatment plans did not include the number of hours of counseling to be provided to R1, R2 and R4. Plan of Correction Name, title and/or Position of the Person Responsible Date temporary correction was implemented Date permanent correction will be complete 2024-01-22 Temporary Solution Permanent Solution Monitoring"
        },
        {
            "rule": "A. An administrator shall ensure that a treatment plan is developed and implemented for each resident that: 4. Includes: c. The signature of the resident or the resident's representative, and date signed, or documentation of the refusal to sign;",
            "evidence": "Based on record review and interview, the administrator failed to ensure a treatment plan was developed for each resident to include the signature of the resident's representative, and the date signed, or documentation of the refusal to sign, for two of two current residents sampled. The deficient practice posed a risk if the treatment plan was not developed to articulate decisions and agreements. Findings include: 1. A review of R1's medical record revealed a treatment plan (dated in December 2023) developed by E8. However, the treatment plan did not include the signature of the resident's representative, and the date signed, or documentation of the refusal to sign. 2. A review of R2's medical record revealed a treatment plan (dated in December 2023) developed by E8. However, the treatment plan did not include the signature of the resident's representative, and the date signed, or documentation of the refusal to sign. 3. In a joint interview, E1 and E2 acknowledged R1's and R2's treatment plans did not include the signature of the resident's representative, and date signed, or documentation of the refusal to sign. Plan of Correction Name, title and/or Position of the Person Responsible Date temporary correction was implemented Date permanent correction will be complete Temporary Solution Permanent Solution Monitoring 2024-01-22",
            "findings": ""
        },
        {
            "rule": "A. An administrator shall ensure that: 2. At the time of admission, a resident or the resident's representative receives a written copy of the requirements in subsection (B) and the resident rights in subsection (E); and",
            "evidence": "Based on record review and interview, the administrator failed to ensure at the time of admission, a resident or the resident's representative received a written copy of the requirements in subsection (B) and the resident rights in subsection (E), for two of two current residents sampled. The deficient practice posed a risk as individuals were not informed of the resident requirements and rights.",
            "findings": "1. A review of R1's and R2's medical records revealed documented evidence of R1 and R2 receiving a written copy of the requirements in subsection (B) and the resident rights in subsection (E) were not available for review. 2. In a joint interview, E1 and E2 acknowledged the two residents or resident's representatives did not receive a written copy of the requirements in subsection (B) and the resident rights in subsection (E). Plan of Correction Name, title and/or Position of the Person Responsible Date temporary correction was implemented Date permanent correction will be complete 2024-01-13 Temporary Solution Permanent Solution Monitoring"
        }
    ]
}