{
    "legal_name": "Arizona Community Protection And Treatment Center",
    "facility_status": "Active",
    "address": "2500 East Van Buren Street, Phoenix, AZ 85008",
    "license_status": "Active",
    "phone": "6022206191",
    "license_number": "STBH6882",
    "max_licensed_capacity": "131",
    "license_effective_date": "11/1/2024",
    "chief_administrative_officer": "SHERIDYN MILLER",
    "license_expires_date": "10/31/2025",
    "owner_licensee": "ARIZONA DEPARTMENT OF HEALTH SERVICES",
    "inspection_number": "INSP-0019800",
    "inspection_date": "2/22/2023 - 3/10/2023",
    "inspection_type": "Compliance (Annual)",
    "certificate_number": "Initial Comments",
    "deficiencies": "no deficiencies"
}