{
    "legal_name": "ARTEMIS ADOLESCENT HEALING CENTER",
    "facility_status": "Active",
    "address": "16330 North Forecastle Avenue, Tucson, AZ 85739",
    "license_status": "Active",
    "phone": "5206148647",
    "license_number": "BH10722",
    "max_licensed_capacity": "10",
    "license_effective_date": "4/28/2025",
    "chief_administrative_officer": "SHAWNA BECKMAN",
    "license_expires_date": "4/27/2026",
    "owner_licensee": "MAIDEN VOYAGE LLC",
    "inspection_number": "INSP-0130376",
    "inspection_date": "4/23/2025",
    "inspection_type": "Compliance (Initial)",
    "certificate_number": "Initial Comments",
    "deficiencies": "no deficiencies"
}