{
    "legal_name": "ARTEMIS ADOLESCENT HEALING CENTER",
    "facility_status": "Active",
    "address": "16330 North Forecastle Avenue, Tucson, AZ 85739",
    "license_status": "Active",
    "phone": "5206148647",
    "license_number": "BH10722",
    "max_licensed_capacity": "10",
    "license_effective_date": "4/28/2025",
    "chief_administrative_officer": "SHAWNA BECKMAN",
    "license_expires_date": "4/27/2026",
    "owner_licensee": "MAIDEN VOYAGE LLC",
    "inspection_number": "INSP-0134997",
    "inspection_date": "6/26/2025",
    "inspection_type": "Complaint;Initial Monitoring",
    "certificate_number": "BH10722",
    "deficiencies": [
        {
            "rule": "R9-10-703.A.2.a-b. Administration A. A governing authority shall: 2. Establish, in writing: a. A behavioral health residential facility's scope of services, and b. Qualifications for an administrator;",
            "evidence": "Based on documentation review and interview, the governing authority failed to establish in writing the behavioral health residential facility's scope of services. The deficient practice posed a risk as the scope of services did not include the correct age group.",
            "findings": "1. A review of Department documentation revealed a Behavioral Health Residential Facility License (BH10722) was issued on April 29, 2025. 2. A review of facility documentation revealed a policy titled \"RES 00001 - Residential Services\" (dated on March 1, 2025). The procedure stated \"Catalina Behavioral Health... Description of the Residential Program... Artemis Healing Center is a substance abuse treatment residential treatment center... Services are provided to adults eighteen years of age and up.\" 3. A review of R2's, R3's, and R4's medical records revealed each resident was under eighteen (18) years of age. 4. In an exit interview, the findings were reviewed with E1, and no further documentation or comments were provided. Plan of Correction Name, title and/or Position of the Person Responsible Shawna Beckman Date temporary correction was implemented 2025-07-01 Date permanent correction will be complete 2025-07-01 Temporary Solution The scope of practice document has been reviewed and corrected to accurately reflect the appropriate age groups served by the facility. \u2022 A copy of the revised scope of practice has been attached for reference and compliance verification. Permanent Solution The scope of practice document has been reviewed and corrected to accurately reflect the appropriate age groups served by the facility. \u2022 A copy of the revised scope of practice has been attached for reference and compliance verification. Monitoring Completed"
        },
        {
            "rule": "R9-10-707.A.6. Admission; Assessment A. An administrator shall ensure that: 6. Except as provided in subsection (E)(1)(a), a medical practitioner performs a medical history and physical examination or a registered nurse performs a nursing assessment on a resident within 30 calendar days before admission or within 72 hours after admission and documents the medical history and physical examination or nursing assessment in the resident's medical record within 72 hours after admission;",
            "evidence": "Based on documentation review, record review, and interview, the administrator failed to ensure a medical practitioner performed a medical history and physical examination (H&P) or a registered nurse (RN) performed a nursing assessment on a resident within 30 calendar days before admission or within 72 hours after admission and documented the medical history and physical examination or nursing assessment in the resident's medical record within 72 hours after admission, for one of five resident records sampled. The deficient practice posed a risk as this information was required for the development and implementation of a treatment plan, per R9- 10-708.A.1.",
            "findings": "1. A review of facility documentation revealed a policy titled \"Clin 00004 - Assessment\" (dated on March 1, 2025). The procedure stated \"A medical history and physical or nursing assessment will be conducted, that will include... 3. A medical history and physical or nursing assessment will be conducted within 30 calendar days before admission, or within 72 hours after admission. 4. The medical history and physical or nursing assessment will be documented in the resident\u2019s medical record within 72 hours after admission.\" 2. A review of R2's medical record (admitted in June 2025) revealed no documentation which indicated a medical practitioner performed an H&P or an RN performed a nursing assessment. 3. In an exit interview, the findings were reviewed with E1, and no further documentation or comments were provided. Plan of Correction Name, title and/or Position of the Person Responsible Shawna Beckman LCSW Date temporary correction was implemented 2025-07-01 Date permanent correction will be complete 2025-07-01 Temporary Solution Our current Registered Nurse has been trained on the importance of meeting these regulatory requirements and the procedures for timely completion and documentation. \u2022 A monthly audit process has been implemented to ensure that all required assessments are completed and properly documented within the specified timeframes. Permanent Solution A monthly audit process has been implemented to ensure that all required assessments are completed and properly documented within the specified timeframes. Monitoring A monthly audit process has been implemented to ensure that all required assessments are completed and properly documented within the specified timeframes."
        },
        {
            "rule": "R9-10-707.A.7. Admission; Assessment A. An administrator shall ensure that: 7. If a medical practitioner performs a medical history and physical examination or a nurse performs a nursing assessment on a resident before admission, the medical practitioner",
            "evidence": "Based on documentation review, record review, and interview, the administrator failed to ensure when a medical practitioner performed a medical history and physical examination (H&P) on a resident before admission, the medical practitioner entered an enters an interval note or the nurse enters a progress note in the resident's medical record within seven calendar days after admission; interval note in the resident's medical record within seven calendar days after admission, for three of five resident records sampled. The deficient practice posed a risk of not meeting a resident's needs if no medical history and physical examination was completed to assess a resident's needs prior to treatment.",
            "findings": "1. A review of facility documentation revealed a policy titled \"Clin 00004 - Assessment\" (dated on March 1, 2025). The procedure stated \"A medical history and physical or nursing assessment will be conducted, that will include... 3. A medical history and physical or nursing assessment will be conducted within 30 calendar days before admission, or within 72 hours after admission. 4. The medical history and physical or nursing assessment will be documented in the resident\u2019s medical record within 72 hours after admission.\" 2. A review of R3's medical record (admitted in June 2025) revealed an H&P performed in May 2025; however, there was no evidence of a documented progress note from a medical practitioner within seven (7) calendar days after admission. 3. A review of R4's medical record (admitted in June 2025) revealed an H&P performed in May 2025; however, there was no evidence of a documented progress note from a medical practitioner within seven (7) calendar days after admission.. 4. In an exit interview, the findings were reviewed with E1, and no further documentation or comments were provided. Plan of Correction Name, title and/or Position of the Person Responsible Shawna Beckman LCSW Date temporary correction was implemented 2025-07-01 Temporary Solution The facility\u2019s Registered Nurse has been trained on the requirement to document a progress note in the resident\u2019s medical record within seven calendar days after admission when assessments are completed prior to admission. \u2022 A monthly audit process has been implemented to monitor compliance and Date permanent correction will be complete 2025-07-01 ensure timely documentation is consistently maintained. Permanent Solution The facility\u2019s Registered Nurse has been trained on the requirement to document a progress note in the resident\u2019s medical record within seven calendar days after admission when assessments are completed prior to admission. \u2022 A monthly audit process has been implemented to monitor compliance and ensure timely documentation is consistently maintained. Monitoring A monthly audit process has been implemented to monitor compliance and ensure timely documentation is consistently maintained."
        },
        {
            "rule": "R9-10-708.A.5. Treatment Plan A. An administrator shall ensure that a treatment plan is developed and implemented for each resident that: 5. If the treatment plan was completed by a behavioral health technician, is reviewed and signed by a behavioral health professional within 24 hours after the completion of the treatment plan to ensure that the treatment plan is complete and accurate and meets the resident's treatment needs; and",
            "evidence": "Based on documentation review, record review, and interview, the administrator failed to ensure when a treatment plan was completed by a behavioral health technician (BHT), within 24 hours a behavioral health professional (BHP) reviewed and signed the treatment plan to ensure it was complete and accurate and met the residents' treatment needs, for two of five resident records sampled. The deficient practice posed a risk as a description of the resident's behavioral health services to be provided was not reviewed within 24 hours to ensure the treatment plan was complete and accurate.",
            "findings": "1. A review of facility documentation revealed a policy titled \"Clin 00012 - Clinical Oversight\" (dated on March 1, 2025). The procedure stated \"Behavioral health technicians/care coordinators are trained to provide the following clinical services: Treatment planning... Behavioral health assessments... Some group counseling... If a treatment plan or behavioral health assessment is performed by a behavioral health tech/care coordinator, the BHP/supervisor that is licensed to practice independently shall review and approve the treatment plan or behavioral health assessment within 24 hours.\" 2. A review of R2's medical record (admitted in May 2025) revealed a treatment plan, dated in May 2025, was completed by a BHT. However, the treatment plan was not reviewed and signed by a BHP until 98 hours after. 3. A review of R3's medical record (admitted in June 2025) revealed a treatment plan, dated in June 2025, was completed by O1, a BHT. However, the treatment plan was not reviewed and signed by a BHP until 73 hours after. 4. In an exit interview, the findings were reviewed with E1, and no further documentation or comments were provided. Plan of Correction Name, title and/or Position of the Person Responsible Shawna Beckman LCSW Date temporary correction was implemented 2025-07-01 Date permanent correction will be complete 2025-07-01 Temporary Solution Staff have been trained on the updated procedure, which requires that treatment plans are completed and signed within 24 hours following the completion and signature of the biopsychosocial assessment. \u2022 A monthly audit process has been implemented to monitor compliance and ensure that treatment plans are not signed prior to the completion of the biopsychosocial assessment. Permanent Solution Staff have been trained on the updated procedure, which requires that treatment plans are completed and signed within 24 hours following the completion and signature of the biopsychosocial assessment. \u2022 A monthly audit process has been implemented to monitor compliance and ensure that treatment plans are not signed prior to the completion of the biopsychosocial assessment. Monitoring \u2022 A monthly audit process has been implemented to monitor compliance and ensure that treatment plans are not signed prior to the completion of the biopsychosocial assessment."
        },
        {
            "rule": "R9-10-721.A.1.a. Environmental Standards A. Except for an outdoor behavioral health care program provided by a behavioral health residential facility, an administrator shall ensure that: 1. The premises and equipment are: a. Maintained in a condition that allows the premises and equipment to be used for the original purpose of the premises and equipment;",
            "evidence": "Based on documentation review, observation, and interview, the administrator failed to ensure the premises and equipment were maintained in a condition which allowed the premises and equipment to be used for the original purpose of the premises and equipment. The deficient practice posed a risk of the facility being able to provide a safe, functional environment, and the Department was unable to ensure the facility's compliance.",
            "findings": "1. The Compliance Officer observed in the facility\u2019s kitchen and living room, where large pieces of plywood had been installed to cover approximately half of the broken windows. 2. In an interview, E1 reported a resident had exhibited sudden, intense, and out-of-control behavior at the facility, which resulted in broken windows. 3. In an interview, E1 reported the replacement windows required custom fabrication by an external company, with an estimated turnaround time of five to seven weeks. E1 reported the facility had placed the order two weeks prior to June 26, 2025. 4. In an exit interview, the findings were reviewed with E1, and no further documentation or comments were provided. Plan of Correction Name, title and/or Position of the Person Responsible Shawna Beckman LCSW Date temporary correction was implemented 2025-07-01 Date permanent correction will be complete 2025-07-09 Temporary Solution To ensure resident safety, the damaged windows were immediately boarded up with plywood as a temporary solution. \u2022 New windows were ordered; however, due to the custom size requirements, they needed to be specially manufactured. The estimated delivery time was 6\u20137 weeks. \u2022 During this period, staff monitored the environment closely to maintain safety and minimize disruption to residents. \u2022 The replacement windows have now been installed, and the environment has been restored to a safe and appropriate condition. Permanent Solution Window was fixed. Pictures attached. Monitoring Window has been fixed with new glass."
        }
    ]
}