{
    "legal_name": "AVERY'S HOUSE, LLC",
    "facility_status": "Active",
    "address": "2416 North 113th Street, Apache Junction, AZ 85120",
    "license_status": "Active",
    "phone": "4806706761",
    "license_number": "BH7513",
    "max_licensed_capacity": "10",
    "license_effective_date": "5/1/2025",
    "chief_administrative_officer": "KALEIGH TELLES",
    "license_expires_date": "4/30/2026",
    "owner_licensee": "AVERY'S HOUSE, LLC",
    "inspection_number": "INSP-0062349",
    "inspection_date": "7/10/2024",
    "inspection_type": "Complaint",
    "certificate_number": "Initial Comments",
    "deficiencies": "no deficiencies"
}