{
    "legal_name": "AVERY'S HOUSE",
    "facility_status": "Active",
    "address": "11057 North Pinto Drive, Fountain Hills, AZ 85268",
    "license_status": "Active",
    "phone": "4804362725",
    "license_number": "BH7285",
    "max_licensed_capacity": "10",
    "license_effective_date": "5/1/2025",
    "chief_administrative_officer": "KALEIGH HUNSAKER",
    "license_expires_date": "4/30/2026",
    "owner_licensee": "SPRINGBOARD COUNSELING SERVICES, L.L.C.",
    "inspection_number": "INSP-0062338",
    "inspection_date": "9/30/2022",
    "inspection_type": "Complaint",
    "certificate_number": "Initial Comments",
    "deficiencies": [
        {
            "rule": "C. An administrator shall ensure that: 1. Policies and procedures are established, documented, and implemented to protect the health and safety of a resident that: n. Cover a quality management program, including incident reports and supporting documentation;",
            "evidence": "Based on documentation review, record review, and interview, for four of seven residents reviewed, the administrator failed to implement the facility's policy and procedures for incident reporting, which posed a risk if the facility did not have a documented report of incidents affecting resident health and safety.",
            "findings": "1. In documentation review, a facility policy titled, \"Incident reporting,\" approved July 2021, page 117, documented, \"To ensure all potential risk incidents are assessed and interventions implemented based on assurance of safety for clients, staff, and visitors. Incident reports will be completed for any incident that provides a real or perceived risk to the organization, clients, staff, or visitors. Reports will be utilized in improving safety and security of the facility.... A. Incident reports will be completed for all incidents within 24 hours of the incident and provided to the Director for review. B. Examples of incidents to report include a. Injuries to clients, staff, or visitors, b. Damage to ... staff, client, or visitor property c. Security incidents d. Emergency occurrences E. Violence or threat of violence f. Self-harm... An incident report will include; ... Names... Place of incident ... Nature of ... incident... Steps taken during the incident... Follow up needed... follow up completed. Incident reports will be utilized to assist in the organizations environment of care and safety plans. Director will be responsible for completing a monthly review of IR's received and evaluating situations, responses, and any necessary measures.\" 2. In an interview, R2 reported being sent to the emergency room (ER) on July 4, 2022, after experiencing post acute withdrawal symptoms. R3 reported being sent by ambulance to the hospital for treatment after having a seizure. R4 reported having falls at the facility and was sent to the ER for heat exhaustion following equine therapy. R5 reported being sent to the hospital for treatment, on June 29, 2022, after having heart palpitations. 3. In an interview, the findings were reviewed with E1, E2, and E6 who reported being unable to locate the incident reports completed following the incidents at the facility. E2 reported R2, R3, and R5 were sent to the hospital for treatment, and reported R4 had a fall with ankle swelling after tripping when exiting the facility van. E1, E2 and E6 were not aware R4 was sent to the ER for heat exhaustion. Plan of Correction Name, title and/or Position of the Person Responsible Date temporary correction was implemented Date permanent correction will be complete 2022-11-30 Temporary Solution Permanent Solution Monitoring"
        }
    ]
}