{
    "legal_name": "AVERY'S HOUSE",
    "facility_status": "Active",
    "address": "11057 North Pinto Drive, Fountain Hills, AZ 85268",
    "license_status": "Active",
    "phone": "4804362725",
    "license_number": "BH7285",
    "max_licensed_capacity": "10",
    "license_effective_date": "5/1/2025",
    "chief_administrative_officer": "KALEIGH HUNSAKER",
    "license_expires_date": "4/30/2026",
    "owner_licensee": "SPRINGBOARD COUNSELING SERVICES, L.L.C.",
    "inspection_number": "INSP-0062342",
    "inspection_date": "5/28/2024",
    "inspection_type": "Other",
    "certificate_number": "Initial Comments",
    "deficiencies": "no deficiencies"
}