{
    "legal_name": "BACK TO LIFE, INC",
    "facility_status": "Active",
    "address": "5915 West Roanoke Avenue, Phoenix, AZ 85035",
    "license_status": "Active",
    "phone": "6235189552",
    "license_number": "BH2772",
    "max_licensed_capacity": "8",
    "license_effective_date": "9/1/2025",
    "chief_administrative_officer": "GRACIE PADILLA",
    "license_expires_date": "8/31/2026",
    "owner_licensee": "BACK TO LIFE INCORPORATED.",
    "inspection_number": "INSP-0060265",
    "inspection_date": "12/28/2022",
    "inspection_type": "Compliance (Annual)",
    "certificate_number": "Initial Comments",
    "deficiencies": [
        {
            "rule": "C. An administrator shall ensure that: 5. Unless otherwise stated: a. Documentation required by this Article is provided to the Department within two hours after a Department request; and",
            "evidence": "Based on record review and interview, the administrator failed to ensure documentation required by this Article was provided to the Department within two hours after a Department request. The deficient practice posed a risk as the Department was unable to determine substantial compliance as the licensee did not provide the following: E2's, E4's, and E7's documentation of completed in- service education as required by the facility's policies and procedures; E2's cardiopulmonary resuscitation training (CPR); R1's and R2's medical history and physical exam or nursing assessment; R2's treatment plan based upon R2's behavioral health assessment; R1's and R2's documentation of counseling services for November 2022 and December 2022 according to the facility's scope of services and resident's treatment plan; and documentation of employee and resident evacuation drills for 2022.",
            "findings": "1. A review of E2's (hired in 2022) personnel record revealed documentation of initial training in fall prevention and fall recovery was not available for review. 2. A review of E4's (hired in 2021) personnel record revealed documentation of initial training in fall prevention and fall recovery was not available for review. 3. A review of E7's (hired in August 2022) personnel record revealed documentation of initial training in fall prevention and fall recovery was not available for review. 4. A review of E2's (hired in 2022) personnel record revealed E2 was hired as a behavioral health technician and documentation of current CPR training dated May 12, 2022. However, E2's current CPR training stated \" ...Adult First Aid/CPR/AED Online (Eligible for Skills Session within 90 days).\" 5. A review of R1's (admitted in 2022) medical record revealed a medical history and physical exam dated six days after R1's date of admission. 6. A review of R2's (admitted in 2022) medical record revealed a medical history and physical examination or nursing assessment was not available for review. 7. A review of R2's medical record revealed a treatment plan dated in November 2022. The treatment plan stated \" ...weekly family sessions ...group counseling ...2xs a week ...\" However, R2's treatment plan did not include the amount and frequency of individual counseling services. 8. A review of R1's medical record revealed documentation of the following counseling services provided to R1: - Group counseling: December 20, 2022; and - Individual counseling: November 3, 2022, November 10-11, 2022, November 17, 2022, November 21-22, 2022, November 30, 2022, December 1, 2022, December 6, 2022, December 9, 2022, and December 15, 2022. 9. A review of R2's medical record revealed documentation of the following counseling services provided to R2: -Group counseling: December 20, 2022; -Individual counseling: November 1, 2022, November 4, 2022, November 9-10, 2022, November 17, 2022, November 23, 2022, November 30, 2022, December 1, 2022, December 8, 2022, and December 14-15, 2022; and -Family counseling: November 11, 2022 and December 15, 2022. 10. The Compliance Officer requested to review documentation of evacuation drills for employees and residents. However, documentation was not provided for review. 11. In an interview, E1 acknowledged documentation required by this Article was not provided to the Department within two hours after a Department request. Plan of Correction Name, title and/or Position of the Person Responsible Date temporary correction was implemented Date permanent correction will be complete 2022-12-28 Temporary Solution Permanent Solution Monitoring"
        },
        {
            "rule": "G. An administrator shall ensure that a personnel record is maintained for each personnel member, employee, volunteer, or student that includes: 3. Documentation of: c. The individual's completed orientation and in- service education as required by policies and procedures;",
            "evidence": "Based on documentation review, record review and interview, the administrator failed to ensure a personnel record was maintained for each personnel member to include documentation of the individual's completed in-service education as required by policies and procedures, for three of seven personnel members sampled. The deficient practice posed a risk as the Department was unable to determine substantial compliance as the documentation was not in the personnel records during the inspection, and the documentation was not provided within two hours after a Department request. Findings include: R9-10-101.115. \"In-service education\" means organized instruction or information that is related to physical health services or behavioral health services and that is provided to a medical staff member, personnel member, employee, or volunteer. 1. A review of facility documentation revealed a policy and procedure titled \"Fall Prevention and Fall Recovery\" (dated August 11, 2022). The policy and procedure stated \" ...All staff employed with Back to Life, Inc. who provide direct care services ...will be required to complete mandatory training program initially, and continued competency annually ...\" 2. A review of E2's (hired in 2022) personnel record revealed documentation of initial training in fall prevention and fall recovery was not available for review. 3. A review of E4's (hired in 2021) personnel record revealed documentation of initial training in fall prevention and fall recovery was not available for review. 4. A review of E7's (hired in August 2022) personnel record revealed documentation of initial training in fall prevention and fall recovery was not available for review. 5. In an interview, E1 acknowledged E2's, E4's, and E7's personnel records did not include documentation of the individual's completed in-service education as required by policies and procedures. Plan of Correction Name, title and/or Position of the Person Responsible Date temporary correction was implemented Date permanent correction will be complete 2023-01-26 Temporary Solution Permanent Solution Monitoring",
            "findings": ""
        },
        {
            "rule": "G. An administrator shall ensure that a personnel record is maintained for each personnel member, employee, volunteer, or student that includes: 3. Documentation of: h. Cardiopulmonary resuscitation training, if required for the individual according to R9-10- 703(C)(1)(e);",
            "evidence": "Based on documentation review, record review, and interview, the administrator failed to ensure a personnel record was maintained for each personnel member to include documentation of cardiopulmonary resuscitation (CPR) training, for one of three behavioral health technicians (BHT) sampled. The deficient practice posed a risk if E2 was unable to perform CPR, the Department was unable to determine substantial compliance as the documentation was not in the personnel record during the inspection, and the documentation was not provided within two hours after a Department request. Findings include: 1. A review of facility documentation revealed a policy and procedure titled \"First Aid, CPR and Prevention and Support Instruction\" (dated March 31, 2022). The policy and procedure stated \" ...If an employee does not have current First Aid, CPR or ...they will be notified by Administration of the date/time/place of the next scheduled training, it will not be an online course New hires are to have these documents prior to hire date...\" 2. A review of E2's (hired in 2022) personnel record revealed E2 was hired as a BHT and documentation of current CPR training dated May 12, 2022. However, E2's current CPR training stated \" ...Adult First Aid/CPR/AED Online (Eligible for Skills Session within 90 days).\" 3. In an interview, E1 acknowledged E2's personnel record did not include documentation of current CPR training with demonstration. Plan of Correction Name, title and/or Position of the Person Responsible Date temporary correction was implemented Date permanent correction will be complete 2022-12-28 Temporary Solution Permanent Solution Monitoring",
            "findings": ""
        },
        {
            "rule": "A. An administrator shall ensure that: 6. Except as provided in subsection (E)(1)(a), a medical practitioner performs a medical history and physical examination or a registered nurse performs a nursing assessment on a resident within 30 calendar days before admission or within 72 hours after admission and documents the medical history and physical examination or nursing assessment in the resident's medical record within 72 hours after admission;",
            "evidence": "Based on record review and interview, the administrator failed to ensure a medical practitioner performed a medical history and physical examination or a nurse performed a nursing assessment on a resident within 30 calendar days before admission or within 72 hours after admission, for two of two residents sampled. The deficient practice posed a risk as this information was required for the development and implementation of a treatment plan, per R9-10-708.A.1., the Department was unable to determine substantial compliance as the documentation was not in the medical records during the inspection, and the documentation was not provided within two hours after a Department request.",
            "findings": "1. A review of R1's (admitted in 2022) medical record revealed a medical history and physical exam dated six days after R1's date of admission. 2. A review of R2's (admitted in 2022) medical record revealed a medical history and physical examination or nursing assessment was not available for review. 3. In an interview, E1 acknowledged the medical history and physical exam for R1 and a medical history and physical exam or nursing assessments for R2 were not performed within 30 calendar days before admission or within 72 hours after admission. Plan of Correction Name, title and/or Position of the Person Responsible Date temporary correction was implemented Date permanent correction will be complete 2022-12-28 Temporary Solution Permanent Solution Monitoring"
        },
        {
            "rule": "A. An administrator shall ensure that a treatment plan is developed and implemented for each resident that: 1. Is based on the medical history and physical examination or nursing assessment required in R9-10-707(A)(6) or (E) (1)(a) and the behavioral health assessment required in R9-10-707(A)(9) or (10) and on- going changes to the behavioral health assessment of the resident;",
            "evidence": "Based on record review and interview, the administrator failed to ensure a treatment plan was developed for each resident based on the behavioral health assessment required in R9- 10-707(A)(9) or (10), for one of two residents sampled. The deficient practice posed a risk as the Department was unable to determine substantial compliance as the required documentation was not in the medical record during the inspection, and the documentation was not provided within two hours after a Department request.",
            "findings": "1. A review of R2's medical record revealed a behavioral health assessment dated in October 2022. The behavioral health assessment stated \"Interviewers Recommendations: Individual and group counseling 1-2xs weekly ...\" 2. A review of R2's medical record revealed a treatment plan dated in November 2022. The treatment plan stated \" ...weekly family sessions ...group counseling ...2xs a week ...\" However, R2's treatment plan did not include the amount and frequency of individual counseling services. 3. In an interview, E1 acknowledged R2's treatment plan was not based upon R2's behavioral health assessment. Plan of Correction Name, title and/or Position of the Person Responsible Date temporary correction was implemented Date permanent correction will be complete Temporary Solution Permanent Solution Monitoring 2022-12-28"
        },
        {
            "rule": "B. An administrator shall ensure that counseling is: 1. Offered as described in the behavioral health residential facility's scope of services, 2. Provided according to the frequency and number of hours identified in the resident's treatment plan, and 3. Provided by a behavioral health professional or a behavioral health technician.",
            "evidence": "Based on documentation review, record review and interview, the administrator failed to ensure counseling was provided according to the frequency and number of hours identified in the resident's treatment plan, for two of two residents sampled. The deficient practice posed a risk if a resident did not receive treatment to cure, improve, or palliate their behavioral health issue at the health care institution, the Department was unable to determine substantial compliance as the documentation was not in the medical records during the inspection, and the documentation was not provided within two hours after a Department request.",
            "findings": "1. A review of facility documentation revealed a policy and procedure titled \"Scope of Services.\" The policy and procedure stated, \" ...Services available will be ...individual, family and group counseling...\" 2. A review of facility documentation revealed a policy and procedure titled \"Counseling Services.\" The policy and procedure stated, \" ...The type and amount of counseling is based on the assessment process and the subsequent individual treatment plan ...\" 3. A review of R1's medical record revealed a treatment plan dated in October 2022. The treatment plan stated \"[R1] will work with the agency therapist in individual sessions 2xs a week ... [R1] will be provided family sessions 2xs a month ...[R1] will be provided with group counseling ...2xs a week ...\" 4. The Compliance Officer requested to review group counseling, individual counseling, and family counseling for the months of November 2022 and December 2022 for R1 and R2. 5. A review of R1's medical record revealed documentation of the following counseling services provided to R1: - Group counseling: December 20, 2022; and - Individual counseling: November 3, 2022, November 10-11, 2022, November 17, 2022, November 21-22, 2022, November 30, 2022, December 1, 2022, December 6, 2022, December 9, 2022, and December 15, 2022. 6. A review of R2's medical record revealed a treatment plan dated in November 2022. The treatment plan stated \" ...weekly family sessions ...group counseling ...2xs a week ...\" 7. A review of R2's medical record revealed documentation of the following counseling services provided to R2: -Group counseling: December 20, 2022; -Individual counseling: November 1, 2022, November 4, 2022, November 9-10, 2022, November 17, 2022, November 23, 2022, November 30, 2022, December 1, 2022, December 8, 2022, and December 14-15, 2022; and -Family counseling: November 11, 2022 and December 15, 2022. 8. In an interview, E1 acknowledged counseling was not provided according to the facility's scope of services and according to the frequency and number of hours identified in the resident's treatment plan. Plan of Correction Name, title and/or Position of the Person Responsible Date temporary correction was implemented Date permanent correction will be complete 2023-01-31 Temporary Solution Permanent Solution Monitoring"
        },
        {
            "rule": "B. Except for an outdoor behavioral health care program provided by a behavioral health residential facility, an administrator shall ensure that: 5. An evacuation drill for employees and residents on the premises is conducted at least once every six months on each shift;",
            "evidence": "Based on documentation review and interview, the administrator failed to ensure an evacuation drill for employees and residents on the premises was conducted at least once every six months on each shift. The deficient practice posed a risk if employees were unable to implement a disaster plan, the Department was unable to determine substantial compliance as the documentation was not available during the inspection, and the documentation was not provided within two hours after a Department request. Findings include: 1. A review of Department documentation revealed the facility was licensed in 2006. 2. A review of facility documentation revealed a daily staffing schedule for December 2022. The daily staffing schedule revealed the facility maintained three shifts: -8AM-2PM; -2PM- 10PM; and -9:45PM-8AM. 3. The Compliance Officer requested to review documentation of evacuation drills for employees and residents. However, documentation was not provided for review. 4. In an interview, E1 reported the facility conducted monthly \"fire drills\" and was unable to locate the documentation. Plan of Correction Name, title and/or Position of the Person Responsible Date temporary correction was implemented Date permanent correction will be complete 2022-12-28 Temporary Solution Permanent Solution Monitoring",
            "findings": ""
        }
    ]
}