{
    "legal_name": "BACK TO LIFE, INC",
    "facility_status": "Active",
    "address": "5915 West Roanoke Avenue, Phoenix, AZ 85035",
    "license_status": "Active",
    "phone": "6235189552",
    "license_number": "BH2772",
    "max_licensed_capacity": "8",
    "license_effective_date": "9/1/2025",
    "chief_administrative_officer": "GRACIE PADILLA",
    "license_expires_date": "8/31/2026",
    "owner_licensee": "BACK TO LIFE INCORPORATED.",
    "inspection_number": "INSP-0060269",
    "inspection_date": "8/1/2024",
    "inspection_type": "Complaint",
    "certificate_number": "Initial Comments",
    "deficiencies": "no deficiencies"
}