{
    "legal_name": "BASAMI HOUSE, LLC",
    "facility_status": "Active",
    "address": "2018 West Morning Vista Lane, Phoenix, AZ 85085",
    "license_status": "Active",
    "phone": "6029039193",
    "license_number": "BH8484",
    "max_licensed_capacity": "10",
    "license_effective_date": "8/15/2025",
    "chief_administrative_officer": "JOYCE ODONGO",
    "license_expires_date": "8/14/2026",
    "owner_licensee": "BASAMI HOUSE, LLC",
    "inspection_number": "INSP-0061222",
    "inspection_date": "8/1/2023 - 8/15/2023",
    "inspection_type": "Compliance (Initial)",
    "certificate_number": "Initial Comments",
    "deficiencies": "no deficiencies"
}