{
    "legal_name": "BASAMI HOUSE, LLC",
    "facility_status": "Active",
    "address": "2018 West Morning Vista Lane, Phoenix, AZ 85085",
    "license_status": "Active",
    "phone": "6029039193",
    "license_number": "BH8484",
    "max_licensed_capacity": "10",
    "license_effective_date": "8/15/2025",
    "chief_administrative_officer": "JOYCE ODONGO",
    "license_expires_date": "8/14/2026",
    "owner_licensee": "BASAMI HOUSE, LLC",
    "inspection_number": "INSP-0061224",
    "inspection_date": "2/7/2024",
    "inspection_type": "Complaint;Compliance (Annual)",
    "certificate_number": "Initial Comments",
    "deficiencies": [
        {
            "rule": "C. An administrator shall ensure that: 5. Unless otherwise stated: a. Documentation required by this Article is provided to the Department within two hours after a Department request; and",
            "evidence": "Based on documentation review, record review, and interview, the administrator failed to ensure documentation required by Article 7 was provided to the Department within two hours after a Department request. The deficient practice posed a risk as the Department was unable to determine compliance.",
            "findings": "1. The Compliance Officer requested, on February 7, 2024 at 9:48AM, to review the following documentation: -E2's complete personnel record to include documentation of A.R.S. \\'a7 36-425.03(E); -E6's and E7's complete personnel records to include documentation of evidence of freedom from infectious tuberculosis, as specified in R9-10-113; verification of skills and knowledge; completed orientation; in-service education; compliance with A.R.S. \\'a7 36-425.03(E)(G); -A daily staffing schedule indicating the date, scheduled work hours, and name of each employee assigned to work, including on-call personnel members for February 2024; and - R1's, R3's, and R4's complete medical records to include documentation of a medical history and physical examination or nursing assessment (per R9-10-707(A)(6)). However, the aforementioned documentation was not provided for review within two hours after a Department request. 2. In an interview, E1 acknowledged documentation required by Article 7 was not provided to the Department within two hours after a Department request. Plan of Correction Name, title and/or Position of the Person Responsible Temporary Solution Date temporary correction was implemented Date permanent correction will be complete 2024-05-14 Permanent Solution Monitoring"
        },
        {
            "rule": "K. An administrator shall: 7. If a resident's absence is unauthorized as determined according to the criteria in subsection (K)(6), within an hour after determining that the resident's absence is unauthorized, notify: a. For a resident who is under 18 years of age, the resident's parent or legal guardian; and",
            "evidence": "Based on documentation review, record review, and interview, the administrator failed to ensure if a resident's absence was unauthorized, the resident's parent or legal guardian was notified within an hour after determining the resident's absence was unauthorized. The deficient practice posed a risk as the residents were minors. Findings include: 1. A review of documentation revealed a complaint was received by the Department on February 6, 2024. The complaint alleged a resident (later identified as R2) had an unauthorized absence and later passed away. 2. A review of facility documentation revealed a policy and procedure titled \"Entering & Exiting Premises; AWOL/AMA policy\" (dated August 1, 2023). The policy and procedure stated \" ... A resident's absence is considered AWOL or AMA, (Against Medical Advice) when found absent from the premise for over 1 hour.\" 3. A review of facility documentation revealed a document titled \"Arizona Health Care Cost Containment System INCIDENT, ACCIDENT OR DEATH REPORT\" (dated February 4, 2024). The document stated \"Date of Incident 02/03/2024 ... Time of Incident 08:00 PM ... Immediately [sic] [R2, R3, and R4] ran to their rooms picked up back packs and ran out of the door. The administrator of Basami House was contacted by the staff member, and the police was [sic] contacted immediately incase [sic] the fight got out of control.\" 4. A review of R2's medical record revealed a progress note (dated February 3, 2024 at 8:20PM). The progress note stated \"Resident was fighting peers ... [R2] then took off.\" 5. A review of R3's medical record revealed a progress note (dated February 3, 2024 at 8:00PM). The progress note stated \"Resident was fighting peer when staff called the police [R3] then took off.\" 6. A review of R4's medical record revealed a progress note (dated February 3, 2024 at 8:30PM). The progress note stated \"Resident was fighting peers after that [R4] took off.\" 7. A review of facility documentation revealed an email (dated February 3, 2024 at 10:03PM) was sent from E1 to R2's parent or legal guardian. The email stated \"[R2] and two other [residents] ganged up fought another [resident] and afterwards they ran away.\" 8. A review of facility documentation revealed a text message (dated February 3, 2024 at 9:46PM) from E1 to R3's parent or legal guardian. The text message stated \"[R3] fought another [resident] then ran away.\" 9. A review of facility documentation revealed a text message (dated February 3, 2024 at 9:46PM) from E1 to R4's parent or legal guardian. The text message stated \"[R4] ran away at 8:00 am [sic] after fighting another resident.\" 10. In an interview, E1 acknowledged the resident's parents or legal guardians were not notified within an hour after determining the resident's absences were unauthorized. Plan of Correction Name, title and/or Position of the Person Responsible Date temporary correction was implemented Date permanent correction will be complete 2024-04-29 Temporary Solution Permanent Solution Monitoring",
            "findings": ""
        },
        {
            "rule": "K. An administrator shall: 8. Maintain a written log of unauthorized absences for at least 12 months after the date of a resident's absence that includes the: a. Name of a resident absent without authorization, b. Name of the individual to whom the report required in subsection (K)(7) was submitted, and c. Date of the report; and",
            "evidence": "Based on documentation review, record review, and interview, the administrator failed to maintain a log of unauthorized absences for at least 12 months after the date of a resident's absence to include the name of a resident absent without authorization, name of the individual to whom the report required in subsection (K)(7) was submitted, and the date of the report. The deficient practice posed a risk if this information was required to be reviewed under R9-10-704.",
            "findings": "1. A review of documentation revealed a complaint was received by the Department on February 6, 2024. The complaint alleged a resident (later identified as R2) had an unauthorized absence and later passed away. 2. A review of facility documentation revealed a document titled \"Arizona Health Care Cost Containment System INCIDENT, ACCIDENT OR DEATH REPORT\" (dated February 4, 2024). The document stated \"Date of Incident 02/03/2024 ... Time of Incident 08:00 PM ... Immediately [sic] [R2, R3, and R4] ran to their rooms picked up back packs and ran out of the door. The administrator of Basami House was contacted by the staff member, and the police was [sic] contacted immediately incase [sic] the fight got out of control.\" 3. A review of R2's medical record revealed a progress note (dated February 3, 2024 at 8:20PM). The progress note stated \"Resident was fighting peers ... [R2] then took off.\" 4. A review of R3's medical record revealed a progress note (dated February 3, 2024 at 8:00PM). The progress note stated \"Resident was fighting peer when staff called the police [R2] then took off.\" 5. A review of R4's medical record revealed a progress note (dated February 3, 2024 at 8:30PM). The progress note stated \"Resident was fighting peers after that [R4] took off.\" 6. A review of facility documentation revealed an email (dated February 3, 2024 at 10:03PM) was sent from E1 to R2's parent or legal guardian. The email stated \"[R2] and two other [residents] ganged up fought another [resident] and afterwards they ran away.\" 7. A review of facility documentation revealed a text message (dated February 3, 2024 at 9:46PM) from E1 to R3's parent or legal guardian. The text message stated \"[R3] fought another [resident] then ran away.\" 8. A review of facility documentation revealed a text message (dated February 3, 2024 at 9:46PM) from E1 to R4's parent or legal guardian. The text message stated \"[R4] ran away at 8:00 am [sic] after fighting another resident.\" 9. The Compliance Officer requested to review the facility's written log of unauthorized absences. However, a written log of unauthorized absences was not provided for review. 10. In an interview, E1 reported a written log of unauthorized absences was not available for review. 11. In an interview, the findings were reviewed with E1 and no additional comments or statements were provided regarding the findings. Plan of Correction Name, title and/or Position of the Person Responsible Date temporary correction was implemented Date permanent correction will be complete 2024-04-29 Temporary Solution Permanent Solution Monitoring"
        },
        {
            "rule": "B. An administrator shall ensure that: 2. A personnel member's skills and knowledge are verified and documented: a. Before the personnel member provides physical health services or behavioral health services, and",
            "evidence": "Based on documentation review, record review, and interview, the administrator failed to ensure a personnel member's skills and knowledge were verified and documented before the personnel member provided behavioral health services, for two of five behavioral health technicians (BHTs) sampled. The deficient practice posed a risk to the health and safety of residents if a personnel member was not qualified to provide behavioral health services.",
            "findings": "1. A review of facility documentation revealed a policy and procedure titled \"Medication Services: Assistance in the Self-administration of Medication\" (dated August 1, 2023). The policy and procedure stated \" ... 4. Under the supervision and training of the Registered Nurse, BHTs (behavioral health technicians) and Behavioral Health Paraprofessionals (BHPPs) shall provide support to a resident during the assistance in the self-administration of medication process\" and \"... BHRF's Nurse Practitioner of Registered Nurse is responsible for verifying all personnel members' skills and knowledge prior to providing assistance in the self-administration of medication to a resident. Each personnel shall demonstrate hands-on, their skills and knowledge of assistance in the self-administration of medication before providing services to residents.\" 2. A review of E6's (hired in 2024) and E7's (hired in 2024) personnel records revealed E6 and E7 were hired as BHTs. However, documentation of the verification of E6's and E7's skills and knowledge in assistance in the self- administration of medication before E6 and E7 provided behavioral health services was not available for review. 3. A review of R1's medical record revealed medication administration records (MARs) for January 2024 and February 2024 The MARs revealed E6 (February 2024) and E7 (January 2024 and February 2024) provided assistance in the self- administration of medication to R1. 4. A review of R2's medical record revealed a MAR for February 2024. The MAR revealed E7 provided assistance in the self-administration of medication to R2. 5. A review of R3's medical record revealed a MAR for January 2024. The MAR revealed E7 provided assistance in the self-administration of medication to R3. 6. A review of R4's medical record revealed a MAR for February 2024. The MAR revealed E7 provided assistance in the self-administration of medication to R4. 7. In an interview, E1 reported E6's and E7's skills and knowledge were verified and E1 acknowledged the documentation was not available for review. Plan of Correction Name, title and/or Position of the Person Responsible Date temporary correction was implemented Date permanent correction will be complete 2024-04-29 Temporary Solution Permanent Solution Monitoring"
        },
        {
            "rule": "E. An administrator shall ensure that: 2. A personnel member completes orientation before providing behavioral health services or physical health services;",
            "evidence": "Based on documentation review, record review, and interview, the administrator failed to ensure a personnel member completed orientation before providing behavioral health services, for one of eight personnel members sampled. The deficient practice posed a risk if E2 was unable to meet resident's needs.",
            "findings": "R9-10-101.155. \"Orientation\" means the initial instruction and information provided to an individual before the individual starts work or volunteer services in a health care institution. 1. A review of facility documentation revealed a policy and procedure titled \"Personnel Orientation\" (dated August 1, 2023). The policy and procedure stated \"BHRF personnel members are required to complete and orientation and demonstrate competency in providing general resident care and services prior to working independently with residents.\" 2. A review of E2's (hired in 2024) personnel record revealed E2 was hired as the behavioral health professional (BHP). However, documentation of E2's completed orientation was not available for review. 3. A review of R1's, R2's, and R4's medical records revealed behavioral health assessments and treatment plans completed by E2. 4. In an interview, E1 reported E2 had not completed orientation. 5. In an interview, the findings were reviewed with E1 and no additional comments or statements were provided regarding the findings Plan of Correction Name, title and/or Position of the Person Responsible Date temporary correction was implemented Date permanent correction will be complete 2024-04-29 Temporary Solution Permanent Solution Monitoring"
        },
        {
            "rule": "G. An administrator shall ensure that a personnel record is maintained for each personnel member, employee, volunteer, or student that includes: 3. Documentation of: c. The individual's completed orientation and in- service education as required by policies and procedures;",
            "evidence": "Based on documentation review, record review and interview, the administrator failed to ensure a personnel record was maintained for each personnel member to include documentation of the individual's completed orientation and in-service education as required by policies and procedures, for three of eight personnel members sampled. Findings include: 1. A review of facility documentation revealed a policy and procedure titled \"Personnel Orientation\" (dated August 1, 2023). The policy and procedure stated \"BHRF personnel members are required to complete and orientation and demonstrate competency in providing general resident care and services prior to working independently with residents.\" 2. A review of E6's (hired in 2024) and E7's (hired in 2024) personnel records revealed E6 and E7 were hired as behavioral health technicians. However, E6's and E7's personnel records revealed documentation a completed orientation was not available for review. 3. In an interview, E1 reported E6 and E7 had completed orientation, and E1 acknowledged the documentation was not available for review. 4. In an interview, E1 acknowledged a personnel record was not maintained for each personnel member to include documentation of the individual's completed orientation. 5. A review of facility documentation revealed a policy and procedure titled \"Medication Services: Assistance in the Self-administration of Medication\" (dated August 1, 2023). The policy and procedure stated \" ... 4. Under the supervision and training of the Registered Nurse, BHTs (behavioral health technicians) and Behavioral Health Paraprofessionals (BHPPs) shall provide support to a resident during the assistance in the self-administration of medication process ... BHRF's Nurse Practitioner of Registered Nurse is responsible for verifying all personnel members' skills and knowledge prior to providing assistance in the self-administration of medication to a resident. Each personnel shall demonstrate hands-on, their skills and knowledge of assistance in the self-administration of medication before providing services to residents.\" 6. A review of E6's and E7's personnel records revealed documentation of training in assistance in the self-administration of medication was not available for review. 7. In an interview, E1 reported E6 and E7 had completed training in assistance in the self-administration of medication, and E1 acknowledged the documentation was not available for review. 8. A review of facility documentation revealed a policy and procedure titled \"Fall Prevention and Recovery Training\" (dated August 1, 2023). The policy and procedure stated \" ... The training program requires initial training and continued competency review on an annual basis in fall prevention and fall recovery.\" 9. A review of E2's (hired in 2024) personnel record revealed E2 was hired as the behavioral health professional. However, E2's personnel record revealed documentation of initial training in fall prevention and fall recovery was not available for review. 10. In an interview, E1 reported E2 completed initial training in fall prevention and fall recovery but this documentation was not available for review. 11. A review of E6's and E7's personnel records revealed documentation of initial training training in fall prevention and fall recovery was not available for review. 12. In an interview, E1 reported E6 and E7 completed initial training in fall prevention and fall recovery, and E1 acknowledged the documentation was not available for review. 13. In an interview, E1 acknowledged a personnel record was not maintained for each personnel member to include documentation of the individual's completed orientation and in-service education. Plan of Correction Name, title and/or Position of the Person Responsible Date temporary correction was implemented Date permanent correction will be complete 2024-05-15 Temporary Solution Permanent Solution Monitoring",
            "findings": ""
        },
        {
            "rule": "G. An administrator shall ensure that a personnel record is maintained for each personnel member, employee, volunteer, or student that includes: 3. Documentation of: e. The individual's compliance with requirements in A.R.S. \u00a7\u00a7 36-411, 36-411.01, and 36-425.03, as applicable;",
            "evidence": "Based on record review and interview, the administrator failed to ensure a personnel record was maintained to include documentation of the individual's compliance with the requirements in Arizona Revised Statutes (A.R.S.) \\'a7 36-425.03(E)(G), for three of seven personnel members sampled. The deficient practice posed a risk if E2, E6 and E7 were a danger to a vulnerable population.",
            "findings": "A.R.S. \\'a7 36-425.03(E) Children's behavioral health program personnel shall certify on forms that are provided by the department and notarized that they are not awaiting trial on or have never been convicted of or admitted in open court or pursuant to a plea agreement to committing any of the offenses listed in section 41- 1758.03, subsection B or C in this state or similar offenses in another state or jurisdiction. A.R.S. \\'a7 36-425.03(G) Employers of children's behavioral health program personnel shall make documented, good faith efforts to contact previous employers of children's behavioral health program personnel to obtain information or recommendations that may be relevant to an individual's fitness for employment in a children's behavioral health program. 1. A review of E2's (hired in 2024) personnel record revealed E2 was hired as the behavioral health professional. E2's personnel record revealed a valid fingerprint clearance card. However, documentation of compliance with A.R.S. \\'a7 36-425.03(E)(G) was not available for review. 2. In an interview, E1 reported E2 had documentation of compliance with A.R.S. \\'a7 36-425.03(E). E1 reported E2 was supposed to send this documentation to E1. 3. A review of E6's (hired in 2024) and E7's (hired in 2024) personnel record revealed E6 and E7 were hired as behavioral health technicians. E6's and E7's personnel records revealed valid fingerprint clearance cards. However, documentation of compliance with A.R.S. \\'a7 36-425.03(E)(G) was not available for review. 4. In an interview, E1 reported E6 and E7 had documentation of compliance with A.R.S. \\'a7 36-425.03(E)(G), and E1 acknowledged the documentation was not available for review. Plan of Correction Name, title and/or Position of the Person Responsible Date temporary correction was implemented Date permanent correction will be complete 2024-05-16 Temporary Solution Permanent Solution Monitoring"
        },
        {
            "rule": "K. An administrator shall ensure that: 3. There is a daily staffing schedule that: a. Indicates the date, scheduled work hours, and name of each employee assigned to work, including on-call personnel members;",
            "evidence": "Based on documentation review and interview, the administrator failed to ensure there was a daily staffing schedule to indicate the scheduled work hours, and name of each employee assigned to work, including on-call personnel members. The deficient practice posed a risk if there was no record to ensure shifts and tasks were covered. Findings include: 1. A review of facility documentation revealed daily staffing schedules for January 2024 and February 2024 were not available for review. 2. A review of facility documentation revealed a daily staffing schedule dated for August 1-13, 2023. 3. A review of R1's, R2's, R3's, and R4's medical records revealed R1, R2, R3, and R4 were admitted in 2024. 4. In an interview, E1 reported daily staffing schedules for January 2024 and February 2024 were not developed. 5. In an interview, E1 later reported a daily staffing schedule for February 2024 may have been developed, and E1 acknowledged theis schedule was not available for review. 6. In an interview, E1 acknowledged a daily staffing schedule indicating the date, scheduled work hours, and name of each employee assigned to work, including on-call personnel members for January 2024 and February 2024 were not available for review. Plan of Correction Name, title and/or Position of the Person Responsible Date temporary correction was implemented Date permanent correction will be complete 2024-05-10 Temporary Solution Permanent Solution Monitoring",
            "findings": ""
        },
        {
            "rule": "A. An administrator shall ensure that: 3. Except as provided in subsection (A)(4), general consent is obtained from: a. An adult resident or the resident's representative before or at the time of admission, or b. A resident's representative, if the resident is not an adult;",
            "evidence": "Based on record review and interview, the administrator failed to ensure general consent was obtained from a resident's representative, if the resident was not an adult, for one of four residents sampled. The deficient practice posed a risk if the resident's representative did not consent to treatment.",
            "findings": "R9- 10-101.98.\"General consent\" means documentation of an agreement from an individual or the individual's representative to receive ... behavioral health services to address the individual's behavioral health issues. 1. A review of R2's (admitted in 2024) medical record revealed documentation of general consent obtained from R2's representative was not available for review. 2. In an interview, E1 acknowledged general consent was not obtained from a resident's representative, if the resident was not an adult. Plan of Correction Name, title and/or Position of the Person Responsible Date temporary correction was implemented Date permanent correction will be complete 2024-03-30 Temporary Solution Permanent Solution Monitoring"
        },
        {
            "rule": "A. An administrator shall ensure that a treatment plan is developed and implemented for each resident that: 4. Includes: b. The physical health services or behavioral health services to be provided to the resident;",
            "evidence": "Based on documentation review, record review, and interview, the administrator failed to ensure a treatment plan included the behavioral health services to be provided to the resident, for four of four residents sampled. The deficient practice posed a risk as a treatment plan was not developed to articulate decisions and agreements of services to be provided.",
            "findings": "R9-10-101(24) \"Assistance in the self-administration of medication\" means restricting a patient's access to the patient's medication and providing support to the patient while the patient takes the medication to ensure that the medication is taken as ordered. 1. A review of facility documentation revealed a scope of services (dated August 1, 2023). The scope of services stated \"... 4. Medication Services: Assistance in the self-administration of medication.\" 2. A review of R1's (admitted in 2024), R2's (admitted in 2024), R3's (admitted in 2024), and R4's (admitted in 2024) medical records revealed treatment plans (dated in 2024). However, R1's, R2's, R3's, and R4's treatment plans did not include whether assistance in the self-administration of medication was to be provided to R1, R2, R3, and R4. 3. A review of R1's medical record revealed a medication administration record (MAR) for February 2024. The MAR documented R1 received medication services on February 1-5, 2024. 4. A review of R2's medical record revealed a MAR for February 2024. The MAR documented R2 received medication services on February 1-3, 2024. 5. A review of R3's medical record revealed a MAR for February 2024. The MAR documented R2 received medication services on February 3, 2024. 6. A review of R4's medical record revealed a MAR for February 2024. The MAR documented R4 received medication services on February 1-3, 2024. 7. In an interview, E1 acknowledged R1's, R2's, R3's, and R4's treatment plans did not include the behavioral health services to be provided to the residents. Plan of Correction Name, title and/or Position of the Person Responsible Date temporary correction was implemented Date permanent correction will be complete 2024-05-15 Temporary Solution Permanent Solution Monitoring"
        },
        {
            "rule": "A. An administrator shall ensure that a treatment plan is developed and implemented for each resident that: 4. Includes: c. The signature of the resident or the resident's representative, and date signed, or documentation of the refusal to sign;",
            "evidence": "Based on record review and interview, the administrator failed to ensure a treatment plan was developed for each resident to include the signature of the resident's representative, and date signed, or documentation of the refusal to sign, for three of four residents sampled.",
            "findings": "1. A review of R2's (admitted in 2024), R3's (admitted in 2024), and R4's (admitted in 2024) medical records revealed treatment plans (dated in 2024). However, the signature of the resident's representative and date signed, or documentation of the refusal to sign, was not available for review. 2. In an interview, E1 reported E1 tried to get R1's treatment plan signed by the resident's representative. 3. In an interview, E1 reported R3's treatment plan was signed. However, documentation to demonstrate R3's treatment plan was signed was not available for review. 4. In an interview, E1 acknowledged R2's, R3's, and R4's treatment plans did not include the signature of the resident's representative and date signed, or documentation of the refusal to sign. Plan of Correction Name, title and/or Position of the Person Responsible Date temporary correction was implemented Date permanent correction will be complete 2024-05-15 Temporary Solution Permanent Solution Monitoring"
        },
        {
            "rule": "C. An administrator shall ensure that a resident's medical record contains: 9. Orders;",
            "evidence": "Based on documentation review, record review, and interview, the administrator failed to ensure a resident's medical record contained orders, for two of four residents sampled. The deficient practice posed a risk if the resident experienced a change in condition due to improper assistance in the self- administration of medication.",
            "findings": "R9-10-101(24) \"Assistance in the self- administration of medication\" means restricting a patient's access to the patient's medication and providing support to the patient while the patient takes the medication to ensure that the medication is taken as ordered. 1. A review of facility documentation revealed a scope of services (dated August 1, 2023). The scope of services stated \"... 4. Medication Services: Assistance in the self- administration of medication.\" 2. A review of R1's medical record revealed a medication administration record (MAR) for February 2024. The MAR documented R1 received medication services on the following dates: - \"Clonidine HCL 0.2mg:\" February 1-4, 2024; and -\"Risperidone 0.5mg:\" February 1-5, 2024. However, medication orders for the aforementioned medications were not available for review. 3. A review of R1's medical record revealed a medication list (dated January 26, 2024). The medication list stated the following: -\"Clonidine HCl 0.2 MG ... one tablet daily;\" and -\"Risperidone 0.5 MG ... one tablet two times a day.\" However, the medication list was not authenticated by a medical practitioner. 4. In an interview, E1 reported R1's medication list was what R1's clinic provided as medication orders. 5. A review of R3's medical record revealed a MAR for January 2024 and February 2024. The MAR documented R3 received medication services on the following date: -\"Olanzapine 5mg:\" January 22-31, 2024; and February 3, 2024. However, a medication order for the aforementioned medication was not available for review. 6. A review of R3's medical record revealed a medication list (dated January 22, 2024). The medication list stated the following: -\"Olanzapine ... Take 5mg by mouth once in p.m.\" However, the medication list was not authenticated by a medical practitioner. 7. In an interview, E1 acknowledged signed medication orders for R1's and R3's aforementioned medications were not available for review. Plan of Correction Name, title and/or Position of the Person Responsible Date temporary correction was implemented Date permanent correction will be complete 2024-03-30 Temporary Solution Permanent Solution Monitoring"
        },
        {
            "rule": "C. An administrator shall ensure that a resident's medical record contains: 11. Assessment;",
            "evidence": "Based on record review and interview, the administrator failed to ensure a resident's medical record contained an assessment, for three of four medical records sampled. The deficient practice posed a risk as this information was required for the development and implementation of a treatment plan, per R9-10-708.A.1.",
            "findings": "1. A review of R1's (admitted in 2024), R3's (admitted in 2024), and R4's (admitted in 2024) medical records revealed a medical history and physical examination or nursing assessment (per R9-10- 707(A)(6)) was not available for review. 2. In an interview, E1 reported a nursing assessment was performed on R1, R3, and R4 upon admission by E1, and reported E1 was unable to locate the assessments. 3. In an interview, E1 acknowledged R1's, R3's, and R4's medical records did not contain a medical history and physical examination or nursing assessment (per R9-10-707(A)(6)). Plan of Correction Name, title and/or Position of the Person Responsible Date temporary correction was implemented Date permanent correction will be complete 2024-04-30 Temporary Solution Permanent Solution Monitoring"
        },
        {
            "rule": "C. If a behavioral health residential facility provides assistance in the self-administration of medication, an administrator shall ensure that: 6. Assistance in the self-administration of medication provided to a resident: a. Is in compliance with an order, and",
            "evidence": "Based on documentation review, record review, and interview, the administrator failed to ensure assistance in the self-administration of medication provided to a resident was in compliance with an order, for two of four residents sampled. The deficient practice posed a risk if the resident experienced a change in condition due to improper assistance in the self-administration of medication.",
            "findings": "R9-10-101(24) \"Assistance in the self-administration of medication\" means restricting a patient's access to the patient's medication and providing support to the patient while the patient takes the medication to ensure that the medication is taken as ordered. 1. A review of facility documentation revealed a scope of services (dated August 1, 2023). The scope of services stated \"... 4. Medication Services: Assistance in the self- administration of medication.\" 2. A review of R1's medical record revealed a medication administration record (MAR) for February 2024. The MAR documented R1 received medication services on the following dates: - \"Clonidine HCL 0.2mg:\" February 1-4, 2024; and -\"Risperidone 0.5mg:\" February 1-5, 2024. However, medication orders for the aforementioned medications were not available for review. 3. A review of R1's medical record revealed a medication list (dated January 26, 2024). The medication list stated the following: -\"Clonidine HCl 0.2 MG ... one tablet daily;\" and -\"Risperidone 0.5 MG ... one tablet two times a day.\" However, the medication list was not authenticated by a medical practitioner. 4. In an interview, E1 reported R1's medication list was what R1's clinic provided. 5. A review of R3's medical record revealed a MAR for January 2024 and February 2024. The MAR documented R3 received medication services on the following date: -\"Olanzapine 5mg:\" January 22-31, 2024; and February 3, 2024. However, a medication order for the aforementioned medication was not available for review. 6. A review of R3's medical record revealed a medication list (dated January 22, 2024). The medication list stated the following: -\"Olanzapine ... Take 5mg by mouth once in p.m.\" However, the medication list was not authenticated by a medical practitioner. 7. In an interview, E1 acknowledged assistance in the self- administration of medication provided to R1 and R3 was not in compliance with an order. Plan of Correction Name, title and/or Position of the Person Responsible Date temporary correction was implemented Date permanent correction will be complete 2024-04-30 Temporary Solution Permanent Solution Monitoring"
        },
        {
            "rule": "A. Except for an outdoor behavioral health care program provided by a behavioral health residential facility, an administrator shall ensure that: 1. The premises and equipment are: c. Free from a condition or situation that may cause a resident or other individual to suffer physical injury;",
            "evidence": "Based on observation, record review, and interview, the administrator failed to ensure the premises and equipment were free from a condition or situation that may cause a resident or other individual to suffer physical injury. The deficient practice posed a risk as R1's, R2's, R3's, and R4's treatment plans did not allow for R1, R2, R3, and R4 to be around non-shatter-proof mirrors.",
            "findings": "1. The Compliance Officer observed an unoccupied master bedroom with four beds. The Compliance Officer observed a bathroom located in the master bedroom. The Compliance Officer observed a large mirror and a medicine cabinet mirror in the bathroom. However, there was no evidence to indicate the mirrors were shatter-proof. The Compliance Officer observed an acrylic sheet placed over each mirror with an adhesive strip. However, the acrylic sheet peeled back when the Compliance Officer pulled at the corners of the sheet. 2. The Compliance Officer observed a common bathroom in a hallway. The Compliance Officer observed resident bedrooms in the same hallway. The Compliance Officer observed a large mirror and a medicine cabinet mirror in the bathroom. However, there was no evidence to indicate the mirrors were shatter-proof. The Compliance Officer observed an acrylic sheet placed over each mirror with an adhesive strip. However, the acrylic sheet peeled back when the Compliance Officer pulled at the corners of the sheet. 3. A review of R1's (admitted in 2024) medical record revealed a treatment plan (dated in 2024). However, documentation to indicate R1 was allowed to have access to non-shatter- proof mirrors was not available for review. 4. A review of R2's (admitted in 2024) medical record revealed a treatment plan (dated in 2024). The treatment plan stated \" ... Has a history of hospitalizations for self-harm behavior.\" However, documentation to indicate R2 was allowed to have access to non-shatter- proof mirrors was not available for review. 5. A review of R3's medical record revealed a behavioral health assessment (dated in 2024). The assessment stated \" ... [R3] has attempted suicide in the past and participated in self- harm via cutting.\" 6. A review of R3's medical record revealed a treatment plan (dated in 2024). However, documentation to indicate R3 was allowed to have access to non-shatter- proof mirrors was not available for review. 7. A review of R4's (admitted in 2024) medical record revealed a treatment plan (dated in 2024). The treatment plan stated \" ... Personal history of suicidal behavior.\" However, documentation to indicate R4 was allowed to have access to non-shatter-proof mirrors was not available for review. 8. In an interview, E1 acknowledged the premises and equipment were not free from a condition or situation that may cause a resident or other individual to suffer physical injury. Plan of Correction Name, title and/or Position of the Person Responsible Date temporary correction was implemented Date permanent correction will be complete 2024-05-15 Temporary Solution Permanent Solution Monitoring"
        },
        {
            "rule": "B. An administrator shall ensure that: 5. A resident bathroom provides privacy when in use and contains: a. A shatter-proof mirror, unless the resident's treatment plan allows for otherwise;",
            "evidence": "Based on observation, record review, and interview, the administrator failed to ensure a resident bathroom contained shatter-proof mirrors, unless the resident's treatment plan allowed for otherwise. The deficient practice posed a risk as R1's treatment plan did not allow for R1 to be around non-shatter-proof mirrors.",
            "findings": "1. The Compliance Officer observed an unoccupied master bedroom with four beds. The Compliance Officer observed a bathroom located in the master bedroom. The Compliance Officer observed a large mirror and a medicine cabinet mirror in the bathroom. However, there was no evidence to indicate the mirrors were shatter- proof. The Compliance Officer observed an acrylic sheet placed over each mirror with an adhesive strip. However, the acrylic sheet peeled back when the Compliance Officer pulled at the corners of the sheet. 2. A review of R1's (admitted in 2024) medical record revealed a treatment plan (dated in 2024). However, documentation to indicate R1 was allowed to have access to non-shatter-proof mirrors was not available for review. 3. A review of R2's (admitted in 2024) medical record revealed a treatment plan (dated in 2024). The treatment plan stated \" ... Has a history of hospitalizations for self-harm behavior.\" However, documentation to indicate R2 was allowed to have access to non-shatter- proof mirrors was not available for review. 4. A review of R3's medical record revealed a behavioral health assessment (dated in 2024). The assessment stated \" ... [R3] has attempted suicide in the past and participated in self- harm via cutting.\" 5. A review of R3's medical record revealed a treatment plan (dated in 2024). However, documentation to indicate R3 was allowed to have access to non-shatter- proof mirrors was not available for review. 6. A review of R4's (admitted in 2024) medical record revealed a treatment plan (dated in 2024). The treatment plan stated \" ... Personal history of suicidal behavior.\" However, documentation to indicate R4 was allowed to have access to non-shatter-proof mirrors was not available for review. 7. In an interview, E1 acknowledged a resident bathroom did not contain a shatter-proof mirror, unless the resident's treatment plan allowed for otherwise. Plan of Correction Name, title and/or Position of the Person Responsible Date temporary correction was implemented Date permanent correction will be complete 2024-04-29 Temporary Solution Permanent Solution Monitoring"
        },
        {
            "rule": "R9-10-113. Tuberculosis Screening A. If a health care institution is subject to the requirements of this Section, as specified in an Article in this Chapter, the health care institution's chief",
            "evidence": "Based on documentation review, record review, and interview, the chief administrative officer failed to implement tuberculosis (TB) infection control activities including baseline administrative officer shall ensure that the health care institution establishes, documents, and implements tuberculosis infection control activities that: 2. Include: a. For each individual who is employed by the health care institution, provides volunteer services for the health care institution, or is admitted to the health care institution and who is subject to the requirements of this Section, baseline screening, on or before the date specified in the applicable Article of this Chapter, that consists of: i. Assessing risks of prior exposure to infectious tuberculosis, ii. Determining if the individual has signs or symptoms of tuberculosis, and iii. Obtaining documentation of the individual's freedom from infectious tuberculosis according to subsection (B)(1); screening consisting of assessing risks of prior exposure to infectious TB, determining if the individual had signs or symptoms of TB, and the individual's freedom from infectious TB, for four of eight personnel members sampled and for two of four residents sampled. The deficient practice posed a potential TB exposure risk to residents.",
            "findings": "Arizona Administrative Code (A.A.C.) R9-10- 113(B)(1)(a)(i) A health care institution's chief administrative officer shall: 1. For an individual for whom baseline screening and documentation of freedom from infectious tuberculosis is required by an Article in this Chapter, as specific in subsection (A)(2)(a), obtain one of the following as evidence of freedom from infectious tuberculosis: a. Documentation of a negative Mantoux skin test or other tuberculosis screening test that: i. Is recommended by the U.S. Centers for Disease Control and Prevention (CDC). 1. A review of the CDC website revealed a web page titled \"TB Screening and Testing of Health Care Personnel.\" The web page stated \"If the Mantoux tuberculin skin test (TST) is used to test health care personnel upon hire (preplacement), two-step testing should be used.\" 2. A review of E2's (hired in 2024) personnel record revealed E2 was hired as the behavioral health professional. E2's personnel record revealed documentation of the individual's freedom from infectious TB. However, documentation of the baseline screening, per R9-10-113(A)(2)(a)(iii) of two- step testing, was not available for review. 3. In an interview, the findings were reviewed with E1 and no additional comments or statements were provided regarding the findings. 4. A review of E6's (hired in 2024) personnel record revealed E6 was hired as a behavioral health technician (BHT). However, documentation of baseline screening consisting of assessing risks of prior exposure to infectious TB, determining if the individual had signs or symptoms of TB, and the individual's freedom from infectious TB, per R9-10-113(A)(2)(a)(iii) of two-step testing, was not available for review. 5. In an interview, E1 reported E6 had documentation of baseline screening consisting of assessing risks of prior exposure to infectious TB, determining if the individual had signs or symptoms of TB, and the individual's freedom from infectious TB, per R9-10-113(A)(2)(a)(iii) of two-step testing, but this documentation was not available for review. 6. A review of E7's (hired in 2024) personnel record revealed E7 was hired as a BHT. However, documentation of baseline screening consisting of assessing risks of prior exposure to infectious TB, determining if the individual had signs or symptoms of TB, and the individual's freedom from infectious TB was not available for review. 7. In an interview, E1 reported E7 had documentation of baseline screening consisting of assessing risks of prior exposure to infectious TB, determining if the individual had signs or symptoms of TB, and the individual's freedom from infectious TB but this documentation was not available for review. 8. A review of E8's (hired in 2024) personnel record revealed E8 was hired as a BHT. However, documentation of baseline screening consisting of the individual's freedom from infectious TB, per R9-10-113(A) (2)(a)(iii) of two-step testing, was not available for review. 9. A review of R1's (admitted in 2024) medical record revealed documentation of baseline screening consisting of determining if the individual had signs or symptoms of TB was not available for review. 10. A review of R3's (admitted in 2024) medical record revealed documentation of baseline screening consisting of assessing risks of prior exposure to infectious TB, determining if the individual had signs or symptoms of TB, and the individual's freedom from infectious TB was not available for review. 11. In an interview, the findings were reviewed with E1 and no additional comments or statements were provided regarding the findings. Plan of Correction Name, title and/or Position of the Person Responsible Date temporary correction was implemented Date permanent correction will be complete 2024-05-15 Temporary Solution Permanent Solution Monitoring"
        }
    ]
}