{
    "legal_name": "BASAMI HOUSE, LLC",
    "facility_status": "Active",
    "address": "2018 West Morning Vista Lane, Phoenix, AZ 85085",
    "license_status": "Active",
    "phone": "6029039193",
    "license_number": "BH8484",
    "max_licensed_capacity": "10",
    "license_effective_date": "8/15/2025",
    "chief_administrative_officer": "JOYCE ODONGO",
    "license_expires_date": "8/14/2026",
    "owner_licensee": "BASAMI HOUSE, LLC",
    "inspection_number": "INSP-0061226",
    "inspection_date": "4/29/2024",
    "inspection_type": "Complaint",
    "certificate_number": "Initial Comments",
    "deficiencies": [
        {
            "rule": "36-420.01. Health care institutions; fall prevention and fall recovery; training programs; definition A. Each health care institution shall develop and administer a training program for all staff regarding fall prevention and fall recovery. The training program shall include initial training and continued competency training in fall prevention and fall recovery. A health care institution may use information and training materials from the department's Arizona falls prevention coalition in developing the training program.",
            "evidence": "Based on documentation review, record review, and interview, the health care institution failed to administer a training program for all staff regarding fall prevention and fall recovery. The deficient practice posed a risk as organized instruction and information related to resident care and safety was not implemented.",
            "findings": "1. A review of facility documentation revealed a policy and procedure titled \"Fall Prevention and Fall Recovery Training\" (dated August 1, 2023). The policy and procedure stated \"... The training program requires initial training ... 6. All employees hired by the facility with either; supply evidence of completion of a comparable fall prevention and recovery provider meeting this policy requirement or attend training with the facility's provider.\" 2. A review of E6's (hired in 2024) personnel record revealed E6 was hired as a behavioral health technician. However, documentation of training in fall prevention and fall recovery was not available for review. 3. In an interview, the findings were reviewed with E3 and no additional comments or statements were provided regarding the findings. Plan of Correction Name, title and/or Position of the Person Responsible Date temporary correction was implemented Date permanent correction will be complete 2024-08-06 Temporary Solution Permanent Solution Monitoring"
        },
        {
            "rule": "J. An administrator shall ensure that the following personnel members have first-aid and cardiopulmonary resuscitation training specific to the populations served by the behavioral health residential facility: 1. At least one personnel member who is present at the behavioral health residential facility during hours of operation of the behavioral health residential facility, and",
            "evidence": "Based on documentation review, record review, observation, and interview, the administrator failed to ensure at least one personnel member was present at the behavioral health residential facility during hours of operation of the behavioral health residential facility who had first-aid and cardiopulmonary resuscitation (CPR) training specific to the populations served by the behavioral health residential facility, for two of six personnel members sampled. The deficient practice posed a risk if E3 and E5 were unable to meet a resident's needs during an emergency or during an accident. Findings include: 1. A review of facility documentation revealed a policy and procedure titled \"CPR and First Aid - Duty to Care\" (dated August 1, 2023). The policy and procedure stated \" ... candidate must also be able to demonstrate the ability to perform CPR. An online CPR/First Aid course is not acceptable. ... CPR and First Aid cards must be current and valid.\" 2. A review of facility documentation revealed a daily staffing schedule for April 2024. The schedule revealed E3 and E5 were scheduled to work together from 2:00PM to 10:00PM on the following dates: -April 1-2, 2024; -April 5, 2024; -April 8-9, 2024; -April 12, 2024; -April 15-16, 2024; -April 19, 2024; -April 22-23, 2024; and -April 26, 2024. 3. A review of facility documentation revealed a daily staffing schedule for April 2024. The schedule revealed E3 was scheduled to work as on-call on April 14-20, 2024. 4. A review of facility documentation revealed a daily staffing schedule for April 2024. The schedule revealed E5 was scheduled to work alone on the following dates: -April 6, 2024: from 8:00AM to 10:00PM; -April 13, 2024: from 8:00AM to 10:00PM; -April 20, 2024: from 2:00PM to 10:00PM; and -April 27, 2024: from 2:00PM to 10:00PM. 5. A review of E3's (hired in 2024) personnel record revealed E3 was hired as a program manager. The personnel record revealed documentation of first-aid and CPR training (issued March 22, 2022 and expired March 22, 2024). However, documentation of current first-aid and CPR training was not available for review. 6. In an interview, E3 reported to be unaware E3's first-aid and CPR training had expired. 7. The Compliance Officer observed E3 make a phone call to schedule first-aid and CPR training. 8. In an interview, E3 reported E3 sometimes worked at BH8484 alone. 9. A review of E5's (hired in 2024) personnel record revealed E5 was hired as a behavioral health technician (BHT). E5's personnel record revealed documentation of first-aid and CPR training from \"NationalCPRFoundation\" issued April 5, 2024. The document stated \"Valid for 2 years.\" 10. A review of the \"NationalCPRFoundation\" website revealed courses were conducted online. The \"NationalCPRFoundation\" website stated, \"Help Save Lives Today with Your Online CPR Certification Training!\" 11. In an interview, E1 acknowledged at least one personnel member was not present at the behavioral health residential facility during hours of operation of the behavioral health residential facility who had current first-aid and CPR training, to include a demonstration. Plan of Correction Name, title and/or Position of the Person Responsible Date temporary correction was implemented Date permanent correction will be complete 2024-04-30 Temporary Solution Permanent Solution Monitoring",
            "findings": ""
        },
        {
            "rule": "A. An administrator shall ensure that: 1. The",
            "evidence": "Based on observation and interview, the requirements in subsection (B) and the resident rights in subsection (E) are conspicuously posted on the premises; administrator failed to ensure the requirements in subsection (B) and the resident rights in subsection (E) were conspicuously posted on the premises.",
            "findings": "1. The Compliance Officer observed the following requirements in subsection (B) were conspicuously posted: \"1. A resident is treated with dignity, respect, and consideration; 2. A resident is not subjected to: a. Abuse; b. Neglect; c. Exploitation; d. Coercion; e. Manipulation; f. Sexual abuse; g. Sexual assault; h. Seclusion; i. Restraint; ii. Retaliation for submitting a complaint to the Department or another entity; iii. Misappropriation of personal and private property by the behavioral health residential facility's personnel members, employees, volunteers, or students; iv. Discharge or transfer, or threat of discharge or transfer, for reasons unrelated to the resident's treatment needs, except as established in a fee agreement signed by the resident or the resident's representative; or v. Treatment that involves the denial of: vi. Food, vii. The opportunity to sleep, or viii. The opportunity to use the toilet;\" However, the remaining requirements in subsection (B) were not conspicuously posted on the premises. 2. The Compliance Officer observed the resident rights in subsection (E) were not conspicuously posted. 3. The Compliance Officer observed the remaining requirements in subsection (B) and the resident rights in subsection (E) were stapled behind the aforementioned requirements in subsection (B). 4. In an interview, E1 acknowledged the remaining requirements in subsection (B) and the resident rights in subsection (E) were not conspicuously posted on the premises. Plan of Correction Name, title and/or Position of the Person Responsible Date temporary correction was implemented Date permanent correction will be complete 2024-08-06 Temporary Solution Permanent Solution Monitoring"
        },
        {
            "rule": "A. An administrator shall ensure that: 7. A resident does not: a. Use or have access to any materials, furnishings, or equipment or participate in any activity or treatment that may present a threat to the resident's health or safety based on the resident's documented diagnosis, treatment needs, developmental levels, social skills, verbal skills, or personal history; or",
            "evidence": "Based on documentation review, record review, and interview, the administrator failed to ensure a resident did not have access to any materials to present a threat to the resident's health or safety based on the resident's documented diagnosis and treatment needs. The deficient practice posed a risk as a resident consumed marijuana while admitted into a behavioral health residential facility in contradiction with their behavioral health issue.",
            "findings": "1. A review of facility documentation revealed a document titled \"Incident Report Form\" (dated April 7, 2024). The incident report stated \" ... [R1] was cause [sic] by Basami House staff smoking weed in the house with peers. One of peer [sic] was able to bring weed to the group home and share with [R1].\" 2. A review of R1's (admitted in 2024) medical record revealed a behavioral health assessment (dated in March 2024). The assessment stated \" ... [R1] reported [R1] first smoked Marijuana at the age of 15 years old. [R1] reported [R1] thought it was cool and liked it. [R1] reported [R1] starting smoking more often as time progressed. [R1] reported Marijuana was never a problem and Marijuana calmed [R1] down ... [R1] reported I want to 'fix myself' 'I don't want to use drugs and alcohol' ... [R1] reported has reported [R1] is still struggling with grief and was engaging in the use of alcohol.\" 3. A review of R1's behavioral health assessment stated a diagnosis of \" ... Secondary 305.20(F12.10) Cannabis Use Disorder, Mild\" and \"Tertiary 303.90(F10.20) Alcohol Use Disorder, Severe.\" 4. A review of R1's medical record revealed a document titled \"Complete Evaluation/Biopsychosocial Assessment Social Worker\" (dated in March 2024). The document stated \" ... Pt shares [R1] had a lot of alcohol and smoked marijuana leading to [R1] to feel suicidal ... Pt shares [R1] uses substances 'once in a while.' Mainly alcohol and marijuana on occasion.\" 5. In an interview, E3 reported a search of resident's bags was conducted, however, the marijuana was not located. E3 acknowledged the administrator failed to ensure a resident did not have access to any materials to present a threat to the resident's health or safety based on the resident's documented diagnosis and treatment needs. Plan of Correction Name, title and/or Position of the Person Responsible Date temporary correction was implemented Date permanent correction will be complete 2024-04-29 Temporary Solution Permanent Solution Monitoring"
        }
    ]
}