{
    "legal_name": "BOJ RESIDENTIAL HOMES",
    "facility_status": "Active",
    "address": "3924 East Andre Avenue, Gilbert, AZ 85298",
    "license_status": "Active",
    "phone": "4802507412",
    "license_number": "BH7153",
    "max_licensed_capacity": "4",
    "license_effective_date": "11/29/2024",
    "chief_administrative_officer": "YAW POKU",
    "license_expires_date": "11/28/2025",
    "owner_licensee": "BOJ HEALTH CORP",
    "inspection_number": "INSP-0132952",
    "inspection_date": "6/2/2025",
    "inspection_type": "Complaint",
    "certificate_number": "BH7153",
    "deficiencies": [
        {
            "rule": "R9-10-707.A.1.b. Admission; Assessment A. An administrator shall ensure that: 1. A resident is admitted based upon: b. The resident's behavioral health issue and treatment needs are within the behavioral health residential facility's scope of services;",
            "evidence": "Based on record review, documentation review, and interview, the administrator failed to ensure a resident was admitted based upon the resident's behavioral health issue and treatment needs within the behavioral health residential facility's scope of services.",
            "findings": "1. A review of R1's medical record revealed a document titled \"Prior Authorization Request for Children and Adolescents BHF, BHRF, and HCTC\" (dated in April 2025). The document stated, \"[R1] is continually a follower of others and frequently engages in DTS [danger to self] behaviors...\" 2. A review of R1's medical record revealed a behavioral health assessment (dated November 2024). The assessment indicated R1 had a \"past history of cutting behaviors.\" 3. A review of facility documentation revealed a policy and procedure (effective date February 2, 2023) titled \"Program Description.\" The policy stated, \u201c\u2026Services Provided: BOJ Residential Homes Offer: Counseling, Assistance in the Self- administration of Medication, ILS [Independent Living Skills], ADL [Activities of Daily Living], Support Groups, Substance Relapse and Prevention, Using Coping Skills Effectively, Anger Management, Conflict Resolution, Assertive Training, Exploring New Challenges\u2026\u201d However, the description did not include if services would be provided to an individual with a history of DTS. 4. In an interview, E5 acknowledged a resident who was a danger to themselves was more suited for a behavioral health inpatient facility. E5 recalled during a Child and Family Team Meeting, the issue was discussed, and it was decided R1's admission to the behavioral health residential facility was appropriate because R1 had not recently engaged in self-harming behaviors. However, no documentation was provided for review that the behavioral health residential facility's scope of services included if services would be provided to an individual with a history of DTS. 5. In an exit interview, the findings were discussed with E5, and no additional statements or documentation were provided. Plan of Correction Name, title and/or Position of the Person Responsible Yaw Poku, Administrator Date temporary correction was implemented 2025-06-02 Date permanent correction will be complete 2025-07-10 Temporary Solution The facility reviewed all active resident files to ensure that their behavioral health diagnoses and treatment needs align with our facility\u2019s scope of services. Any resident not meeting this requirement will be referred to a more appropriate level of care, and a discharge plan will be initiated in coordination with their treatment team and guardian (if applicable). Permanent Solution All clinical and admissions staff will be retrained on the facility's admission policy and R9-10-707.A.1.b requirements. Training will emphasize the importance of reviewing the referral packet thoroughly and ensuring alignment with our facility\u2019s licensure and treatment scope before acceptance. An \u201cAdmission Approval Checklist\u201d will be implemented, requiring sign-off by both the BHP and administrator to verify that: The diagnosis is within scope. The treatment needs can be met by current staff and services. Documentation supports this decision. Referral Packet Review Protocol: A new protocol is in place requiring that all referral packets undergo review by the BHP prior to admission. This includes behavioral health assessments, previous treatment history, and current treatment needs. Monitoring Quarterly Audit: The facility administrator will conduct quarterly audits of admissions to ensure compliance with R9-10-707.A.1.b. Findings will be documented, and corrective action will be taken immediately if discrepancies are found. Staff Refresher Training: Annual training will be conducted to reinforce admission criteria and regulatory compliance."
        },
        {
            "rule": "R9-10-708.A.4.d. Treatment Plan A. An administrator shall ensure that a treatment plan is developed and implemented for each resident that: 4. Includes: d. The date when the resident's treatment plan will be reviewed;",
            "evidence": "Based on record review and interview, the administrator failed to ensure a treatment plan was developed and implemented for each resident to include the date when the resident's treatment plan would be reviewed, for one of two residents sampled.",
            "findings": "1. A review of R1's medical record revealed a treatment plan (dated April 2025). However, the plan did not include the date when R1's treatment plan would be reviewed. 2. In an interview, E5 acknowledged R1's treatment plan did not include the date when R1's treatment plan would be reviewed. 3. In an exit interview, the findings were discussed with E5, and no additional documentation or statements were provided. Plan of Correction Name, title and/or Position of the Person Responsible Yaw Poku, Administrator Date temporary correction was implemented 2025-06-06 Date permanent correction will be complete 2025-07-05 Temporary Solution All active treatment plans will be reviewed to identify any that were missing the treatment plan review date. Missing dates will be added in collaboration with the treatment team and documented appropriately. All clinical staff were informed of the requirement and instructed to include the treatment plan review date on all new and updated plans. Permanent Solution The treatment plan form will be revised to include a clearly labeled field for: \u201cNext Treatment Plan Review Date (within 6 months or as clinically indicated): ________\u201d Monitoring The Administrator will randomly audit all active treatment plans monthly to ensure the review date is included and timely. Quarterly Staff Refresher Training: Ongoing refresher training on treatment plan requirements will be provided quarterly or sooner if non- compliance is observed. Audit Log Tracking: A log of audit findings and corrective actions will be maintained and reviewed during clinical supervision meetings. Administrator: Oversight of compliance and audit review. BHP: Final review and approval of treatment plans. Clinical Team: Responsible for including review dates in all plans."
        },
        {
            "rule": "R9-10-716.A.7.a. Behavioral Health Services A. An administrator shall ensure that: 7. A resident does not: a. Use or have access to any materials, furnishings, or equipment or participate in any activity or treatment that may present a threat to the resident's health or safety based on the resident's documented diagnosis, treatment needs, developmental levels, social skills, verbal skills, or personal history; or",
            "evidence": "Based on documentation review, record review, and interview, the administrator failed to ensure a resident did not use or have access to any materials that may present a threat to the resident's health or safety based on the resident's documented diagnosis or personal history. The deficient practice posed a risk as R1 had access to scissors while admitted into a behavioral health residential facility, in contradiction with their documented diagnosis and personal history of self-harming behavior.",
            "findings": "1. A review of facility documentation revealed an incident report regarding R1 (dated May 2025). The report stated, \"Staff went over and asked if [R1] had decided to go to bed for the night. [R1] did not answer and went to the restroom. The staff could tell the client was not responding and needed space. [R1] was in the restroom for about 10 minutes. The staff checked on [R1] and [R1] said [R1] was fine. [R1] was prompted to open the door if done. [R1] did, and went to [R1's] room very quietly. [R1] did not come out of her room. The staff realized the quietness, followed up and saw [R1] with small sized scissors in [R1's] hand with minor lines on [R1's] upper wrist. The staff collected the scissors from [R1], escorted [R1] to the med room area and started first aid. [R1] insisted [R1] wanted to do it [for R1] because it's a cut [R1] can handle and the staff should allow [R1] to clean [for R1]. [R1] refused to let staff attend to [R1]. [R1] expressed that \u201cI can take care of myself\u201d. From what the staff could see, the wound looked more like a scratch than a cut. The staff charted the urge to self-harm, checked on [R1] every 10 minutes for about an hour as [R1] fell asleep in [R1's] bed. [R1] had a quiet night.\" 2. A review of R1's medical record revealed a behavioral health assessment (dated November 2024). The assessment indicated R1's diagnosis was, \"Unspecified trauma- and stressor-related disorder.\" 3. A review of R1's medical record revealed a document titled \"Prior Authorization Request for Children and Adolescents BHF, BHRF, and HCTC\" (dated in April 2025). The document stated, \"[R1] is continually a follower of others and frequently engages in DTS [danger to self] behaviors...\" 4. A review of R1's medical record revealed a treatment plan (dated in April 2025). The treatment plan stated, \"[R1] will decrease impulsive behaviors and the need to self-harm within the next 60 days.\" 5. A review of R1's medical record revealed a note signed by E8 (dated May 2025). The note stated, '[E8] discussed with [R1] being able to identify [R1's] emotions prior to self-harming situations and working on those emotions so that [R1] does not use self-harm as a coping skill.\" 6. A review of R1's medical record revealed a document titled \"Summary of Session\" (dated May 2025. The document indicated between 10:30 p.m.-11:30 p.m., \"[R1] was holding a scissors wanting to harm [R1] in the room so [E7] collected it.\" 7. In an interview, E5 reported to be unaware of how R1 obtained the scissors in the aforementioned incident. E5 acknowledged the administrator failed to ensure R1 did not use or have access to the scissors that presented a threat to R1's health and safety based on R1's documented trauma diagnosis and personal history of self-harming behaviors. 8. In an exit interview, the findings were discussed with E5, but no additional documents or statements were provided. Plan of Correction Name, title and/or Position of the Person Responsible Yaw Poku, Administrator Date temporary correction was implemented 2025-06-02 Date permanent correction will be complete 2025-07-08 Temporary Solution The resident involved in the identified incident will be monitored during all group activities and transitions by a staff member to ensure they do not access materials, furnishings, or activities that pose a safety risk based on their diagnosis or history. Restricted Access to Risk Items: All potentially hazardous materials and equipment (e.g., sharp objects, cleaning supplies, unsupervised tools, or activity materials) are to remain stored in locked areas and may only be used with prior clinical approval and supervision. Daily Staff Briefings: Shift-change meetings now include a review of residents with documented safety precautions to ensure staff are aware of individualized restrictions and needs. Permanent Solution An individualized Safety Risk Review Form will be completed upon admission and updated quarterly or as needed. This form identifies any materials, furnishings, or activities that may be contraindicated based on the resident\u2019s profile. The facility will revise its daily safety checks and group activity planning procedures to include a review of all participants\u2019 risk indicators before activities are conducted. Staff Training: Direct care and clinical staff were trained on recognizing and mitigating safety risks related to behavioral health conditions, communication limitations, or trauma histories. Training included how to apply individualized precautions in both group and individual settings. Monitoring The administrator will review as needed during supervision to ensure risk indicators are documented and precautions implemented. The administrator will conduct monthly reviews of group activities and resident environments for compliance with individualized safety restrictions. All incident reports involving resident safety will now be reviewed within 48 hours to evaluate if individualized risk precautions were followed and whether updates to treatment or safety plans are needed. Administrator: Oversight of all safety procedures and audit follow-through. BHP: Ensures risk factors are clinically identified and documented. Direct Care Staff: Responsible for following risk-related restrictions in practice."
        }
    ]
}