{
    "legal_name": "CAMELBACK KIDS",
    "facility_status": "Active",
    "address": "7517 West Shumway Farm Road, Laveen, AZ 85339",
    "license_status": "Active",
    "phone": "4802159056",
    "license_number": "BH7444",
    "max_licensed_capacity": "5",
    "license_effective_date": "4/26/2025",
    "chief_administrative_officer": "SHAKERA NATHAN",
    "license_expires_date": "4/25/2026",
    "owner_licensee": "SCL COLLEGE OF NURSING, LLC",
    "inspection_number": "INSP-0065487",
    "inspection_date": "5/16/2023",
    "inspection_type": "Compliance (Annual)",
    "certificate_number": "Initial Comments",
    "deficiencies": [
        {
            "rule": "B. An administrator shall ensure that: 2. A personnel member's skills and knowledge are verified and documented: a. Before the personnel member provides physical health services or behavioral health services, and b. According to policies and procedures; and",
            "evidence": "Based on observation, record review, and interview, the administrator failed to ensure personnel members' skills and knowledge were verified and documented before the personnel member provided behavioral health services.",
            "findings": "1. The compliance officer observed E2 working at the facility at the time of the inspection. 2. A review of E2 and E3's personnel record revealed no documentation of verification of skills and knowledge. 3. In an interview, E1 reviewed E2 and E3's record. E1 reported E1 completed orientation with E2 and E3. E1 acknowledged the identified personnel records did not contain documentation of the reported verification of skills and knowledge. E1 acknowledged the administrator failed to ensure personnel members' skills and knowledge were verified and documented before the personnel member provided behavioral health services. Plan of Correction Name, title and/or Position of the Person Responsible Date temporary correction was implemented Date permanent correction will be complete 2023-05-31 Temporary Solution Permanent Solution Monitoring"
        },
        {
            "rule": "E. An administrator shall ensure that: 3. An individual's orientation is documented, to include: a. The individual's name, b. The date of the orientation, and c. The subject or topics covered in the orientation;",
            "evidence": "Based on record review and interview, the administrator failed to ensure an individual's orientation was documented.",
            "findings": "1. A review of E2 and E3's personnel records revealed no documentation of E2 and E3's orientation was documented. Based on E2 and E3's dates of hire as Behavioral Health Technicians, documentation of orientation was required. 2. In an interview, E1 reported orientation was completed for the personnel identified. E1 acknowledged E2 and E3's personnel records did not include documentation of the orientation provided. Plan of Correction Name, title and/or Position of the Person Responsible Date temporary correction was implemented Date permanent correction will be complete 2023-05-31 Temporary Solution Permanent Solution Monitoring"
        },
        {
            "rule": "G. An administrator shall ensure that a personnel record is maintained for each personnel member, employee, volunteer, or student that includes: 3. Documentation of: e. The individual's compliance with requirements in A.R.S. \u00a7\u00a7 36-411, 36-411.01, and 36-425.03, as applicable;",
            "evidence": "Based on record review and interview, the administrator failed to ensure a personnel record was maintained for each personnel member to include documentation of the individual's compliance with the requirements in A.R.S. \\'a7 36-425.03.",
            "findings": "1. A review of E3's personnel record revealed a valid fingerprint clearance card, or documentation of an application for a fingerprint clearance card, was not available for review. Based on E3's date of hire, this documentation was required. 2. In an interview, E1 reported E1 believed E3 did have a valid fingerprint clearance card however acknowledged there was no documentation of the fingerprint clearance card or good faith effort to verify said fingerprint clearance card. E1 acknowledged the administrator failed to ensure a personnel record was maintained for each personnel member to include documentation of the individual's compliance with the requirements in A.R.S. \\'a7 36-425.03. Plan of Correction Name, title and/or Position of the Person Responsible Date temporary correction was implemented Date permanent correction will be complete 2023-06-21 Temporary Solution Permanent Solution Monitoring"
        },
        {
            "rule": "J. An administrator shall ensure that the following personnel members have first-aid and cardiopulmonary resuscitation training specific to the populations served by the behavioral health residential facility: 1. At least one personnel member who is present at the behavioral health residential facility during hours of operation of the behavioral health residential facility, and",
            "evidence": "Based on documentation review, record review, and interview, the administrator failed to ensure at least one personnel member present at the behavioral health facility during hours of operation had cardiopulmonary resuscitation training (CPR).",
            "findings": "1. A review of the facilities personnel schedule revealed that E2 worked alone with residents on from 6 am to 3pm on May 8, 2023 and May 9, 2023. 2. A review of E2's personnel record revealed an online cardiopulmonary resuscitation training completed on January 25, 2022 from the NationalCPRFoundation. 3. In an interview, E2 acknowledged E2 worked alone with residents on the dates identified. E2 acknowledged E2 completed online CPR training. 4. E1 reviewed E2's personnel record and acknowledged the certification revealed an online CPR certification. E1 acknowledged the administrator failed to ensure at least one personnel member present at the behavioral health facility during hours of operation identified had cardiopulmonary resuscitation training. Plan of Correction Name, title and/or Position of the Person Responsible Temporary Solution Date temporary correction was implemented Date permanent correction will be complete 2023-05-24 Permanent Solution Monitoring"
        },
        {
            "rule": "K. An administrator shall ensure that: 3. There is a daily staffing schedule that: a. Indicates the date, scheduled work hours, and name of each employee assigned to work, including on-call personnel members; b. Includes documentation of the employees who work each calendar day and the hours worked by each employee; and c. Is maintained for at least 12 months after the last date on the documentation;",
            "evidence": "Based on observation, documentation review, and interview, the administrator failed to ensure there was a daily staffing schedule which indicated the date, scheduled work hours, and name of each employee assigned to work, including on-call personnel members, included documentation of the employees who worked each calendar day and the hours worked by each employee, and was maintained for at least 12 months after the last date on the documentation.",
            "findings": "1. Upon arrival at the facility, the compliance officer observed E2 working. 2. A review of the facility's staffing schedule revealed a schedule conspicuously posted on the facility bulletin board with the dates of April 17, 2023 through May 14, 2023. The document identified E4 worked at the facility April 25, 2023 through May 8, 2023. However, E4's date of termination was April 24, 2023. A request for the facility's personnel schedule for the last twelve months revealed no additional schedules were available for review. 3. In an interview, E1 acknowledged the daily staffing schedule posted identified a personnel member who no longer worked for the facility. E1 acknowledged the current staffing schedule was the only staffing schedule available for review for a twelve month period. E1 reported E1 was not aware the personnel schedule was required to be maintained for a twelve month period. E1 acknowledged the administrator failed to ensure there was a daily staffing schedule which indicated the date, scheduled work hours, and name of each employee assigned to work included documentation of the employees who worked each calendar day and the hours worked by each employee, and was maintained for at least 12 months after the last date on the documentation. Plan of Correction Name, title and/or Position of the Person Responsible Date temporary correction was implemented Date permanent correction will be complete 2023-05-31 Temporary Solution Permanent Solution Monitoring"
        },
        {
            "rule": "A. An administrator shall ensure that: 6. Except as provided in subsection (E)(1)(a), a medical practitioner performs a medical history and physical examination or a registered nurse performs a nursing assessment on a resident within 30 calendar days before admission or within 72 hours after admission and documents the medical history and physical examination or nursing assessment in the resident's medical record within 72 hours after admission;",
            "evidence": "Based on record review and interview, the administrator failed to ensure a medical practitioner performed a medical history and physical examination or a registered nurse performed a nursing assessment on a resident within 30 calendar days before admission or within 72 hours after admission. Findings include: 1. A review of R1 and R2's medical records revealed no medical history or physical examination. Based on the residents' dates of acceptance, this documentation was required. 2. In an interview, E1 reviewed R1 and R2's medical records. E1 acknowledged R1 and R2's medical records did not include a medical history or physical examination. Plan of Correction Name, title and/or Position of the Person Responsible Date temporary correction was implemented Date permanent correction will be complete 2023-06-05 Temporary Solution Permanent Solution Monitoring",
            "findings": ""
        },
        {
            "rule": "A. An administrator shall ensure that: 8. If a behavioral health assessment is conducted by a: a. Behavioral health technician or registered nurse, within 24 hours a behavioral health professional, certified or licensed to provide the behavioral health services needed by the resident, reviews and signs the behavioral health assessment to ensure that the behavioral health assessment identifies the behavioral health services needed by the resident; or",
            "evidence": "Based on record review and interview, the administrator failed to ensure a behavioral health assessment conducted by a behavioral health technician or registered nurse, within 24 hours a behavioral health professional (BHP) certified or licensed to provide the behavioral health services needed by the resident, reviewed and signed the behavioral health assessment to ensure the behavioral health assessment identified the behavioral health services needed by the resident, for two of two residents sampled.",
            "findings": "1. A review of R1's medical record revealed a behavioral health assessment completed by E1. The assessment did not include within 24 hours a behavioral health professional (BHP) reviewed and signed the behavioral health assessment. 2. A review of R2's medical record revealed behavioral health assessment completed by E1. The assessment did not include within 24 hours a behavioral health professional (BHP) reviewed and signed the behavioral health assessment. 3. In an interview, E1 reported E1 completed R1 and R2's behavioral health assessment. E1 reported the behavioral health professional did review the identified assessments. E1 reported E1 was unaware the behavioral health assessment required documentation the assessments were reviewed and signed by a Behavioral Health Professional within twenty- four hours. Plan of Correction Name, title and/or Position of the Person Responsible Date temporary correction was implemented Date permanent correction will be complete 2023-06-05 Temporary Solution Permanent Solution Monitoring"
        },
        {
            "rule": "A. An administrator shall ensure that: 11. A",
            "evidence": "Based on record review and interview, the behavioral health assessment: b. Includes: iii. The signature and date signed of the personnel member conducting the behavioral health assessment; and administrator failed to ensure a behavioral health assessment included the signature and date signed of the personnel member conducting the behavioral health assessment, for two of two residents sampled. Findings include: 1. A review of R1 and R2's medical records revealed behavioral health assessments. However, the signature and date signed of the personnel member who conducted the behavioral health assessments was not included. 2. In an interview, E1 reported E1 completed R1 and R2's behavioral health assessments. E1 reported E1 was unaware of the rule requirements. E1 acknowledged R1 and R2's behavioral health assessments was not signed and dated by the personnel member who conducted the behavioral health assessment. Plan of Correction Name, title and/or Position of the Person Responsible Date temporary correction was implemented Date permanent correction will be complete 2023-06-05 Temporary Solution Permanent Solution Monitoring",
            "findings": ""
        },
        {
            "rule": "A. An administrator shall ensure that a treatment plan is developed and implemented for each resident that: 4. Includes: f. The signature of the personnel member who developed the treatment plan and the date signed;",
            "evidence": "Based on record review and interview, the administrator failed to ensure a treatment plan was developed and implemented for each resident that included the signature of the personnel member who developed the treatment plan and the date signed, for two of two residents sampled.",
            "findings": "1. A review of R1's medical record revealed a treatment plan dated September 16, 2022. The treatment plan was completed by E1. The treatment plan did not include the signature of the personnel member who developed the treatment plan and the date signed. 2. A review of R2's medical record revealed a treatment plan dated November 7, 2022. The treatment plan was completed by E1. The treatment plan did not include the signature of the personnel member who developed the treatment plan and the date signed. 3. In an interview, E1 acknowledged the treatment plans for R1 and R2 were completed by E1. E1 acknowledged the treatment plans did not include the signature of the personnel member who developed the treatment plan and the date signed. Plan of Correction Name, title and/or Position of the Person Responsible Date temporary correction was implemented Date permanent correction will be complete 2023-06-05 Temporary Solution Permanent Solution Monitoring"
        },
        {
            "rule": "A. An administrator shall ensure that a treatment plan is developed and implemented for each resident that: 5. If the treatment plan was completed by a behavioral health technician, is reviewed and signed by a behavioral health professional within 24 hours after the completion of the treatment plan to ensure that the treatment plan is complete and accurate and meets the resident's treatment needs; and",
            "evidence": "Based on documentation review, record review, and interview, the administrator failed to ensure a treatment plan was developed and implemented for each resident that, if completed by a behavioral health technician, was reviewed and signed by a behavioral health professional within 24 hours after the completion of the treatment plan to ensure that the treatment plan was complete and accurate and met the resident's treatment needs.",
            "findings": "1. A review of R1's medical record revealed a treatment plan dated September 16, 2022. The treatment plan was completed by E1, behavioral health technician. The treatment plan completed by E1 did not reveal documentation the treatment plan was reviewed and signed by a behavioral health professional within 24 hours after the completion of the treatment plan to ensure that the treatment plan was complete and accurate and met the resident's treatment needs. 2. A review of R2's medical record revealed a treatment plan dated November 7, 2022. The treatment plan was completed by E1, behavioral health technician. The treatment plan completed by E1 did not reveal documentation the treatment plan was reviewed and signed by a behavioral health professional within 24 hours after the completion of the treatment plan to ensure that the treatment plan was complete and accurate and met the resident's treatment needs. 3. In an interview, E1 acknowledged the treatment plans for R1 and R2 were completed by E1. E1 acknowledged the treatment plans did not reveal documentation the treatment plan was reviewed and signed by a behavioral health professional within 24 hours after the completion of the treatment plan to ensure that the treatment plan was complete and accurate and met the resident's treatment needs. Plan of Correction Name, title and/or Position of the Person Responsible Date temporary correction was implemented Date permanent correction will be complete 2023-06-05 Temporary Solution Permanent Solution Monitoring"
        },
        {
            "rule": "C. An administrator shall ensure that a resident's medical record contains: 4. The date of admission and, if applicable, date of discharge;",
            "evidence": "Based on record review and interview, the administrator failed to ensure a resident's medical record contained the date of discharge, for two of two discharged residents sampled. The deficient practice posed a risk as the Department was unable to determine substantial compliance during the inspection, and the documentation was not provided within two hours after a Department request.",
            "findings": "1. A review of R1's and R2's medical records revealed no date of admission was available for review. 2. In an interview, E1 reviewed R1 and R2's medical records. E1 reported the date of admission was the date consent for treatment was signed. E1 acknowledged R1's and R2's medical records did not contain R1's and R2's dates of admission. Plan of Correction Name, title and/or Position of the Person Responsible Date temporary correction was implemented Date permanent correction will be complete 2023-05-31 Temporary Solution Permanent Solution Monitoring"
        },
        {
            "rule": "C. An administrator shall ensure that: 2. Each counseling session is documented in a resident's medical record to include: e. The signature of the personnel member who provided the counseling and the date signed.",
            "evidence": "Based on documentation review and interview, the administrator failed to ensure that each counseling session was documented in a resident's medical record to include the signature of the personnel member who provided the counseling and the date signed. Findings: 1. A review of R2's medical record revealed counseling sessions for March 6, 2023 and April 3, 2023. The counseling sessions did not include an electronic signature or signature of the personnel member who provided the counseling and the date signed. 2. In an interview, E1 reported E1 provided the counseling on the dates identified. E1 acknowledged the counseling sessions did not include the electronic signature or signature of the personnel member who provided the counseling and the date signed. Plan of Correction Name, title and/or Position of the Person Responsible Date temporary correction was implemented Date permanent correction will be complete 2023-05-31 Temporary Solution Permanent Solution Monitoring",
            "findings": ""
        },
        {
            "rule": "C. If a behavioral health residential facility provides assistance in the self-administration of medication, an administrator shall ensure that: 4. Training for a personnel member, other than a medical practitioner or registered nurse, in assistance in the self-administration of medication: a. Is provided by a medical practitioner or registered nurse or an individual trained by a medical practitioner or registered nurse; and b. Includes: i. A demonstration of the personnel member's skills and knowledge necessary to provide assistance in the self- administration of medication, ii. Identification of medication errors and medical emergencies related to medication that require emergency medical intervention, and iii. The process for notifying the appropriate entities when an emergency medical intervention is needed;",
            "evidence": "Based on record review and interview, the administrator failed to ensure training in the assistance in the self-administration of medication included a demonstration of the personnel member's skills and knowledge necessary to provide assistance in the self- administration of medication, identification of medication errors, and medical emergencies related to medication that required emergency medical intervention, and the process for notifying the appropriate entities when an emergency medical intervention was needed.",
            "findings": "1. A review of E2 and E3's personnel records revealed no documentation of training in the assistance in the self- administration of medication. 2. In an interview, E1 reported E2 and E3 did complete training in the assistance in the self administration of medication. E1 reported the documentation should have been in the identified personnel records however the documentation could not be located. E1 acknowledged E2's, and E3's training did not include documentation of training in the assistance in the self-administration of medication as required. Plan of Correction Name, title and/or Position of the Person Responsible Date temporary correction was implemented Date permanent correction will be complete Temporary Solution Permanent Solution Monitoring 2023-05-31"
        },
        {
            "rule": "B. Except for an outdoor behavioral health care program provided by a behavioral health residential facility, an administrator shall ensure that: 4. A disaster drill for employees is conducted on each shift at least once every three months and documented;",
            "evidence": "Based on documentation review and interview, the administrator failed to ensure a disaster drill for employees was conducted on each shift at least every three months and documented.",
            "findings": "1. A request for the facility's disaster drills conducted during the past 12 months revealed no drills were available for review. 2. In an interview, E1 reported E1 reviewed the disaster drill policy and procedure with employees at the time of hire. E1 acknowledged the disaster drills were not conducted on each shift at least every three months and documented. Plan of Correction Name, title and/or Position of the Person Responsible Date temporary correction was implemented Date permanent correction will be complete 2023-06-07 Temporary Solution Permanent Solution Monitoring"
        },
        {
            "rule": "B. Except for an outdoor behavioral health care program provided by a behavioral health residential facility, an administrator shall ensure that: 5. An evacuation drill for employees and residents on the premises is conducted at least once every six months on each shift;",
            "evidence": "Based on documentation review and interview, the administrator failed to ensure an evacuation drill for employees and residents on the premises was conducted at least once every six months on each shift. Findings include: 1. A review of the facility's evacuation drills revealed no evacuation drills were available for review. 2. In an interview E1 reported the facility had not conducted evacuation drills for employees and residents. E1 acknowledged the administrator failed to ensure an evacuation drill for employees and residents on the premises was conducted at least once every six months on each shift. Plan of Correction Name, title and/or Position of the Person Responsible Date temporary correction was implemented Date permanent correction will be complete 2023-06-07 Temporary Solution Permanent Solution Monitoring",
            "findings": ""
        }
    ]
}