{
    "legal_name": "CAMELBACK KIDS",
    "facility_status": "Active",
    "address": "7517 West Shumway Farm Road, Laveen, AZ 85339",
    "license_status": "Active",
    "phone": "4802159056",
    "license_number": "BH7444",
    "max_licensed_capacity": "5",
    "license_effective_date": "4/26/2025",
    "chief_administrative_officer": "SHAKERA NATHAN",
    "license_expires_date": "4/25/2026",
    "owner_licensee": "SCL COLLEGE OF NURSING, LLC",
    "inspection_number": "INSP-0065685",
    "inspection_date": "5/22/2024",
    "inspection_type": "Compliance (Annual)",
    "certificate_number": "Initial Comments",
    "deficiencies": [
        {
            "rule": "An administrator shall ensure that: 2. Documentation of current contracted services is maintained that includes a description of the contracted services provided.",
            "evidence": "Based on documentation review, record review and interview, the administrator failed to ensure documentation of current contracted services included a description of the contracted services provided, for one contracted behavioral health professional (BHP).",
            "findings": "1. A review of facility documentation revealed a staffing schedule for May 2024. The staffing schedule revealed E3 was the BHP on-call. 2. A review of facility policies and procedures revealed a policy titled \"Contracted Services\" which stated, \"Camelback Kids will have written agreements with the following professionals to provide Services: Behavioral Health Professional: Camelback Kids will have a written agreement with a Behavioral Health Professional to provide clinical oversight, review treatment plans, assessments and counseling and to ensure that treatment is provided according to the goals established in the treatment plan ...The BHP must also be available on-call as needed.\" 3. A review of E3's personnel record revealed E3 was hired as the facility's licensed BHP. E3's personnel record revealed an offer letter dated November 2, 2022 which stated, \"We are pleased to offer you the position of Licensed Professional Counselor at SCL College of Nursing, DBA Camelback Kids ...This position serves as an Independent Contractor providing counseling services to our residents at Camelback Kids.\" However, no further description of contracted services provided was available in E3's personnel record. 4. In an interview, E1 reported E3 was available on call and completed behavioral health assessments and treatment plans for residents. E1 acknowledged a documentation of these contracted services was not provided for E3. Plan of Correction Name, title and/or Position of the Person Responsible Date temporary correction was implemented Date permanent correction will be complete 2024-06-20 Temporary Solution Permanent Solution Monitoring"
        },
        {
            "rule": "G. An administrator shall ensure that a personnel record is maintained for each personnel member, employee, volunteer, or student that includes: 3. Documentation of: a. The individual's qualifications, including skills and knowledge applicable to the individual's job duties;",
            "evidence": "Based on record review and interview, the administrator failed to ensure a personnel record was maintained for each personnel member to include documentation of the individual's skills and knowledge applicable to the individual's job duties, for two of seven personnel members sampled. The deficient practice posed a risk if a personnel member was not qualified to work in a healthcare institution,",
            "findings": "1. A review of facility policies and procedures revealed a policy titled, \"REQUIREMENTS FOR ALL PERSONNEL POLICY AND PROCEDURE\" which stated, \"All licensed and non-licensed staff/behavioral health professionals must have the following skills and knowledge verified by the Clinical Director prior to delivering behavioral health services. A signed skills check-list will be submitted demonstrating proof ...\" 2. A review of E4's personnel record revealed E4 was hired as the facility's registered nurse (RN). However, documentation which demonstrated E4's skills and knowledge were verified and documented, was not available for review. 3. A review of E6's personnel record revealed E6 was hired as a behavioral health technician (BHT). E6's personnel record revealed a \"Personnel Orientation\" and \"Verification of Skills and Knowledge\" checklist from \"Gem House, Ebenezer, Angel Heart LLC.\" Both checklists were completed before E6 was hired at BH7444. No documentation which demonstrated E6's skills and knowledge were verified and documented at BH7444 was available for review. 4. In an interview, E1 reported E4's and E6's skills and knowledge were verified and documented. However, E1 could not locate the documentation. E1 acknowledged documentation to demonstrate E4's and E6's skills and knowledge were verified and documented was not available for review. Plan of Correction Name, title and/or Position of the Person Responsible Date temporary correction was implemented Date permanent correction will be complete 2024-06-21 Temporary Solution Permanent Solution Monitoring"
        },
        {
            "rule": "G. An administrator shall ensure that a personnel record is maintained for each personnel member, employee, volunteer, or student that includes: 3. Documentation of: e. The individual's compliance with requirements in A.R.S. \u00a7\u00a7 36-411, 36-411.01, and 36-425.03, as applicable;",
            "evidence": "Based on record review and interview, the administrator failed to ensure a personnel record was maintained for each personnel member to include documentation of compliance with the requirements in Arizona Revised Statutes (A.R.S.) \\'a7 36-411(A)(C)(1), for four of seven personnel members sampled. The deficient practice posed a health and safety risk to residents if personnel members were a danger to a vulnerable population.",
            "findings": "1. A.R.S. \\'a7 36-411(C)(1) states: \"Owners shall make documented, good faith efforts to: 1. Contact previous employers to obtain information or recommendations that may be relevant to a person's fitness to work in a residential care institution, nursing care institution or home health agency.\" 2. A review of E1's, E2's, E3's, and E4's personnel records revealed valid fingerprint clearance cards. However, documentation of compliance with A.R.S. \\'a7 36-411(C)(1) for E1, E2, E3, and E4 was not available for review. 3. In an interview, E1 reported E1 believed E1's, E2's, E3's, and E4's previous employers were contacted. However, E1 acknowledged documentation of compliance with A.R.S. \\'a7 36-411(C)(1) was not available for review in E1's, E2's, E3's, or E4's personnel records. Plan of Correction Name, title and/or Position of the Person Responsible Date temporary correction was implemented Date permanent correction will be complete 2024-06-21 Temporary Solution Permanent Solution Monitoring"
        },
        {
            "rule": "A. An administrator shall ensure that: 7. If a medical practitioner performs a medical history and physical examination or a nurse performs a nursing assessment on a resident before admission, the medical practitioner enters an interval note or the nurse enters a progress note in the resident's medical record within seven calendar days after admission;",
            "evidence": "Based on record review and interview, the administrator failed to ensure if a medical practitioner performed a medical history and physical examination or a nurse performed a nursing assessment on a resident before admission, the medical practitioner entered an interval note or the nurse entered a progress note in the resident's medical record within seven calendar days after admission, for one of two residents sampled. The deficient practice posed a risk as this information was required for the development and implementation of a treatment plan, per R9-10-708.A.1. Findings include: 1. A review of R1's medical record revealed a medical history completed 13 days prior to R1 ' s admission to BH7444. However, there was no documentation to indicate a medical practitioner or nurse entered an interval note or progress note on the assessment in R1's medical record within seven calendar days after R1's admission to the facility. 2. In an interview, E1 acknowledged no progress note or interval note was entered in R1's medical record within seven days of R1's admission. Plan of Correction Name, title and/or Position of the Person Responsible Date temporary correction was implemented Temporary Solution Permanent Solution Monitoring Date permanent correction will be complete 2024-07-05",
            "findings": ""
        },
        {
            "rule": "A. An administrator shall ensure that: 10. If a behavioral health assessment that complies with the requirements in this Section is received from a behavioral health provider other than the behavioral health residential facility or if the behavioral health residential facility has a medical record for the resident that contains a behavioral health assessment that was completed within 12 months before the date of the resident's current admission: b. The review and update of the resident's assessment information is documented in the resident's medical record within 48 hours after the review is completed;",
            "evidence": "Based on record review and interview, the administrator failed to ensure a behavioral health assessment in compliance with the requirements in this Section, received from a behavioral health provider other than the behavioral health residential facility, was reviewed, updated, and documented in the resident's medical record within 48 hours after the review was completed. The deficient practice posed a risk as the Department was unable to determine compliance as the documentation was not in the medical record during the inspection.",
            "findings": "1. A review of R1's medical record revealed behavioral health assessments completed within the last twelve months from a behavioral health provider other than BH7444. However, documentation of a review and update of R1's assessment information was not available for review. 2. In an interview, E2 reported R1's behavioral health assessment was reviewed by the facility BHP. E2 reported E2 was unaware the review was required to be documented and updated within 48 hours after the review was completed. E2 acknowledged the administrator failed to ensure a behavioral health assessment in compliance with the requirements in this Section, received from a behavioral health provider other than the behavioral health residential facility, was reviewed, updated, and documented in the resident's medical record within 48 hours after the review was completed. Plan of Correction Name, title and/or Position of the Person Responsible Date temporary correction was implemented Temporary Solution Permanent Solution Monitoring Date permanent correction will be complete 2024-07-05"
        },
        {
            "rule": "A. An administrator shall ensure that a treatment plan is developed and implemented for each resident that: 5. If the treatment plan was completed by a behavioral health technician, is reviewed and signed by a behavioral health professional within 24 hours after the completion of the treatment plan to ensure that the treatment plan is complete and accurate and meets the resident's treatment needs; and",
            "evidence": "Based on record review and interview, the administrator failed to ensure a treatment plan completed by a behavioral health technician (BHT) was reviewed and signed by a behavioral health professional (BHP) within 24 hours after the completion of the treatment plan, for one of two residents sampled.",
            "findings": "1. A review of R1's medical record revealed a treatment plan dated July 15, 2023. The treatment plan was signed and dated by E2, a BHT. 2. In an interview, E2 reported E2 completed R1's treatment plan. E2 reported E2 believed R1's treatment plan was reviewed by E3, but was unaware the treatment plan had to be reviewed and signed by a BHP within 24 hours of completion. E2 acknowledged R1's treatment plan was not reviewed and signed by a BHP within 24 hours after the completion of the treatment plan. Plan of Correction Name, title and/or Position of the Person Responsible Date temporary correction was implemented Date permanent correction will be complete 2024-06-27 Temporary Solution Permanent Solution Monitoring"
        },
        {
            "rule": "C. If a behavioral health residential facility provides assistance in the self-administration of medication, an administrator shall ensure that:",
            "evidence": "Based on record review, documentation review, and interview, the administrator failed to ensure assistance in the self-administration 6. Assistance in the self-administration of medication provided to a resident: a. Is in compliance with an order, and of medication provided to a resident was provided in compliance with an order, for one of three residents sampled. The deficient practice posed a risk if a resident experienced a change in condition due to improper assistance in the self-administration of medication.",
            "findings": "1. A review of R2's medical record revealed a medication order, dated March 28, 2024 for \"Strattera (capsule), 25mg (1 capsule), every morning, Take after breakfast for ADHD symptoms.\" 2. Further review of R2's medical record revealed a medication administration record (MAR) for May, 2024. R2's May MAR revealed R1 received assistance in the self administration of \"Atomoxetine [Strattera] 40mg, 1 capsule\" on May 1-19, 2024. R2's record contained no medication order for the increased dose (40mg) of Strattera. 3. In an interview, E1 reported E4 had ordered an increase in the dosage of R2's Strattera. However, E1 was unable to locate the medication order for this increased dosage. E1 acknowledged assistance in the self- administration of medication was not provided to R2 in compliance with available orders. Plan of Correction Name, title and/or Position of the Person Responsible Date temporary correction was implemented Date permanent correction will be complete 2024-06-19 Temporary Solution Permanent Solution Monitoring"
        },
        {
            "rule": "B. Except for an outdoor behavioral health care program provided by a behavioral health residential facility, an administrator shall ensure that: 6. Documentation of each evacuation drill is created, is maintained for 12 months after the date of the evacuation drill, and includes: a. The date and time of the evacuation drill; b. The amount of time taken for all employees and residents to evacuate the behavioral health",
            "evidence": "Based on documentation review and interview, the administrator failed to ensure documentation of each evacuation drill included names of employees participating in the evacuation drill, an identification of residents needing assistance for evacuation, any problems encountered in conducting the evacuation drill, and recommendations for improvement, if applicable. The deficient residential facility; c. Names of employees participating in the evacuation drill; d. An identification of residents needing assistance for evacuation; e. Any problems encountered in conducting the evacuation drill; and f. Recommendations for improvement, if applicable; practice posed a risk as the Department was unable to ensure the facility was prepared in case of an evacuation.",
            "findings": "1. A review of Department documentation revealed the perpetual license for BH7444 was effective April 26, 2022. 2. A review of facility documentation revealed a facility staffing schedule for May, 2024. The May schedule indicated the facility maintained two shifts: -7:00 AM to 7:00 PM; and -7:00 PM to 7:00 AM. 3. A review of facility documentation revealed \"Fire\" drills for employees and residents were conducted on the following dates and times: -June 7, 2023 at 10:22 AM; - June 16, 2023 at 6:06 PM; -June 29, 2023 at 6:43 PM; -June 30, 2023 at 11:00 PM; -July 28, 2023 at 2:27 PM; -July 30, 2023 at 7:00 PM; - September 15, 2023 at 6:40 AM; -September 26, 2023 at 7:15 AM; -November 3, 2023 at 7:35 AM; -December 29, 2023 at 8:13 AM; - January 25, 2024 at 5:01 PM; -February 4, 2024 at 1:20 AM; -March 5, 2024 at 12:05 AM; -March 13, 2024 at 8:00 AM; -March 13, 2024 at 7:15 PM; and -April 28, 2024 at 8:30 PM. However, the documentation did not include the names of employees participating in the evacuation drills, an identification of residents needing assistance for evacuation, any problems encountered in conducting the evacuation drills, and recommendations for improvement, if applicable. 4. In an interview, E1 reported the facility's documented \"Fire\" drills were evacuation drills for employees and staff. E1 acknowledged documentation of each evacuation drill did not include the names of employees participating in the evacuation drills, an identification of residents needing assistance for evacuation, any problems encountered in conducting the evacuation drills, and recommendations for improvement, if applicable. E1 reported E1 was unaware of these requirements. Plan of Correction Name, title and/or Position of the Person Responsible Date temporary correction was implemented Date permanent correction will be complete 2024-06-20 Temporary Solution Permanent Solution Monitoring"
        }
    ]
}