{
    "legal_name": "CONNECTED HEARTS LLC - BHRF",
    "facility_status": "Active",
    "address": "10548 East Mercury Drive, Apache Junction, AZ 85120",
    "license_status": "Active",
    "phone": "9526523289",
    "license_number": "BH10546",
    "max_licensed_capacity": "4",
    "license_effective_date": "1/24/2025",
    "chief_administrative_officer": "KAYSIN BIRIK",
    "license_expires_date": "1/23/2026",
    "owner_licensee": "CONNECTED HEARTS LLC",
    "inspection_number": "INSP-0066579",
    "inspection_date": "1/17/2025 - 1/21/2025",
    "inspection_type": "Compliance (Initial)",
    "certificate_number": "Initial Comments",
    "deficiencies": "no deficiencies"
}