{
    "legal_name": "COPA'S CARING HANDS",
    "facility_status": "Active",
    "address": "42251 West Bravo Drive, Maricopa, AZ 85138",
    "license_status": "Active",
    "phone": "6027931380",
    "license_number": "BH5423",
    "max_licensed_capacity": "6",
    "license_effective_date": "6/1/2025",
    "chief_administrative_officer": "AIMEE Y BELTRAN",
    "license_expires_date": "5/31/2026",
    "owner_licensee": "COPA'S CARING HANDS LLC",
    "inspection_number": "INSP-0066897",
    "inspection_date": "2/28/2023",
    "inspection_type": "Compliance (Annual)",
    "certificate_number": "Initial Comments",
    "deficiencies": [
        {
            "rule": "C. An administrator shall ensure that: 1. Policies and procedures are established, documented, and implemented to protect the health and safety of a resident that: e. Cover cardiopulmonary resuscitation training including: i. The method and content of cardiopulmonary resuscitation training, which includes a demonstration of the individual's ability to perform cardiopulmonary resuscitation; ii. The qualifications for an individual to provide cardiopulmonary resuscitation training; iii. The time-frame for renewal of cardiopulmonary resuscitation training; and iv. The documentation that verifies that the individual has received cardiopulmonary resuscitation training;",
            "evidence": "Based on documentation review, record review, and interview, the manager failed to ensure policies and procedures were implemented to protect the health and safety of a resident to cover cardiopulmonary resuscitation (CPR) training, including a demonstration of the individual's ability to perform CPR, for four of five personnel sampled. The deficient practice posed a risk if an employee was unable to meet a resident's needs during an emergency.",
            "findings": "1. A review of the facility's polices and procedures revealed a policy regarding personnel CPR requirements was not available for review. 2. A review of E1's personnel record revealed expired documentation of E1's CPR training from the \"American Health Care Academy,\" issued July 14, 2020 and valid for two years. However, the CPR training did not include a hands-on demonstration of techniques. 3. A review of E6's personnel record revealed expired documentation of E6's CPR training from the \"EMS University,\" issued November 13, 2019 and valid for two years. 4. A review of E6's personnel record revealed E6 was scheduled to work alone on the following days and times in January 2023: -January 4, 2023: 5:00 PM to 8:00 PM; and -January 7, 2023: 4:00 PM to 8:00 PM. 5. A review of E7's personnel record revealed current documentation of E7's CPR training from the \"American Health Care Academy,\" issued April 18, 2021 and valid for two years. However, the CPR training did not include a hands-on demonstration of techniques. 6. A review of E7's personnel record revealed E7 was scheduled to work alone on the following days and times in January 2023: -January 1, 2023: 8:00 AM to 12:00 PM; -January 2, 2023: 5:00 PM to 8:00 PM; -January 4, 2023: 8:00 AM to 9:00 AM; -January 5, 2023: 5:00 PM to 8:00 PM; and -January 7, 2023: 8:00 AM to 12:00 PM. 7. A review of E8's personnel record revealed current documentation of E8's CPR training from the \"American Health Care Academy,\" issued June 13, 2021 and valid for two years. However, the CPR training did not include a hands-on demonstration of techniques. 8. A review of E8's personnel record revealed E8 was scheduled to work alone on the following days and times in January 2023: -January 3, 2023: 5:00 PM to 8:00 PM; and -January 7, 2023: 5:00 PM to 8:00 PM. 9. A review of E9's personnel record revealed expired documentation of E9's CPR training from the \"American Health Care Academy,\" issued September 12, 2020 and valid for two years. However, the CPR training did not include a hands-on demonstration of techniques. 10. A review of E9's personnel record revealed E9 was scheduled to work alone on the following days and times in January 2023: -January 1, 2023: 8:00 PM to 12:00 AM; -January 2, 2023: 8:00 PM to 8:00 AM; -January 3, 2023: 8:00 PM to 9:00 PM; - January 4, 2023: 4:00 AM to 8:00 AM and 8:00 PM to 12:00 AM; -January 5, 2023: 8:00 PM to 12:00 AM; -January 6, 2023: 8:00 PM to 12:00 AM; and -January 7, 2023: 8:00 PM to 8:00 AM. 11. In an interview, E1 acknowledged E1's, E7's, E8's, and E9's personnel records included CPR training without hands-on demonstration as required and E1's, E6's, and E9's personnel records included expired CPR training. However, current documentation was stored electronically and was not available for review due to internet problems the day of the inspection. E1 was unable to provide the compliance officer evidence to determine compliance with CPR requirements . Plan of Correction Name, title and/or Position of the Person Responsible Date temporary correction was implemented Date permanent correction will be complete 2023-09-01 Temporary Solution Permanent Solution Monitoring"
        },
        {
            "rule": "C. An administrator shall ensure that: 5. Unless otherwise stated: a. Documentation required by this Article is provided to the Department within two hours after a Department request; and",
            "evidence": "Based on observation and interview, the administrator failed to ensure documentation requested by this Article was provided to the Department within two hours after a Department request. The deficient practice posed a risk as the Department was unable to determine substantial compliance as the licensee did not provide the Department with the requested documentation required by this Article.",
            "findings": "1. The compliance officer arrived to the facility at approximately 10:10 AM. The compliance officer observed one personnel member on-site. The compliance officer was asked to wait for E1 to arrive to facilitate the inspection. 2. Once E1 arrived, the compliance officer requested documentation for review, including the staff schedules, resident medical records, personnel records, policies and procedures, scope of services, employee disaster drills for the last 12 months, resident and employee evacuation drills for the last 12 months, pest control documentation, and any incident reports in the last two months. The compliance officer requested the documentation at 10:30 AM. 3. In an interview, E1 reported most of the requested documentation was stored electronically and was not available for review due to internet problems. However, E1 left at 12:05 PM to return to E1's home office to retrieve any printed documentation available. E1 returned approximately 30 minutes later. 4. The compliance officer remained on-site for a minimum of two hours. The majority of the requested documentation was not provided within two hours after a Department request. Plan of Correction Name, title and/or Position of the Person Responsible Date temporary correction was implemented Date permanent correction will be complete 2023-08-31 Temporary Solution Permanent Solution Monitoring"
        },
        {
            "rule": "G. An administrator shall ensure that a personnel record is maintained for each personnel member, employee, volunteer, or student that includes: 1. The individual's name, date of birth, and contact telephone number; 2. The individual's starting date of employment or volunteer service and, if applicable, the ending date; and 3. Documentation of: a. The individual's qualifications, including skills and knowledge applicable to the individual's job duties; b. The individual's education and experience applicable to the individual's job duties; c. The individual's completed orientation and in-service education as required by policies and procedures; d. The individual's license or certification, if the individual is required to be licensed or certified in this Article or policies and procedures; e. The individual's compliance with the requirements in A.R.S. \u00a7\u00a7 36-411, 36- 411.01, and 36-425.03, as applicable; f. The individual ' s compliance with the requirements in A.R.S. \u00a7 8-804, if applicable; g. If the individual is a behavioral health technician, clinical oversight required in R9-10-115; h. Cardiopulmonary resuscitation training, if required for the individual according to R9-10- 703(C)(1)(e); i. First aid training, if required for the individual according to this Article or policies and procedures; and j.",
            "evidence": "of freedom from infectious tuberculosis, if required for the individual according to subsection (F). Evidence Based on observation, documentation review, and interview, the administrator failed to ensure a personnel record was maintained for each personnel member, employee, volunteer, or student, for eight of eight personnel members sampled. The deficient practice posed a risk as the Department was unable to determine substantial compliance as the required documentation was not included during the inspection, and the documentation was not provided to the Department within two hours after a Department request.",
            "findings": "1. The compliance officer requested to review all current facility personnel records. However, E1 reported the personnel records were all stored electronically, and E1 could not access them due to local internet issues. 2. E1 reported some personnel records were located at E1's home office. E1 left the facility and returned approximately 30 minutes later with all the hard copy documentation E1 could find. 3. A review of E1's personnel record revealed the following required documents: -Expired infectious tuberculosis (TB) test; -Expired cardiopulmonary resuscitation (CPR) training; and -Expired First Aid training. 4. A review of E2's personnel record revealed the following required documents: -Expired license from the Board of Behavioral Health Examiners; - College Diploma dated May 10, 1998; - Resume; and -A current fingerprint clearance card. 5. A review of E3's personnel record revealed the following required documents: - Expired infectious tuberculosis (TB) test; - College Diploma dated June 15, 2007; -Expired CPR training; -Resume; and -An expired fingerprint clearance card. 6. A review of E4's personnel record revealed the following required documents: -Expired license from the American Nurses Credentialing Center. 7. A review of E5's personnel record revealed the following required documents: -Contract dated April 30, 2021; and -Expired registration. 8. A review of E6's personnel record revealed the following required documents: -Expired infectious tuberculosis (TB) test; -Expired CPR training; and -Expired First Aid training. 9. A review of E7's personnel record revealed the following required documents: -Expired infectious tuberculosis (TB) test; -Current CPR training from the American Health Care Academy; and -Current First Aid training from the American Health Care Academy. 10. A review of E8's personnel record revealed the following required documents: -Expired infectious tuberculosis (TB) test; -Current CPR training from the American Health Care Academy; and -Current First Aid training from the American Health Care Academy. 11. In an interview, E1 acknowledged the aforementioned personnel records were not in compliance with R9-10-706.G.1-3. E1 reported complete personnel records were available electronically. However, the personnel records could not be accessed the day of the survey. Plan of Correction Name, title and/or Position of the Person Responsible Date temporary correction was implemented Date permanent correction will be complete 2023-09-30 Temporary Solution Permanent Solution Monitoring"
        },
        {
            "rule": "A. An administrator shall ensure that a treatment plan is developed and implemented for each resident that: 1. Is based on the medical history and physical examination or nursing assessment required in R9-10-707(A)(5) or (E)",
            "evidence": "Based on observation and interview, the administrator failed to ensure a treatment plan was developed and implemented that was based on the resident's medical, physical, and behavioral health history, for two of three (1)(a) and the behavioral health assessment required in R9-10-707(A)(8) or (9) and on-going changes to the behavioral health assessment of the resident; 2. Is completed: a. By a behavioral health professional or a behavioral health technician under the clinical oversight of a behavioral health professional, and b. Before the resident receives physical health services or behavioral health services or within 48 hours after the assessment is completed; 3. Is documented in the resident ' s medical record within 48 hours after the resident first receives physical health services or behavioral health services; 4. Includes: a. The resident ' s presenting issue; b. The physical health services or behavioral health services to be provided to the resident; c. The signature of the resident or the resident ' s representative and date signed, or documentation of the refusal to sign; d. The date when the resident ' s treatment plan will be reviewed; e. If a discharge date has been determined, the treatment needed after discharge; and f. The signature of the personnel member who developed the treatment plan and the date signed; 5. If the treatment plan was completed by a behavioral health technician, is reviewed and signed by a behavioral health professional within 24 hours after the completion of the treatment plan to ensure that the treatment plan is complete and accurate and meets the resident ' s treatment needs; and 6. Is reviewed and updated on an on-going basis: a. According to the review date specified in the treatment plan, b. When a treatment goal is accomplished or changed, c. When additional information that affects the resident ' s behavioral health assessment is identified, and d. When a resident has residents sampled. The deficient practice posed a risk as the Department was unable to determine substantial compliance as the licensee did not provide the Department with the requested documentation required by this Article.",
            "findings": "1. The compliance officer arrived to the facility at approximately 10:15 AM. The compliance officer observed one personnel member on-site. The compliance officer was asked to wait for E1 to facilitate the inspection. 2. Once E1 arrived, the compliance officer requested to review R1's, R2's, and R3's medical records, including treatment plans. E1 was able to provide a treatment plan for R1. However, the treatment plans for R2 and R3 were not provided for review. 3. In an interview, E1 reported R2's and R3's treatment plans had been completed as required. However, the documentation was stored electronically and was not available for review due to internet problems. E1 was unable to provide the compliance officer with R2's and R3's treatment plans to determine compliance. Plan of Correction Name, title and/or Position of the Person Responsible Date temporary correction was implemented Date permanent correction will be complete 2023-11-30 Temporary Solution Permanent Solution Monitoring"
        },
        {
            "rule": "C. An administrator shall ensure that a resident's medical record contains: 1. Resident information that includes: a. The resident's name; b. The resident's address; c. The resident's date of birth; and d. Any known allergies, including medication allergies; 2. The name of the admitting medical practitioner or behavioral health professional; 3. An admitting diagnosis or presenting behavioral health issues; 4. The date of admission and, if applicable, date of discharge; 5. If applicable, the name and contact information of the resident ' s representative and: a. If the resident is 18 years of age or older or an emancipated minor, the document signed by the resident consenting for the resident's representative to act on the resident ' s behalf; or b. If the resident's representative: i. Has a health care power of attorney established under A.R.S. \u00a7 36-3221 or a mental health care power of attorney executed under A.R.S. \u00a7 36-3282, a copy of the health care power of attorney or mental health care power of attorney; or ii. Is a legal guardian, a copy of the court order establishing guardianship; 6. If applicable, documented general consent and informed consent for treatment by the resident or the resident's representative; 7. Documentation of medical history and results of a physical examination; 8. A copy of resident's health care directive, if applicable; 9. Orders; 10.If applicable, documentation that evaluation or treatment was ordered by a court according to A.R.S. Title 36, Chapter 5 or A.R.S. \u00a7 8-341.01; 11.Assessment; 12.Treatment plans; 13.Interval notes; 14.Progress notes; 15.Documentation of behavioral health services and physical health services provided to the resident; 16.If applicable, documentation of the use of an emergency safety response; 17.If applicable, documentation of time-out required in R9-10- 714(6); 18.Except as allowed in R9-10-707(E)(1) (d), documentation of freedo",
            "evidence": "Based on record review and interview , the administrator failed to ensure a resident's medical record contained resident information in compliance with R9-10-712.C.1-22, for three of three residents sampled. The deficient practice posed a risk as the required information could not be verified for R1, R2, and R3, the Department was unable to determine substantial compliance as the required documentation was not in the medical record during the inspection, and was not provided to the Department within two hours after a Department request.",
            "findings": "1. A review of R1's available medical record revealed the following documentation: -A \"Patient Plan\" dated December 13, 2022, December 30, 2022, and January 10, 2023, from Jewish Family and Children's Service; and -A treatment plan dated November 22, 2022. 2. A review of R2's available medical record revealed the following documentation: -An incident report dated February 23, 2023; and - A psychiatric visit/medication review dated December 9, 2022. 3. No documentation was available to review for R3. 4. In an interview, E1 acknowledged R1's, R2's, and R3's medical records did not contain all of the requirements in R9-10-712.C. E1 reported the resident medical records were stored electronically. However, E1 was unable to access the medical records during the inspection due to internet issues. Plan of Correction Name, title and/or Position of the Person Responsible Date temporary correction was implemented Temporary Solution Permanent Solution Monitoring Date permanent correction will be complete 2023-11-30"
        },
        {
            "rule": "C. An administrator shall ensure that: 2. Each counseling session is documented in a resident's medical record to include: a. The date of the counseling session; b. The amount of time spent in the counseling session; c. Whether the counseling was individual counseling, family counseling, or group counseling; d. The treatment goals addressed in the counseling session; and e. The signature of the personnel member who provided the counseling and the date signed.",
            "evidence": "Based on record review and interview, the administrator failed to ensure each counseling session was documented in a resident's medical record to include the date of the counseling session, the amount of time spent in the counseling session, whether the counseling session was individual counseling, family counseling, or group counseling, the treatment goals addressed in the counseling session, and the signature of the personnel member who provided the counseling and the date signed, for three of three residents sampled. The deficient practice posed a risk as the required information could not be verified for R1, R2 and R3, the Department was unable to determine substantial compliance as the required documentation was not in the medical record during the inspection, and was not provided to the Department within two hours after a Department request.",
            "findings": "1. A review of R1's, R2's, and R3's medical records revealed no counseling notes available for review. 2. In an interview, E1 reported all documentation was stored electronically. However, E1 was unable to access the documentation due to internet problems at the facility. Plan of Correction Name, title and/or Position of the Person Responsible Date temporary correction was implemented Date permanent correction will be complete 2023-11-30 Temporary Solution Permanent Solution Monitoring"
        },
        {
            "rule": "B. Except for an outdoor behavioral health care program provided by a behavioral health residential facility, an administrator shall ensure that: 4. A disaster drill for employees is conducted on each shift at least once every three months and documented;",
            "evidence": "Based on observation and interview, the administrator failed to ensure a disaster drill for employees was conducted on each shift at least once every three months and documented. The deficient practice posed a risk if employees were unable to implement a disaster plan. 1. The compliance officer arrived to the facility at approximately 10:10 AM. The compliance officer observed one personnel member on-site. The compliance officer was asked to wait for E1 to facilitate the inspection. 2. Once E1 arrived, the compliance officer requested documentation for review, including the facility's employee disaster drills. 3. In an interview, E1 reported the facility's disaster drills had been completed as required. However, the documentation was stored electronically and was not available for review due to internet problems. E1 was unable to provide the compliance officer with any documentation to determine compliance. Plan of Correction Name, title and/or Position of the Person Responsible Date temporary correction was implemented Date permanent correction will be complete 2023-08-31 Temporary Solution Permanent Solution Monitoring",
            "findings": ""
        },
        {
            "rule": "B. Except for an outdoor behavioral health care program provided by a behavioral health residential facility, an administrator shall ensure that: 5. An evacuation drill for employees and residents on the premises is conducted at least once every six months on each shift;",
            "evidence": "Based on observation and interview, the administrator failed to ensure an evacuation drill for employees and residents was conducted on each shift at least once every six months and documented. The deficient practice posed a risk if employees were unable to implement a disaster plan. 1. The compliance officer arrived to the facility at approximately 10:10 AM. The compliance officer observed one personnel member on-site. The compliance officer was asked to wait for E1 to facilitate the inspection. 2. Once E1 arrived, the compliance officer requested documentation for review, including the facility's evacuation drills. 3. In an interview, E1 reported the facility's evacuation drills had been completed as required. However, the documentation was stored electronically and was not available for review due to internet problems. E1 was unable to provide the compliance officer with any documentation to determine compliance. Plan of Correction Name, title and/or Position of the Person Responsible Date temporary correction was implemented Date permanent correction will be complete 2023-08-31 Temporary Solution Permanent Solution Monitoring",
            "findings": ""
        }
    ]
}