{
    "legal_name": "COPA'S CARING HANDS",
    "facility_status": "Active",
    "address": "42251 West Bravo Drive, Maricopa, AZ 85138",
    "license_status": "Active",
    "phone": "6027931380",
    "license_number": "BH5423",
    "max_licensed_capacity": "6",
    "license_effective_date": "6/1/2025",
    "chief_administrative_officer": "AIMEE Y BELTRAN",
    "license_expires_date": "5/31/2026",
    "owner_licensee": "COPA'S CARING HANDS LLC",
    "inspection_number": "INSP-0101403",
    "inspection_date": "3/13/2025",
    "inspection_type": "Compliance (Annual)",
    "certificate_number": "BH5423",
    "deficiencies": [
        {
            "rule": "A.R.S. \u00a7 36-420.01.A. Health care institutions; fall prevention and fall recovery; training programs; definition A. Each health care institution shall develop and administer a training program for all staff regarding fall prevention and fall recovery. The training program shall include initial training and continued competency training in fall prevention and fall recovery. A health care institution may use information and training materials from the department's Arizona falls prevention coalition in developing the training program.",
            "evidence": "Based on record review and interview, the administrator failed to ensure the health care institution developed and administered a training program for all staff regarding fall prevention and fall recovery to include initial training and continued competency training in fall prevention and fall recovery for four of five personnel records sampled. The deficient practice posed a risk to the health and safety of residents if staff were not trained.",
            "findings": "1. A review of E2's, E3's, and E4's personnel records revealed no evidence of training in fall prevention and fall recovery. 2. In an exit interview, E1 reported being aware E2, E3, and E4 did not have documented evidence of fall prevention and fall recovery training. This is a repeated deficiency from the compliance inspection conducted on March 11, 2024. Plan of Correction Name, title and/or Position of the Person Responsible Aimee Beltran, Administrator Date temporary correction was implemented 2025-07-27 Date permanent correction will be complete 2025-08-31 Temporary Solution \"About Falls\" training module was added to each current employee of CCH for completion through RELIAS. Permanent Solution As of 07/27/2025, CCH has integrated Fall Prevention and Fall Recovery Training into the RELIAS platform as part of the required initial training for all new hires, as well as the annual training plan for all employees. This training meets the standards of the Arizona Workforce Development Alliance (AWFDA) and is tracked through the facility\u2019s RELIAS Learning Management System. Staff are not cleared for direct care until initial modules, including fall prevention, are complete. Monitoring RELIAS auto-tracking ensures all assigned staff complete fall training upon hire and annually. Reports are reviewed monthly to identify any overdue or missed trainings. Any missed training triggers an alert and is followed up by administrator, HR, or designee within 5 business days. Completion records are saved to the staff\u2019s training file. Designees will be sending employees TEAMS messages weekly until course is completed before required due date."
        },
        {
            "rule": "R9-10-705.1-2. Contracted Services An administrator shall ensure that: 1. Contracted services are provided according to the requirements in this Article, and 2. Documentation of current contracted services is maintained that includes a description of the contracted services provided.",
            "evidence": "Based on documentation review and interview, the administrator failed to ensure documentation of current contracted services was maintained to include a description of the contracted services provided for two of two contracted providers.",
            "findings": "1. A review of the facility policies and procedures dated in 2024, under \u201cContracted Services R9-10-705,\u201d stated, \u201cAll contracted services must be documented (description) and maintained by the administrator.\u201d 2. A review of E3's personnel record, who was hired as a Behavioral Health Professional (BHP), and E4's personnel record, who was hired as a Registered Nurse (RN), revealed no documentation of current contracted services. 3. In an exit interview, E1 reported contracts for E3 and E4 were not maintained. E1 reported E1 would ensure a contract for E3 and E4 was drafted immediately. Plan of Correction Name, title and/or Position of the Person Responsible Aimee Beltran, Administrator Date temporary correction was implemented 2025-03-23 Date permanent correction will be complete 2025-08-31 Temporary Solution As an immediate corrective action, a signed contract for the currently active Behavioral Health Professional (BHP) was completed and uploaded to the personnel file. This contract includes a clear description of services provided and meets current requirements. An additional contract regarding required clinical supervision was also drafted, signed, and placed in personnel records. Additionally, we have identified a new RN provider who is currently completing the new-hire process. This individual will not begin work until all required background checks and personnel file components are complete. A signed contract, meeting all regulatory requirements, will be executed before this individual begins providing services. Our RD contract was reviewed and confirmed as compliant. Permanent Solution On 07/27/2025, Copa\u2019s Caring Hands confirmed its contracting process to ensure all contracted providers have a signed agreement on file that includes a detailed description of services prior to their start date. A Contracted Provider Checklist is now required for all contracted professionals. This checklist verifies completion of background checks, licensing verification, service description, and agreement signature before services begin. Moving forward, all contracts will be reviewed and signed prior to the start of service to maintain compliance. Monitoring The Administrator will conduct monthly audits using the new Monthly Contract Compliance Audit Form to ensure all contract files are complete and compliant. No contracted services will be initiated unless the contract and documentation are fully executed and verified."
        },
        {
            "rule": "R9-10-706.G.3.f. Personnel G. An administrator shall ensure that a personnel record is maintained for each personnel member, employee, volunteer, or student that includes:",
            "evidence": "Based on record review and interview, the administrator failed to ensure a personnel record was maintained for each personnel member, employee, volunteer, or student to include documentation of the individual's 3. Documentation of: f. The individual ' s compliance with the requirements in A.R.S. \u00a7 8-804, if applicable; compliance with the requirements in A.R.S. \u00a7 8- 804, if applicable. The deficient practice posed a safety risk for residents if personnel had completed all required background checks.",
            "findings": "1. A review of E1's, E2's, E3's, E4's, and E5's personnel records revealed no documented evidence of a Department of Child Safety central registry background check. 2. In an exit interview, E1 reported not being aware a DCS registry check was needed aside from the Department of Public Safety check done on all staff. Plan of Correction Name, title and/or Position of the Person Responsible Aimee Beltran, Administrator Date temporary correction was implemented 2025-07-28 Date permanent correction will be complete 2025-08-31 Temporary Solution As of 07/28/2025, all individuals identified in the Statement of Deficiencies (E1\u2013E5) will have been given their DCS Central Registry Background Check Forms, and given 3 days to complete, sign and return to CCH for submission to DCS for the registry background check. The Administrator or designee will be actively tracking the return confirmations. The files will not be marked \u201ccomplete\u201d until clearance is received. All current new-hires completing the hiring/onboarding process, were provided the form, and requested for the individual to complete, sign and return, so CCH can submit to DCS for clearance before offer letter can be offered, and before any services can be provided. Permanent Solution Effective 07/27/2025, Copa\u2019s Caring Hands implemented a formal onboarding policy that requires all employees, contracted providers, and volunteers to complete and return a signed Department of Child Safety (DCS) Central Registry Background Check Form prior to providing any services. This requirement is now listed in the New Hire Compliance Checklist, and no individual may begin work without documented proof of submission and clearance. All existing staff files have been updated with completed forms submitted to DCS. Monitoring The Administrator or designee will ensure each new hire\u2019s DCS clearance is confirmed before assigning them to active duty. A monthly audit of personnel files will be conducted using the Personnel Compliance Audit Tool. Any personnel file missing documentation will result in immediate follow-up and, if necessary, removal from the schedule until resolved."
        },
        {
            "rule": "R9-10-706.G.3.i. Personnel G. An administrator shall ensure that a personnel record is maintained for each personnel member, employee, volunteer, or student that includes: 3. Documentation of: i. First aid training, if required for the individual according to this Article or policies and procedures; and",
            "evidence": "Based on documentation review, record review, and interview, the administrator failed to ensure a personnel record was maintained for each personnel member, employee, volunteer, or student to include documentation of first aid training, for five of five personnel records sampled. The deficient practice posed a safety risk to residents if staff were not trained and certified in first aid in the event of an emergency.",
            "findings": "1. A review of facility policies and procedures dated in 2024, under \u201cCPR and First Aid (R9- 10-703, R9-10-706; Fingerprinting\u201d stated, \u201cAll of Copa\u2019s Caring Hands employees are all qualified and required to perform CPR/and First Aid. Certification (must be signed by the instructor) before being employed at Copa\u2019s Caring Hands.\u201d 2. A review of E1's, E2's, E3's, E4's, and E5's personnel records revealed no evidence of first aid training and certification as required per the facility's policies and procedures and according to R9-10-706.G.3.I. 3. In an exit interview, E1 reported being aware E1, E2, E3, E4, and E5 did not have evidence of first aid training and certification. Plan of Correction Name, title and/or Position of the Person Responsible Aimee Beltran, Administrator Date temporary correction was implemented Date permanent correction will be complete 2025-08-31 Temporary Solution All new-hires were provided with copy of updated first aid requirements and informed that online training was not permitted (CPR online-courses also not acceptable), and requested to provide all evidence of valid first aid training before offer letter for employment can be offered, and before any services are provided on behalf of CCH. All current employees that do not have current first aid training were notified and will be given 30-days to complete the course, and provide evidence to administration/designee. Permanent Solution Copa\u2019s Caring Hands implemented a formal training and file review policy that requires all employees and applicable contracted personnel to complete First Aid training and provide valid certification before working directly with residents. First Aid training is now a pre-employment requirement and is included in the New Hire Compliance Checklist and Personnel File Audit Tool. No individual will be considered active until their file includes a valid, instructor signed First Aid certification. Monitoring The Administrator or designee will review every personnel file prior to the start of services and conduct monthly personnel file audits using the Personnel File Audit Tool. Expiration dates of certifications will be logged and monitored to ensure timely renewal."
        },
        {
            "rule": "R9-10-707.A.6. Admission; Assessment A. An administrator shall ensure that: 6. Except as provided in subsection (E)(1)(a), a medical practitioner performs a medical history and physical examination or a registered nurse performs a nursing assessment on a resident within 30 calendar days before admission or within 72 hours after admission and documents the medical history and physical examination or nursing assessment in the resident's medical record within 72 hours after admission;",
            "evidence": "Based on record review and interview, the administrator failed to ensure a medical practitioner performed a medical history and physical examination or a registered nurse performed a nursing assessment on a resident within 30 calendar days before admission or within 72 hours after admission and documented the medical history and physical examination or nursing assessment in the resident's medical record within 72 hours after admission.",
            "findings": "1. A review of R1's medical record, admitted in 2024, revealed a document titled \"Well Child Examination.\" However, the document was not dated within 30 calendar days before admission or within 72 hours after admission. \ufeff 2. In an exit interview, the findings were reviewed with E1, who reported being aware R1's physical was not completed within guidelines. Plan of Correction Name, title and/or Position of the Person Responsible Aimee Beltran, Administrator & RN Date temporary correction was implemented 2025-05-01 Date permanent correction will be complete 2025-08-31 Temporary Solution Since then, all nursing assessments have been conducted within appropriate time frame. Permanent Solution Job Position/Job Description for RN was updated to reflect requirement for nursing assessments to be completed within the appropriate time frames. CCH Referral Screening Packet includes H&P as a requirement needed for admission, to ensure CCH requests this during admission if not provided during screening process. Copa\u2019s Caring Hands will implement a revised intake protocol that includes a new Medical/Nursing Assessment Verification Form required for each new admission. This form verifies whether a medical history and physical (within 30 days) is available at intake or confirms that a nursing assessment will be completed within 72 hours. The RN assigned to the resident ensures timely documentation in the medical record. This form is now part of the standard Resident Admission Checklist and must be signed by both the Administrator and the RN. A new admission will not take place unless CCH's RN is confirmed to be on the premises for a nursing assessment that meets policies and procedures. Monitoring The RN and Administrator will jointly review the Medical/Nursing Assessment Verification Form for each new admission. The form and assessment deadline will be tracked in a Resident Intake Compliance Log. A monthly audit of new admissions will verify documentation is filed within the required timeframes."
        }
    ]
}