{
    "legal_name": "COPA'S CARING HANDS",
    "facility_status": "Active",
    "address": "42251 West Bravo Drive, Maricopa, AZ 85138",
    "license_status": "Active",
    "phone": "6027931380",
    "license_number": "BH5423",
    "max_licensed_capacity": "6",
    "license_effective_date": "6/1/2025",
    "chief_administrative_officer": "AIMEE Y BELTRAN",
    "license_expires_date": "5/31/2026",
    "owner_licensee": "COPA'S CARING HANDS LLC",
    "inspection_number": "INSP-0066899",
    "inspection_date": "3/11/2024",
    "inspection_type": "Complaint;Compliance (Annual)",
    "certificate_number": "Initial Comments",
    "deficiencies": [
        {
            "rule": "36-420.01. Health care institutions; fall prevention and fall recovery; training programs; definition A. Each health care institution shall develop and administer a training program for all staff regarding fall prevention and fall recovery. The training program shall include initial training and continued competency training in fall prevention and fall recovery. A health care institution may use information and training materials from the department's Arizona falls prevention coalition in developing the training program.",
            "evidence": "Based on record review and interview, the health care institution failed to develop and administer a training program for all staff regarding fall prevention and fall recovery. The deficient practice posed a risk to the health and safety of residents if personnel were not trained in fall prevention and fall recovery in the event a resident suffered a fall. Findings include: 1. The Compliance Officer requested to review the facility fall prevention and fall recovery training program, which included initial training and continued competency for all personnel. However, the program was not available for review. 2. A review of E1's, E2's, E3's, and E4's personnel records revealed no documented training in fall prevention and fall recovery. 3. In an interview, E1 acknowledged a fall prevention fall recovery training program had not been developed, and training in fall prevention fall recovery for personnel had not been completed. Plan of Correction Name, title and/or Position of the Person Responsible Date temporary correction was implemented Date permanent correction will be complete 2024-06-30 Temporary Solution Permanent Solution Monitoring",
            "findings": ""
        },
        {
            "rule": "A. An administrator shall ensure that: 6. Except as provided in subsection (E)(1)(a), a medical practitioner performs a medical history and physical examination or a registered nurse performs a nursing assessment on a resident within 30 calendar days before admission or within 72 hours after admission and documents the medical history and physical examination or nursing assessment in the resident's medical record within 72 hours after admission;",
            "evidence": "Based on record review and interview, the administrator failed to ensure a medical practitioner performed a medical history and physical examination or a registered nurse performed a nursing assessment on a resident within 30 calendar days before admission or within 72 hours after admission, for two of five residents sampled. The deficient practice posed a risk as this information was required for the development and implementation of a treatment plan, per R9-10-708.A.1 Findings include: 1. A review of R1's and R2's medical records revealed nursing assessments. However, the assessments were not dated within 30 calendar days before admission or within 72 hours after admission. 2. In an interview, E1 acknowledged R1's and R2's medical records did not include a nursing assessment or medical history and physical examination dated within 30 calendar days before admission or within 72 hours after admission. Plan of Correction Name, title and/or Position of the Person Responsible Date temporary correction was implemented Date permanent correction will be complete 2024-06-30 Temporary Solution Permanent Solution Monitoring",
            "findings": ""
        },
        {
            "rule": "A. An administrator shall ensure that: 13. Except as provided in subsection (E)(1)(d), a resident provides",
            "evidence": "of freedom from infectious tuberculosis: a. Before or within seven calendar days after the resident's admission, and b. As specified in R9-10-113. Evidence Based on record review and interview, the administrator failed to ensure a resident provided evidence of freedom from infectious tuberculosis (TB) before or within seven calendar days after the resident's admission, for two of five residents sampled. The deficient practice posed a risk to the health and safety of residents.",
            "findings": "1. A review of R1's medical record revealed a document titled \"Childhood/Adolescent Immunization Record.\" The record indicated a TB skin test was administered on March 28, 2023. However, based on R1's date of admission evidence of freedom from infectious TB was not provided before or within seven calendar days after R1's admission date. 2. A review of R2's medical record revealed a document titled \"Childhood/Adolescent Immunization Record.\" The record indicated a TB skin test was administered on March 25, 2023. However, based on R2's date of admission evidence of freedom from infectious TB was not provided before or within seven calendar days after R2's admission date. 3. In an interview, E1 acknowledged R1's and R2's medical records did not include documentation R1 or R2 provided evidence of freedom from infectious TB before or within seven calendar days after R1's or R2's date of admission. Plan of Correction Name, title and/or Position of the Person Responsible Temporary Solution Permanent Solution Date temporary correction was implemented Date permanent correction will be complete 2024-06-30 Monitoring"
        },
        {
            "rule": "A. An administrator shall ensure that a treatment plan is developed and implemented for each resident that: 2. Is completed: b. Before the resident receives physical health services or behavioral health services or within 48 hours after the assessment is completed;",
            "evidence": "Based on record review and interview, the administrator failed to ensure a treatment plan was completed, before physical health or behavioral health services were provided, for two five residents sampled. The deficient practice posed a risk as a treatment plan was not developed to articulate decisions and agreements before treatment was initiated.",
            "findings": "1. A review of R1's medical record revealed a treatment plan for R1 was completed on March 14, 2023. However, the treatment plan was not completed before physical health services or behavioral health services were provided for R1. 2. A review of R1's medication administration record (MAR) for the month of March 2023. The MAR revealed R1 received assistance in the self- administration of medication beginning on March 8, 2023. 3. A review of R2's medical record revealed a treatment plan for R2 was completed March 14, 2023. However, the treatment plan was not completed before physical health services or behavioral health services were provided for R2. 4. A review of R2's MAR for the month of March 2023, revealed R2 received assistance in the self- administration of medication beginning on March 10, 2023. 5. In an interview, E1 acknowledged a treatment plan for R1 and R2 was not completed before R1 and R2 were provided physical health services or behavioral health services. Plan of Correction Name, title and/or Position of the Person Responsible Date temporary correction was implemented Date permanent correction will be complete 2024-06-30 Temporary Solution Permanent Solution Monitoring"
        },
        {
            "rule": "C. If a behavioral health residential facility provides assistance in the self-administration of medication, an administrator shall ensure that: 6. Assistance in the self-administration of medication provided to a resident: a. Is in compliance with an order, and b. Is documented in the resident's medical record.",
            "evidence": "Based on documentation review, record review, and interview, the administrator failed to ensure assistance in the self-administration of medication provided to a resident was in compliance with an order, for one of five residents sampled. The deficient practice posed a risk if the resident experienced a change in condition due to improper assistance in the self-administration of medication.",
            "findings": "1. A review of facility documentation revealed a document titled \"Incident, Accident or Death Report\" dated June 22, 2023. The document stated, \"[R4] had missed a nightly dose of Seroquel 100 mg on June 21, 2023 and a morning dose of Zoloft 50 mg on June 22, 2023 due to a change in a scheduled med check appointment.\" 2. A review of R4's medical record revealed a medication administration record (MAR) for June 2023. The MAR indicated R4 did not receive R4's dose of Seroquel 100 mg on June 21, 2023 and a morning dose of Zoloft 50 mg on June 22, 2023. 3. In an interview E1 acknowledged R4's missed doses on June 21- 22, 2023. Plan of Correction Name, title and/or Position of the Person Responsible Date temporary correction was implemented Date permanent correction will be complete 2024-06-30 Temporary Solution Permanent Solution Monitoring"
        },
        {
            "rule": "B. Except for an outdoor behavioral health care program provided by a behavioral health residential facility, an administrator shall ensure that: 4. A disaster drill for employees is conducted on each shift at least once every three months and documented;",
            "evidence": "Based on documentation review and interview, the administrator failed to ensure a disaster drill for employees was conducted on each shift at least once every three months and documented. The deficient practice posed a risk to the health and safety of the residents.",
            "findings": "1. A review of facility documentation revealed no evidence disaster drills for employees were conducted on each shift at least once every three months and documented within the last 12 months were available for review. 2. In an interview, E1 acknowledged the facility did not have documentation disaster drills for employees were conducted on each shift at least once every three months for the past 12 months. This is a repeat deficiency from the compliance inspection conducted on February 28, 2023. Plan of Correction Name, title and/or Position of the Person Responsible Date temporary correction was implemented Date permanent correction will be complete 2024-06-30 Temporary Solution Permanent Solution Monitoring"
        },
        {
            "rule": "B. Except for an outdoor behavioral health care program provided by a behavioral health residential facility, an administrator shall ensure that: 5. An evacuation drill for employees and residents on the premises is conducted at least once every six months on each shift;",
            "evidence": "Based on documentation review and interview, the administrator failed to ensure an evacuation drill for employees and residents on the premises was conducted at least once every six months on each shift. The deficient practice posed a risk if the employees were not able to implement the disaster plan in the case of the need to evacuate in an emergency.",
            "findings": "1. A review of the facility documentation revealed no evidence evacuation drills were conducted for employees and residents at least once every six months on each shift for the past 12 months. 2. In an interview, E1 acknowledged the facility did not have documentation evacuation drills were conducted for employees and residents at least once every six months on each shift for the past 12 months. This is a repeat deficiency from the compliance inspection conducted on February 28, 2023. Plan of Correction Name, title and/or Position of the Person Responsible Date temporary correction was implemented Date permanent correction will be complete 2024-06-30 Temporary Solution Permanent Solution Monitoring"
        },
        {
            "rule": "A. Except for an outdoor behavioral health care program provided by a behavioral health residential facility, an administrator shall ensure that: 1. The premises and equipment are: c. Free from a condition or situation that may cause a resident or other individual to suffer physical injury;",
            "evidence": "Based on observation and interview, the administrator failed to ensure the premises were free from a condition or situation that may cause a resident or other individual to suffer physical injury. The deficient practice posed a risk to residents as a ligature point was identified.",
            "findings": "1. The Compliance Officer observed in two of the facility bedroom closets, v-shaped metal shelf supports attached to the wall. The supports did not give way when down-ward pressure was applied by the Compliance Officer. 2. In an interview, E1 acknowledged the metal shelf supports posed a potential ligature hazard, and acknowledged the premises was not free from a condition or situation that may cause a resident or other individual to suffer physical injury. Plan of Correction Name, title and/or Position of the Person Responsible Date temporary correction was implemented Date permanent correction will be complete 2024-06-30 Temporary Solution Permanent Solution Monitoring"
        }
    ]
}