{
    "legal_name": "DALIA HOMECARE LLC",
    "facility_status": "Active",
    "address": "426 West Beautiful Lane, Phoenix, AZ 85041",
    "license_status": "Active",
    "phone": "6127359836",
    "license_number": "BH6545",
    "max_licensed_capacity": "5",
    "license_effective_date": "3/2/2025",
    "chief_administrative_officer": "DARIUS COX",
    "license_expires_date": "3/1/2026",
    "owner_licensee": "DALIA HOMECARE, LLC",
    "inspection_number": "INSP-0094713",
    "inspection_date": "4/26/2023",
    "inspection_type": "Complaint;Compliance (Annual)",
    "certificate_number": "Initial Comments",
    "deficiencies": [
        {
            "rule": "A.R.S.\u00a7 36-411. Residential care institutions; nursing care institutions; home health agencies; fingerprinting requirements; exemptions; definitions A. Except as provided in subsection F of this section, as a condition of licensure or continued licensure of a residential care institution, a nursing care institution or a home health agency and as a condition of employment in a residential care institution, a nursing care institution or a home health agency, employees and owners of residential care institutions, nursing care institutions or home health agencies, contracted persons of residential care institutions, nursing care institutions or home health agencies or volunteers of residential care institutions, nursing care institutions or home health agencies who provide medical services, nursing services, behavioral health services, health-related services, home health services or direct supportive services and who have not been subject to the fingerprinting requirements of a health professional's regulatory board pursuant to title 32 shall have valid fingerprint clearance cards that are issued pursuant to title 41, chapter 12, article 3.1 or shall apply for a fingerprint clearance card within twenty working days of employment or beginning volunteer work or contracted work.",
            "evidence": "Based on record review, documentation review, and interview, a residential care institution failed to ensure an employee had a valid fingerprint clearance card, for one of three personnel members sampled. The deficient practice posed a risk if E2 was a danger to a vulnerable population. Findings include: 1. A review of E2's personnel record revealed a fingerprint clearance card with an issue date of September 7, 2021, and an expiration date of September 7, 2027. 2. A review of the Arizona Department of Public Safety (DPS) fingerprint clearance card verification website revealed E2's fingerprint clearance card status was \"Not Valid.\" 3. In a telephonic interview, the Compliance Officer and E1 spoke with O1, a representative from DPS. O1 reported E2 was issued a valid fingerprint clearance card, however, E2's fingerprint clearance became invalid after E2's fingerprint clearance card was issued. 4. In an interview, E1 acknowledged E2's fingerprint clearance card was currently invalid. Plan of Correction Name, title and/or Position of the Person Responsible Date temporary correction was implemented Date permanent correction will be complete 2023-06-03 Temporary Solution Permanent Solution Monitoring",
            "findings": ""
        },
        {
            "rule": "C. An administrator shall ensure that: 5. Unless otherwise stated: a. Documentation required by this Article is provided to the Department within two hours after a Department request; and",
            "evidence": "Based on record review and interview, the administrator failed to ensure documentation required by this Article was provided to the Department within two hours after a Department request. The deficient practice posed a risk as the Department was unable to determine substantial compliance. Findings include: 1. A review of E4's (hired as a BHP) personnel record revealed documentation to demonstrate E4's skills and knowledge were verified and documented was not available for review. 2. A review of E2's (hired as a BHT) personnel record revealed documentation of E2's completed orientation was not available for review. 3. A review of E3's (hired as a BHT) personnel record revealed documentation of E3's completed orientation was not available for review. 4. A review of E4's personnel record revealed documentation of E4's completed orientation was not available for review. 5. In an interview, E1 acknowledged the aforementioned documentation was not provided to the Department within two hours after a Department request. Plan of Correction Name, title and/or Position of the Person Responsible Date temporary correction was implemented Date permanent correction will be complete 2023-08-03 Temporary Solution Permanent Solution Monitoring",
            "findings": ""
        },
        {
            "rule": "G. An administrator shall ensure that a personnel record is maintained for each personnel member, employee, volunteer, or student that includes: 3. Documentation of: a. The individual's qualifications, including skills and knowledge applicable to the individual's job duties;",
            "evidence": "Based on documentation review, record review, and interview, the administrator failed to ensure a personnel record was maintained for each personnel members to include documentation of the individual's skills and knowledge, for one of three personnel members sampled. The deficient practice posed a risk if E4 were unable to meet the needs of the residents, the Department was unable to determine substantial compliance as the documentation was not in the personnel record during the inspection, and the documentation was not provided within two hours after a Department request. Findings include: 1. A review of the facility's policies and procedures revealed a policy titled \"R9-10-706 QUALIFICATIONS OF SPECIFIC POSITIONS OR TASKS\" dated March 15, 2022. The policy stated \"BHP: Responsible for the therapy of our youth. Clinical oversite and maintaining company compliance with state requirements. Qualifications: Professional designation, must have the contracted individual's documentation.\" However, the policy did not include the skills and knowledge required for a behavioral health professional. 2. A review of E4's personnel record revealed documentation to demonstrate E4's skills and knowledge were verified and documented was not available for review. 3. In an interview, E1 reported E1 had documentation of E4's skills and knowledge, however, E1 could not locate the documentation. E1 acknowledged documentation to demonstrate E4's skills and knowledge were verified and documented was not available for review. Plan of Correction Name, title and/or Position of the Person Responsible Date temporary correction was implemented Date permanent correction will be complete 2023-06-01 Temporary Solution Permanent Solution Monitoring",
            "findings": ""
        },
        {
            "rule": "G. An administrator shall ensure that a personnel record is maintained for each personnel member, employee, volunteer, or student that includes: 3. Documentation of: c. The individual's completed orientation and in- service education as required by policies and procedures;",
            "evidence": "Based on documentation review, record review, and interview, the administrator failed to ensure a personnel record was maintained for each personnel member to include documentation of the individual's completed orientation as required by policies and procedures, for three of three personnel members sampled. The deficient practice posed a risk if E2, E3, and E4 were unable to meet the needs of the residents, the Department was unable to determine substantial compliance as the documentation was not in the personnel record during the inspection, and the documentation was not provided within two hours after a Department request.",
            "findings": "1. Arizona Administrative Code (A.A.C.) R9-10-101.155. states \"Orientation\" means: \"the initial instruction and information provided to an individual before the individual starts work or volunteer services in a health care institution.\" 2. A review of the facility's policies and procedures revealed a policy titled \"R9-10-706 ORIENTATION\" dated March 15, 2022. The policy stated \"Upon hiring, all new hire staff will need to go through our 4-hour training process before working alone. Professional test may be given to ensure that enough pertinent information has been retained. Ongoing staff meetings will take place at least, but not limited to, once every 30 days.\" 3. A review of E2's (hired as a BHT) personnel record revealed documentation of E2's completed orientation was not available for review. 4. A review of E3's (hired as a BHT) personnel record revealed documentation of E3's completed orientation was not available for review. 5. A review of E4's (hired as a BHP) personnel record revealed documentation of E4's completed orientation was not available for review. 6. In an interview, E1 reported E2, E3, and E4 completed orientation, however, E1 could not locate the documentation. E1 acknowledged documentation of E2's, E3's and E4's orientation was not available for review. This is a repeat citation from the previous on- site compliance inspection conducted on May 2, 2022. Plan of Correction Name, title and/or Position of the Person Responsible Date temporary correction was implemented Date permanent correction will be complete 2023-06-03 Temporary Solution Permanent Solution Monitoring"
        },
        {
            "rule": "F. An administrator shall ensure that: 1. A personnel member whose job description includes the ability to use an emergency safety response: b. Completes training required in subsection (F)(1)(a): i. Before providing behavioral health services, and",
            "evidence": "Based on documentation review, record review, and interview, the administrator failed to ensure a personnel member completed training in the use of an emergency safety response as required in subsection (F)(1)(a) before providing behavioral health services, for two of three personnel members sampled.",
            "findings": "1. A review of the facility's policies and procedures revealed a job description for behavioral health technicians (BHT). However, the use of emergency safety response was not included. 2. A review of the facility's policies and procedures revealed a policy titled \"R9-10-716 LEVEL SYSTEM AND DEALING WITH DIFFICULT YOUTH DEVELOPMENT\" dated March 15, 2022. The policy stated \"C. The Personnel Department shall ensure that all employees provide the following documents to be copied and placed in all employee personnel files within 30 days of start date of employment. 1. CPR and First Aid Certification 2. CPI training.\" 3. A review of E2's personnel record revealed crisis prevention training from the Crisis Prevention Institute, dated January 6, 2023. However, the emergency safety response training was not completed before E2 provided behavioral health services. 4. A review of E3's personnel record revealed crisis prevention training from the Crisis Prevention Institute, dated December 21, 2022. However, the emergency safety response training was not completed before E3 provided behavioral health services. 5. In an interview, E1 acknowledged E2 and E3 did not complete emergency safety response training before providing behavioral health services. Plan of Correction Name, title and/or Position of the Person Responsible Date temporary correction was implemented Date permanent correction will be complete 2023-08-03 Temporary Solution Permanent Solution Monitoring"
        }
    ]
}