{
    "legal_name": "DALIA HOMECARE MARIPOSA",
    "facility_status": "Active",
    "address": "11217 West Mariposa Drive, Phoenix, AZ 85037",
    "license_status": "Active",
    "phone": "6027572927",
    "license_number": "BH10355",
    "max_licensed_capacity": "4",
    "license_effective_date": "10/25/2024",
    "chief_administrative_officer": "DARIUS COX",
    "license_expires_date": "10/24/2025",
    "owner_licensee": "DALIA HOMECARE, LLC",
    "inspection_number": "INSP-0094726",
    "inspection_date": "10/1/2024 - 10/21/2024",
    "inspection_type": "Compliance (Initial)",
    "certificate_number": "Initial Comments",
    "deficiencies": "no deficiencies"
}