{
    "legal_name": "DENALI YOUTH HOMES OF ARIZONA, LLC",
    "facility_status": "Active",
    "address": "5747 West Warner Street, Phoenix, AZ 85043",
    "license_status": "Active",
    "phone": "9073010333",
    "license_number": "BH10333",
    "max_licensed_capacity": "5",
    "license_effective_date": "10/25/2024",
    "chief_administrative_officer": "Johnny Tyson",
    "license_expires_date": "10/24/2025",
    "owner_licensee": "DENALI YOUTH HOMES OF ARIZONA LLC",
    "inspection_number": "INSP-0093556",
    "inspection_date": "9/26/2024 - 10/21/2024",
    "inspection_type": "Compliance (Initial)",
    "certificate_number": "Initial Comments",
    "deficiencies": "no deficiencies"
}