{
    "legal_name": "DENALI YOUTH HOMES OF ARIZONA, LLC",
    "facility_status": "Active",
    "address": "5747 West Warner Street, Phoenix, AZ 85043",
    "license_status": "Active",
    "phone": "9073010333",
    "license_number": "BH10333",
    "max_licensed_capacity": "5",
    "license_effective_date": "10/25/2024",
    "chief_administrative_officer": "Johnny Tyson",
    "license_expires_date": "10/24/2025",
    "owner_licensee": "DENALI YOUTH HOMES OF ARIZONA LLC",
    "inspection_number": "INSP-0093557",
    "inspection_date": "12/10/2024",
    "inspection_type": "Initial Monitoring",
    "certificate_number": "Initial Comments",
    "deficiencies": [
        {
            "rule": "36-420.01. Health care institutions; fall prevention and fall recovery; training programs; definition A. Each health care institution shall develop and administer a training program for all staff regarding fall prevention and fall recovery. The training program shall include initial training and continued competency training in fall prevention and fall recovery. A health care institution may use information and training materials from the department's Arizona falls prevention coalition in developing the training program.",
            "evidence": "Based on documentation review, record review and interview, the administrator failed to ensure a health care institution administered a training program for all staff regarding fall prevention and fall recovery which included initial training and continued competency training for two of six personnel records sampled. The deficient practice posed a risk to the health and safety of residents if employees were unable to implement fall prevention and fall recovery strategies.",
            "findings": "1. A review of facility documentation revealed a policy titled, \" Slip and Fall Prevention Program.\" The policy stated, \"... b. The administrator shall develop and implement a training program for all staff regarding fall prevention and fall recovery. The training program shall include initial and continued training in fall prevention and fall recovery... The administer will ensure annual training is provided to all BHT and staff members pertaining to reducing and managing slips and fall concerns...\" 2. A review of facility documentation revealed a policy titled, \"Personnel 2.\" The policy stated, \"F. The administrator will ensure that each personnel record is maintained in a file that includes... c. The individuals completed orientation and in- service education as required by policies and procedures...\" 3. A review of E3's and E4's personnel record revealed documentation of an initial or continued competency training in fall prevention and fall recovery was not available for review. 4. In an exit interview, E2 reported E3 and E4 had completed the fall prevention and fall recovery training but documentation of the training was not maintained in a personnel record. Plan of Correction Name, title and/or Position of the Person Responsible Date temporary correction was implemented Date permanent correction will be complete Temporary Solution Permanent Solution Monitoring"
        },
        {
            "rule": "G. An administrator shall ensure that a personnel record is maintained for each personnel member, employee, volunteer, or student that includes: 3. Documentation of: a. The individual's qualifications, including skills and knowledge applicable to the individual's job duties;",
            "evidence": "Based on record review and interview, the administrator failed to ensure documentation of an individuals skills and knowledge was maintained in a personnel record, for one of six personnel records sampled. The deficient practice posed a risk to the health and safety of residents.",
            "findings": "1. A review of E1's (hired as the administrator and a behavioral health technician) personnel record revealed documentation of E1's skills and knowledge was not available for review. 2. In an exit interview, E2 reported the information was available via email but had not been placed into the personnel records. Plan of Correction Name, title and/or Position of the Person Responsible Date temporary correction was implemented Date permanent correction will be complete Temporary Solution Permanent Solution Monitoring"
        },
        {
            "rule": "G. An administrator shall ensure that a personnel record is maintained for each",
            "evidence": "Based on record review and interview, the administrator failed to ensure documentation personnel member, employee, volunteer, or student that includes: 3. Documentation of: b. The individual's education and experience applicable to the individual's job duties; of an individuals education and experience was maintained in a personnel record, for one of six personnel members sampled. The deficient practice posed a risk to the health and safety of residents.",
            "findings": "1. A review of E1's (hired as the administrator and a behavioral health technician) personnel record revealed no documentation of E1's education and experience available for review. 2. In an exit interview, E2 reported the information was available via email but had not been placed into the personnel record. Plan of Correction Name, title and/or Position of the Person Responsible Date temporary correction was implemented Date permanent correction will be complete Temporary Solution Permanent Solution Monitoring"
        },
        {
            "rule": "G. An administrator shall ensure that a personnel record is maintained for each personnel member, employee, volunteer, or student that includes: 3. Documentation of: c. The individual's completed orientation and in- service education as required by policies and procedures;",
            "evidence": "Based on record review and interview, the administrator failed to ensure documentation of the individuals completed orientation was maintained in a personnel record for four of six personnel records sampled. The deficient practice posed a risk to the health and safety of residents.",
            "findings": "1. A review of E1's, E2's, E3's and E4's personnel record revealed documentation of orientation was not available for review. 2. In an exit interview, E2 reported the information was available via email but had not been placed into the personnel records. Plan of Correction Name, title and/or Position of the Person Responsible Date temporary correction was implemented Date permanent correction will be complete Temporary Solution Permanent Solution Monitoring"
        },
        {
            "rule": "G. An administrator shall ensure that a personnel record is maintained for each personnel member, employee, volunteer, or student that includes: 3. Documentation of: h. Cardiopulmonary resuscitation training, if required for the individual according to R9-10- 703(C)(1)(e);",
            "evidence": "Based on documentation review, record review and interview, the administrator failed to ensure documentation of cardiopulmonary resuscitation (CPR) training was maintained in a personnel record for one of six personnel records sampled. The deficient practice posed a risk to the health and safety of residents.",
            "findings": "1. A review of facility documentation revealed a policy titled, \" Personnel Qualifications: Behavioral Health Professional, Registered Nurse, Behavioral Health Technician.\" The policy stated, \"... 5.) The administrator will ensure that behavioral health technicians meet the qualifications as outlined in the policies and procedures as follows... Has proof of current CPR and First Aid training that has not expired...\" 2. A review of E2's personnel record revealed a CPR training certificate which had expired on November 4, 2024. However, documentation of a current and valid CPR training certificate was not available for review. 3. In an interview, E2 reported E2 was in the process of obtaining a new CPR training certificate. Plan of Correction Name, title and/or Position of the Person Responsible Date temporary correction was implemented Date permanent correction will be complete Temporary Solution Permanent Solution Monitoring"
        },
        {
            "rule": "G. An administrator shall ensure that a personnel record is maintained for each personnel member, employee, volunteer, or student that includes: 3. Documentation of: i. First aid training, if required for the individual according to this Article or policies and procedures; and",
            "evidence": "Based on documentation review, record review and interview, the administrator failed to ensure documentation of first aid training was maintained in a personnel record for two of six personnel records sampled. The deficient practice posed a risk to the health and safety of residents.",
            "findings": "1. A review of facility documentation revealed a policy titled, \" Personnel Qualifications: Behavioral Health Professional, Registered Nurse, Behavioral Health Technician.\" The policy stated, \"... 1. The administrator will ensure that the Behavioral Health Professional meets the qualifications as outlined in A.R.S. Title 32, Chapter 33 who can be a licensed counselor... Must obtain a current and valid fingerprint clearance card, provide documentation confirming free from TB within 1 year, and have valid CPR/First Aid certification... 3.) Registered Nurse must be at least 21 years of age... Must obtain a current and valid fingerprint clearance card, provide documentation confirming free from TB within 1 year, and have valid CPR/First Aid certification...\" 2. A review of E3's personnel record revealed a CPR and AED training valid until June 30, 2026. However, documentation of a first aid training was not available for review. 3. A review of E4's personnel record revealed a CPR and AED training valid until August 12, 2025. However, documentation of a first aid training was not available for review. 4. In an exit interview, E2 reported the training was completed but documentation was not maintained in the personnel record. Plan of Correction Name, title and/or Position of the Person Responsible Date temporary correction was implemented Date permanent correction will be complete Temporary Solution Permanent Solution Monitoring"
        },
        {
            "rule": "B. Except for an outdoor behavioral health care program provided by a behavioral health residential facility, a registered dietitian or director of food services shall ensure that: 2. A food menu: c. Is conspicuously posted at least one calendar day before the first meal on the food menu will be served,",
            "evidence": "Based on observation and interview, the administrator failed to ensure a food menu was conspicuously posted at least one calendar day before the first meal on the food menu will be served. The deficient practice posed a risk to the health and safety of residents. Findings include: 1. The Compliance Officer observed a posted food menu on the front of the facility refrigerator which stated, \" Week 1; Sunday (day 1); Monday (day 2); Tuesday (day 3); Wednesday (day 4); Thursday (day 5); Friday (day 6); Saturday (day 7); 2 Apr 2024...\" However, a current food menu posted at least one calendar day before the first meal was not available for review. 2. In an exit interview, E2 acknowledged the food menu was not posted one calendar day before the first meal will be served. Plan of Correction Name, title and/or Position of the Person Responsible Date temporary correction was implemented Date permanent correction will be complete Temporary Solution Permanent Solution Monitoring",
            "findings": ""
        },
        {
            "rule": "C. An administrator shall: 1. Obtain a fire inspection conducted according to the time- frame established by the local fire department or the State Fire Marshal,",
            "evidence": "Based on documentation review and interview, the administrator failed to obtain a fire inspection according to the time-frame established by the local fire department or the State Fire Marshal. The deficient practice posed a risk to the health and safety of residents.",
            "findings": "1. A review of facility documentation revealed a fire inspection report issued November 8, 2023 and expired on November 30, 2024. However, documentation of a current fire inspection report was not available for review. 2. In an exit interview, E2 acknowledged the fire inspection report was expired. 3. In an exit interview, E2 reported E2 would inform E1 and get the inspection done as soon as possible. Plan of Correction Name, title and/or Position of the Person Responsible Date temporary correction was implemented Date permanent correction will be complete Temporary Solution Permanent Solution Monitoring"
        }
    ]
}