{
    "legal_name": "DEVEREUX ARIZONA - CASA ENSUENO",
    "facility_status": "Active",
    "address": "100 North Camino Seco, Tucson, AZ 85710",
    "license_status": "Active",
    "phone": "623-633-3418",
    "license_number": "BH4400",
    "max_licensed_capacity": "7",
    "license_effective_date": "12/1/2024",
    "chief_administrative_officer": "YVETTE JACKSON",
    "license_expires_date": "11/30/2025",
    "owner_licensee": "THE DEVEREUX FOUNDATION",
    "inspection_number": "INSP-0094109",
    "inspection_date": "1/18/2024",
    "inspection_type": "Complaint",
    "certificate_number": "Initial Comments",
    "deficiencies": [
        {
            "rule": "B. An administrator shall ensure that counseling is: 1. Offered as described in the behavioral health residential facility's scope of services, 2. Provided according to the frequency and number of hours identified in the resident's treatment plan, and 3. Provided by a behavioral health professional or a behavioral health technician.",
            "evidence": "Based on documentation review, record review and interview, the administrator failed to ensure the facility's scope of services included a description of how counseling would be offered, and treatment plans included the frequency and number of hours counseling was to be provided, for three of three residents sampled. The deficient practice posed a risk if a resident did not receive treatment to cure, improve, or palliate their behavioral health issue at the health care institution. Findings include: A.A.C. R9-10-101(36) states, \" 36. \"Behavioral health residential facility\" means a health care institution that provides treatment to an individual experiencing a behavioral health issue that: a. Limits the individual's ability to be independent, or b. Causes the individual to require treatment to maintain or enhance independence.\" A.A.C. R9-10- 101(238) states, \"238. \"Treatment\" means a procedure or method to cure, improve, or palliate an individual's medical condition or behavioral health issue.\" A.A.C. R9-10- 101(200) states, \" 200. \"Respite services\" means respite care services provided to an individual who is receiving behavioral health services.\" 1. A review of facility documentation revealed an undated policy and procedure titled \"Program Model: Facility Based Respite\" dated October 20, 2022. The policy and procedure stated, \"Purpose Devereux Arizona is committed to providing the least restrictive and most appropriate services to individuals referred for care. Facility Based Respite care is designed to provide short-term relief to primary caregivers (parents/guardians) of children with developmental, emotional, or behavioral needs. Respite is neither a level of care nor a therapeutic/ treatment based intervention. It is a formal, structured \"break\" for families. All Respite requests will be made with as much prior notice as possible, but no less than 24 hours. Respite care is not a substitute for crisis intervention/ stabilization, hospitalization, or residential treatment. Program Objectives The Respite Program focuses on providing safe and temporary home environments for children, while giving families and children a much needed \"break\". These regularly scheduled breaks are intended to proactively preserve the family unit, and help dissolve the need for out-of-home placement at a later time by giving the primary caregiver an opportunity to recuperate and re-charge. In this way, the primary caregiver will then be better prepared to effectively parent the child despite the challenges and stressors presented by the child and his/her behavioral health condition. All parents and caregivers need and benefit from a break from their parental duties at times, and the need for these breaks is exacerbated when raising a child or adolescent with behavioral health challenges. Devereux understands that in order for respite to serve its purpose successfully. Respite staff must be equipped with knowledge and support, and individual's individual strengths and challenges must be carefully assessed when arranging respite.\" However, the scope of services did not include a description of how counseling would be offered. 2. In an interview, E1 reported the aforementioned policy and procedure was the facility's scope of services. 3. A review of R1's, R2's and R3's treatment plans revealed R1's, R2's and R3's treatment plans did not include the frequency and number of hours counseling was to be provided to R1, R2, and R3. 4. The Compliance Officer requested to review counseling notes for R1, R2, and R3 however, counseling notes for R1, R2, and R3 were not available for review. 5. In an interview, E2 reported the facility provides medication administration and behavioral management. E2 reported staff monitor behaviors on shift notes. E2 reported the facility does not provide treatment such as group counseling or individual counseling. 6. In a joint interview, E1, E2, and E3 reported the facility is a respite- only facility and operates on the weekends. E1, E2, and E3 acknowledged the scope of services did not include a description of how treatment such as counseling would be offered, and R1's, R2's and R3's treatment plans did not include the frequency and number of hours of treatment such as counseling was to be provided R1, R2, and R3. Plan of Correction Name, title and/or Position of the Person Responsible Date temporary correction was implemented Date permanent correction will be complete 2024-06-30 Temporary Solution Permanent Solution Monitoring",
            "findings": ""
        }
    ]
}