{
    "legal_name": "DEVEREUX ARIZONA - BROADWAY CAMPUS",
    "facility_status": "Active",
    "address": "7444 East Broadway Boulevard, Tucson, AZ 85710",
    "license_status": "Active",
    "phone": "623-633-3418",
    "license_number": "BH6614",
    "max_licensed_capacity": "24",
    "license_effective_date": "4/29/2025",
    "chief_administrative_officer": "YVETTE JACKSON",
    "license_expires_date": "4/28/2026",
    "owner_licensee": "THE DEVEREUX FOUNDATION",
    "inspection_number": "INSP-0094094",
    "inspection_date": "9/19/2024",
    "inspection_type": "Complaint",
    "certificate_number": "Initial Comments",
    "deficiencies": [
        {
            "rule": "C. An administrator shall ensure that: 2. Policies and procedures for behavioral health services and physical health services are established, documented, and implemented to protect the health and safety of a resident that: f. Cover dispensing medication, administering medication, assistance in the self-administration of medication, and disposing of medication, including provisions for inventory control and preventing diversion of controlled substances;",
            "evidence": "Based on documentation review and interview, the administrator failed to ensure policies and procedures for behavioral health services were implemented to cover assistance in the self- administration of medication. The deficient practice posed a risk to the health and safety of residents if residents did not receive their required medication and a medication error occurred.",
            "findings": "1. A review of facility documentation revealed a policy titled, \"Medication Procedure for BHRF Programs.\" The policy stated, \"... ; IV. Procedures:... E. Administration of Medication: 1. Administration of Medication includes: a. The BHRF Individual reports to the trained BHRF staff for medication administration b. BHRF staff verifies the Individual ' s identity by checking at least two identifiers prior to administering medication c. BHRF staff open the medication container and provides the prescribed dosage to the BHRF Individual d. BHRF staff verify that the BHRF Individual takes the medication in accordance with the 5 Rights of Medication Administration. ; G. Medication Administration Record (MAR): 1. Trained BHRF staff verify the MAR is current and accurate 2. The MAR contains the Individual ' s name, the name of the medication, the dosage and directions for taking the medication and the name of the provider or treating physician 3. BHRF staff will document each medication pass with time and initials. Individuals will initial the MAR after medication administration is completed 4. BHRF staff document any variance on the MAR and note any changes in medication administration: R-refused, P-pass, H- Hold, A- AWOL, NA-Not Available...\" 2. A review of facility documentation revealed an event report dated in July 2024 at 2:08 PM. The report stated, \"... Medication Event... Incorrect Medication, Dose Omitted... Incident Description: RN was notified that during medication count on 7/.../24 [R8] received an additional dose of Aripiprazole 10 mg at 4:00 PM. [R8] was prescribed Guanfacine 2 mg at 4:00 PM, [R8] did not receive this medication due to staff giving [R8] the Aripiprazole 10 mg; Medication Event: Started Date: 7/.../24; End Date: 7/.../24; Total Number of Medication Events: 2; Additional Medication Event Details: RN was notified that during medication count on 7/.../24 [R8] received an additional dose of Aripiprazole 10 mg at 4:00 PM. [R8] was prescribed Guanfacine 2 mg at 4:00 PM, [R8] did not receive this medication due to staff giving [R8] the Aripiprazole 10 mg; Follow Up: Describe Expected to Follow-Up for any Medical Event: Continue to monitor for side effects, RN has not received any reports of side effects at this time. [R8] has been participating in all activities today and was able to go on the outing yesterday 7/.../24...\" 3. A review of facility documentation revealed an incident report dated in March 2024 at 8:10 AM. The report stated, \"... Description; Before the Incident: Staff [E8], DCP, BHT set up for medication administration in the medication room; During the Incident: [E8] administered medications to individual [R3] at approximately 7:58 AM. Staff [E8] misread the label on a medication and the medication belonged to another individual. The medication that was wrongfully administered to [R3] was Vyvanse 30mg capsules. Individual [R3] should have received [R3's] prescription Vyvanse 20mg every morning; After the Incident: Staff... was counting medication at approximately 11:00 AM, when staff discovered that the wrong medication was administered to [R3]. Proper notifications were made and reported. Vitals were taken, staff continued to observe for any side effects. Vitals reported to [O1], no further instructions given by doctor. No side effect monitored or reported by staff or [R3]. [R3's] health condition before the medication error was normal. No evidence of illness, or impairment in physical or mental condition. [R3's] health condition after the medication error was normal. No evidence of illness, or impairment in physical or mental condition. The medication error ultimately caused no harm to the individual. Actions taken or recommended include a review of the five rights of medication administration process with the direct care staff. The programs targeted goal will always be to maintain a zero medication rate in all programs but ensure that a medication error rate never exceeds 2% in any reporting period as calculated by # of doses dispensed/med errors.\" 4. A review of R3's medical record revealed a medication administration record (MAR) dated March 2024. The MAR stated, \"... Date: 3/.../24; Hour: 8:00 AM; Reason: Refused didn't want it; Result: Refused, count is off, individual was given the medication from another individual by mistake; Initials: [E8]; Signature: [E8]...\" 5. A review of R3's medical record revealed an over the counter/medication standing orders document dated March 7, 2024. The document stated, \"... Admit Medications... Vyvanse 20mg morning... Provider Signature: [O1]... Intake Staff: [E3]...\" 6. In an exit interview, E2, E5, and E6 stated \"medication errors occurred and were identified, addressed, and self-reported.\" Plan of Correction Name, title and/or Position of the Person Responsible Date temporary correction was implemented Date permanent correction will be complete 2025-02-28 Temporary Solution Permanent Solution Monitoring"
        },
        {
            "rule": "C. If a behavioral health residential facility provides assistance in the self-administration of medication, an administrator shall ensure that: 6. Assistance in the self-administration of medication provided to a resident: a. Is in compliance with an order, and b. Is documented in the resident's medical record.",
            "evidence": "Based on documentation review, record review, and interview, the administrator failed to ensure assistance in the self-administration of medication administered to a resident was in compliance with an order and documented in the resident's medical record, for seven out of eights residents sampled. The deficient practice posed a risk to the health and safety of residents if residents did not receive their required medication and a medication error occurred.",
            "findings": "1. A review of facility documentation revealed a policy titled, \"Medication Procedure for BHRF Programs.\" The policy stated, \"... E. Administration of Medication: 1. Administration of Medication Includes: a. The BHRF individual reports to the trained BHRF staff for medication administration. b. BHRF staff verifies the individual's identity by checking at least two identifiers prior to administering medication. c. BHRF staff open the medication container and provides the prescribed dosage to the BHRF individual. d. BHRF staff verify that the BHRF individual takes the medication in accordance with the 5 rights of medication administration. e. Staff will encourage individuals to take their medication as ordered and provide medication education as needed. Individual's will not be restrained or forced to take regularly scheduled medications and are to be permitted to refuse medication. Staff will document the refusal in the medication administration record as noted above and notify the nurse on call, who will notify the BHMP provider of any medication refusals to allow for evaluation of potential medication discontinuation or adjustments as needed. Notifications will be made to guardian... G. Medication Administration Record (MAR): 1. Trained BHRF staff verify the MAR is current and accurate. 2. The MAR contains the individual's name, the name of the medication, the dosage and directions for taking the medication and the name of the provider or treating physician. 3. BHRF staff will document each medication pass with time and initials. Individual's will initial the MAR after medication administration is completed. 4. BHRF staff document any variance on the MAR and note any changes in medication administration: R- refused, P-pass, H-hold, A-AWOL, NA- Not Available...\" 2. A review of facility documentation revealed an incident report dated in March 2024 at 7:45 AM. The report stated, \"... Description; Before the Incident: At approximately 7:44 AM, staff [E7]... was administering medication; During the Incident: Individual [R1] was given Propranolol HCL 10mg one tablet versus the prescribed Propranolol HCL 10mg half a tablet (.5mg); After the Incident: Proper notifications were made and reported. Vitals were taken by staff nurse [E3]... staff continued to observe for any side effects. [O1] notified, instructions were to take vitals now and at 2:00 PM prior to next dose. Vitals wnl. [O1] instructed to continue with the afternoon 2:00 PM dose. No side effects reported or monitored by staff or individual [R1]. Vitals were taken at 10:00 AM BP 113/75, P79, O296 R16, T97.9, vitals at 1:55 PM, BP 117/74, P76, O298, R16, T98.0. [R1's] health condition before the medication error was normal. No evidence of illness, or impairment in physical or mental condition. [R1's] health condition after the medication error was normal, no evidence of illness, or impairment in physical or mental condition. This medication error ultimately caused no harm to the individual. Actions taken or recommended include a review of the five rights of medication administration process with direct care staff. The programs targeted goal will always be to maintain a zero- medication rate in all programs but ensure that a medication error rate never exceeds 2% in any reporting period as calculated by # of doses dispensed/med errors; Individual: [R1]... Event Class: Event, Intervention, Intervention; Event Category: Medical, Medical Interventions, Medical Interventions; Event Type: Medication Error, Nursing Consultation, Physician Consultation; Event Role: Victim/Subject, Victim/Subject, Victim/Subject.\" 3. A review of R1's medical record revealed a medication administration record (MAR) dated March 2024. The MAR stated, \"... Date: 3/19/24; Hour: 7:44 AM; Medication: Propranolol; Reason: Wrong dosage; Result: Med error - one med given instead of .5 (1/2); Initials: [E7]; Staff Signature: [E7]...\" 4. A review of R1's medical record revealed an over the counter/admit medication order intake document dated in March 2024. The document stated, \"... Admit Medication: Fluoxetine 10mg daily, Propranolol 10mg 1/2 tab PO TID... Admitted from: Hospital/Inpatient; Medications: Delivering from pharmacy, medications match current medication list, medication administration record's made and secured in medication cart... Designated staff member: [E3]...\" 5. A review of facility documentation revealed an incident report dated in March 2024 at 8:10 AM. The report stated, \"...Description; Before the Incident: Staff [E8]... set up for medication administration in the medication room; During the Incident: [E8] administered medications to individual [R3] at approximately 7:58 AM. Staff [E8] misread the label on a medication and the medication belonged to another individual. The medication that was wrongfully administered to [R3] was Vyvanse 30mg capsules. Individual [R3] should have received [R3's] prescription Vyvanse 20mg every morning; After the Incident: Staff... was counting medication at approximately 11:00 AM, when staff discovered that the wrong medication was administered to [R3]. Proper notifications were made and reported. Vitals were taken, staff continued to observe for any side effects. Vitals reported to [O1], no further instructions given by doctor. No side effect monitored or reported by staff or [R3]. [R3's] health condition before the medication error was normal. No evidence of illness, or impairment in physical or mental condition. [R3's] health condition after the medication error was normal. No evidence of illness, or impairment in physical or mental condition. The medication error ultimately caused no harm to the individual. Actions taken or recommended include a review of the five rights of medication administration process with the direct care staff. The programs targeted goal will always be to maintain a zero medication rate in all programs but ensure that a medication error rate never exceeds 2% in any reporting period as calculated by # of doses dispensed/med errors. Vitals: 12:49 PM - BP 103/68, HR 85, O2 99, Temp 98.2... Individual: [R3]... Event Class: Event, Intervention; Event Category: Medical, Medical Intervention; Event Type: Medication Error, Physician Consultation; Event Role: Victim/Subject, Victim/Subject.\" 6. A review of R3's medical record revealed a MAR in March 2024. The MAR stated, \"... Date: 3/8/24; Hour: 8:00 AM; Reason: Refused didn't want it; Result: Refused, count is off, individual was given the medication from another individual by mistake; Initials: [E8]; Signature: [E8]...\" 7. A review of R3's medical record revealed an over the counter/medication standing orders document dated in March 2024. The document stated, \"... Admit Medications...Vyvanse 20mg morning... Provider Signature: [O1]... Intake Staff: [E3]...\" 8. A review of facility documentation revealed an event report dated in June 2024 at 7:15 PM. The report stated, \"... Incident Type: Medication Event... Incident Description: [R4] is scheduled to take 1 mg tablet by mouth at 2:00 PM of Guanfacine. Staff never administered the med to [R4] at the scheduled time frame. Causing this to be a missed medication... Total Number of Medication Events: 1; Additional Medication Event Details: [R4] is scheduled to take 1 tablet by mouth at 2:00 PM of Guanfacine 1 mg. Staff never administered the med to [R4] at the schedul Plan of Correction Name, title and/or Position of the Person Responsible Date temporary correction was implemented Date permanent correction will be complete 2025-02-28 Temporary Solution Permanent Solution Monitoring"
        }
    ]
}