{
    "legal_name": "DEVEREUX ARIZONA - CASA VALOR",
    "facility_status": "Active",
    "address": "961 North Camino Mira Monte, Tucson, AZ 85716",
    "license_status": "Active",
    "phone": "623-633-3418",
    "license_number": "BH4704",
    "max_licensed_capacity": "10",
    "license_effective_date": "9/1/2025",
    "chief_administrative_officer": "YVETTE JACKSON",
    "license_expires_date": "8/31/2026",
    "owner_licensee": "THE DEVEREUX FOUNDATION",
    "inspection_number": "INSP-0094133",
    "inspection_date": "10/24/2024",
    "inspection_type": "Compliance (Annual)",
    "certificate_number": "Initial Comments",
    "deficiencies": "no deficiencies"
}