{
    "legal_name": "DEVEREUX ARIZONA - CASA SOL",
    "facility_status": "Active",
    "address": "2000 East Spring Street, Tucson, AZ 85719",
    "license_status": "Active",
    "phone": "623-633-3418",
    "license_number": "BH5570",
    "max_licensed_capacity": "6",
    "license_effective_date": "11/1/2024",
    "chief_administrative_officer": "YVETTE JACKSON",
    "license_expires_date": "10/31/2025",
    "owner_licensee": "THE DEVEREUX FOUNDATION",
    "inspection_number": "INSP-0094117",
    "inspection_date": "4/14/2023",
    "inspection_type": "Compliance (Annual)",
    "certificate_number": "Initial Comments",
    "deficiencies": "no deficiencies"
}