{
    "legal_name": "DEVEREUX ARIZONA - BROADWAY CAMPUS",
    "facility_status": "Active",
    "address": "7444 East Broadway Boulevard, Tucson, AZ 85710",
    "license_status": "Active",
    "phone": "623-633-3418",
    "license_number": "BH6614",
    "max_licensed_capacity": "24",
    "license_effective_date": "4/29/2025",
    "chief_administrative_officer": "YVETTE JACKSON",
    "license_expires_date": "4/28/2026",
    "owner_licensee": "THE DEVEREUX FOUNDATION",
    "inspection_number": "INSP-0094087",
    "inspection_date": "9/29/2022",
    "inspection_type": "Complaint",
    "certificate_number": "Initial Comments",
    "deficiencies": "no deficiencies"
}