{
    "legal_name": "DEVEREUX ARIZONA - CASA ENSUENO",
    "facility_status": "Active",
    "address": "100 North Camino Seco, Tucson, AZ 85710",
    "license_status": "Active",
    "phone": "623-633-3418",
    "license_number": "BH4400",
    "max_licensed_capacity": "7",
    "license_effective_date": "12/1/2024",
    "chief_administrative_officer": "YVETTE JACKSON",
    "license_expires_date": "11/30/2025",
    "owner_licensee": "THE DEVEREUX FOUNDATION",
    "inspection_number": "INSP-0094108",
    "inspection_date": "4/14/2023",
    "inspection_type": "Compliance (Annual)",
    "certificate_number": "Initial Comments",
    "deficiencies": "no deficiencies"
}