{
    "legal_name": "DEVEREUX ARIZONA - CASA AMISTAD",
    "facility_status": "Active",
    "address": "1202 North Dodge Boulevard, Tucson, AZ 85716",
    "license_status": "Active",
    "phone": "480-889-0558",
    "license_number": "BH4295",
    "max_licensed_capacity": "8",
    "license_effective_date": "8/1/2025",
    "chief_administrative_officer": "YVETTE JACKSON",
    "license_expires_date": "7/31/2026",
    "owner_licensee": "THE DEVEREUX FOUNDATION",
    "inspection_number": "INSP-0094099",
    "inspection_date": "8/25/2023",
    "inspection_type": "Compliance (Annual)",
    "certificate_number": "Initial Comments",
    "deficiencies": "no deficiencies"
}