{
    "legal_name": "DEVEREUX ARIZONA - BROADWAY CAMPUS",
    "facility_status": "Active",
    "address": "7444 East Broadway Boulevard, Tucson, AZ 85710",
    "license_status": "Active",
    "phone": "623-633-3418",
    "license_number": "BH6614",
    "max_licensed_capacity": "24",
    "license_effective_date": "4/29/2025",
    "chief_administrative_officer": "YVETTE JACKSON",
    "license_expires_date": "4/28/2026",
    "owner_licensee": "THE DEVEREUX FOUNDATION",
    "inspection_number": "INSP-0094092",
    "inspection_date": "1/16/2024",
    "inspection_type": "Complaint",
    "certificate_number": "Initial Comments",
    "deficiencies": [
        {
            "rule": "C. An administrator shall ensure that a resident's medical record contains: 9. Orders;",
            "evidence": "Based on documentation review, record review, and interview, the administrator failed to ensure a resident's medical record contained orders, for one of five residents sampled. The deficient practice posed a risk as medication administration could not be verified against a medication order. Findings include: 1. A review of facility documentation revealed an incident reported dated March 26, 2023. The report stated \"Staff [E3] gave individual [R1] two tabs of Prazosin 1 mg instead of one tab Prazosin 1 mg as prescribed.\" 2. A review of R1's medication administration record (MAR) for the month of March 2023 revealed R1 received medication administration for Prazosin 1 mg on the following dates: March 22-31, 2023. 3. A review of R1's medical record revealed a medication order for Prazosin 1 mg was not available for review. 4. In a joint interview, E4, E5, E6, and E9 acknowledged R1's medical record did not contain a medication order. Plan of Correction Name, title and/or Position of the Person Responsible Date temporary correction was implemented Date permanent correction will be complete 2024-03-01 Temporary Solution Permanent Solution Monitoring",
            "findings": ""
        },
        {
            "rule": "B. If a behavioral health residential facility provides medication administration, an administrator shall ensure that: 3. A medication administered to a resident: a. Is administered in compliance with an order, and",
            "evidence": "Based on documentation review, record review, and interview, an administrator failed to ensure medication administered to a resident was administered in compliance with an order, for two of five residents sampled. The deficient practice posed a risk if the resident experienced a change in condition due to improper medication administration. Findings include: 1. A review of facility documentation revealed an incident report, dated April 13, 2023. The incident report stated \"During this reconciliation, staff [E7] discovered that indiv [sic] [R2] Clonidine 0.1 mg was off count. Staff on [E7] checked with staff [E8] DCP, BHT, who had administered the P.M. medication earlier. Staff determined that indiv [sic] [R2] was given Clonidine 0.1 mg half tab and [R2] was prescribed to get Clonidine 0.1 mg whole tab. Staff [E8] gave the half tab based on the medication administration record prepared by nursing which stated \"PM- Take- Take 1/2 tablet by mouth'. The instructions on the MAR were incorrect and inconsistent with the medication packaging which read to take a whole tab.\" 2. A review of R2's medical record revealed a medication order dated April 13, 2023. The order stated \"Clonidine 0.1 mg...1 tab PO HS\" 3. A review of R2's medication administration record (MAR) for the month of April 2023 revealed two separate MARs for April 2023. The first MAR revealed R2 received medication administration for Clonidine 0.1 mg on the following dates and times: April 13, 2023 during the \"PM\" timeslot, the MAR stated \"Clonidine 0.1 mg take 1/2 tablet by mouth twice daily\" the count was indicated as half of a dose of Clonidine 0.1 mg was administered by staff, in correspondence with the aforementioned incident report. Additionally, R2 was administered \"Clonidine 0.1 mg 1 tablet\" during the \"PM\" timeslot on April 14-20, 2023 on the second corrected MAR. 4. A review of facility documentation revealed an incident report, dated September 11, 2023. The incident report stated \"Individual [R3]...Medications were received by RN [E10], medications were locked in drawer for safety purposes. Medications were left in drawer unaccounted for and the individual did not receive medications for 9/9/2023- 9/10/2023 [medications include Concerta ER 27 mg, Sertraline 75 mg, and Guanfacine ER 1 mg, Hydroxyzine 50 mg]. On 9/11/2023 Individual did not receive Concerta ER 27 mg.\" 5. A review of R3's medical record revealed a medication order dated August 31, 2023. The order stated \"...Continue Hydroxyzine 50 mg qhs for sleep...continue Guanfacine 1 mg qd for inattention/concentration...continue Methylphenidate to 27 mg qd for inattention/concentration...continue Sertraline to 75 mg qd for depression/anxiety.\" 6. A review of R3's medication administration record (MAR) for the month of September 2023 revealed R3 received medication administration for the following medications on the following dates and times: -\"Concerta ER 27 mg take 1 tablet by mouth every morning\" on September 12-29, 2023; - \"Guanfacine ER 1 mg take 1 tablet by mouth every morning\" on September 11-26. 2023; - \"Sertraline 50 mg take 1.5 mg tablets by mouth every morning\" on September 11-30, 2023; and -\"Hydroxyzine 50 mg take 1 capsule by mouth at 8 PM\" on September 11-30, 2023. 7. In a joint interview, E4, E5, E6, and E9 acknowledged R2's and R3's medications were not administered in compliance with R2's and R3's medication orders. Plan of Correction Name, title and/or Position of the Person Responsible Date temporary correction was implemented Date permanent correction will be complete 2024-01-11 Temporary Solution Permanent Solution Monitoring",
            "findings": ""
        }
    ]
}