{
    "legal_name": "DIVINE HELP LLC",
    "facility_status": "Active",
    "address": "7208 West Windsor Avenue, Phoenix, AZ 85035",
    "license_status": "Active",
    "phone": "6026010586",
    "license_number": "BH9356",
    "max_licensed_capacity": "5",
    "license_effective_date": "11/29/2024",
    "chief_administrative_officer": "HENRIETTA TECHAGO",
    "license_expires_date": "11/28/2025",
    "owner_licensee": "DIVINE HELP LLC",
    "inspection_number": "INSP-0095203",
    "inspection_date": "1/10/2024",
    "inspection_type": "Initial Monitoring",
    "certificate_number": "Initial Comments",
    "deficiencies": "no deficiencies"
}