{
    "legal_name": "EAGLE'S NEST RESIDENTIAL - EUCLID",
    "facility_status": "Active",
    "address": "1832 East Euclid Avenue, Phoenix, AZ 85042",
    "license_status": "Active",
    "phone": "6023059599",
    "license_number": "BH5899",
    "max_licensed_capacity": "5",
    "license_effective_date": "10/1/2024",
    "chief_administrative_officer": "BARBARA MCCLURE",
    "license_expires_date": "9/30/2025",
    "owner_licensee": "EAGLES NEST GROUP HOME",
    "inspection_number": "INSP-0095506",
    "inspection_date": "12/19/2022",
    "inspection_type": "Compliance (Annual)",
    "certificate_number": "Initial Comments",
    "deficiencies": [
        {
            "rule": "36-420.01. Health care institutions; fall prevention and fall recovery; training programs; definition A. Each health care institution shall develop and administer a training program for all staff regarding fall prevention and fall recovery. The training program shall include initial training and continued competency training in fall prevention and fall recovery. A health care institution may use information and training materials from the department's Arizona falls prevention coalition in developing the training program.",
            "evidence": "Based on documentation review and interview, the health care institution failed to develop and administer a training program for all staff regarding fall prevention and fall recovery. The deficient practice posed a risk as the Department was unable to determine substantial compliance as the documentation was not provided during the inspection, and the documentation was not provided within two hours after a Department request.",
            "findings": "1. A review of facility documentation revealed a policy and procedure to cover fall prevention and fall recovery was not available for review. 2. A review of facility documentation revealed a training program to cover fall prevention and fall recovery was not available for review. 3. In an interview, E1 reported the facility had not developed and administered a training program for all staff regarding fall prevention and fall recovery. E1 reported E1 was not familiar with the Statute. Plan of Correction Name, title and/or Position of the Person Responsible Date temporary correction was implemented Date permanent correction will be complete 2022-12-31 Temporary Solution Permanent Solution Monitoring"
        },
        {
            "rule": "C. An administrator shall ensure that: 5. Unless otherwise stated: a. Documentation required by this Article is provided to the Department within two hours after a Department request; and",
            "evidence": "Based on record review, documentation review and interview, the administrator failed to ensure documentation required by this Article was provided to the Department within two hours after a Department request. The deficient practice posed a risk as the Department was unable to determine substantial compliance as the following was not provided for review: E5's documentation of current contracted services, E2's and E3's verification of skills and knowledge, E7's personnel record, R1's and R2's date of admission, R1's medical history and physical exam or nursing assessment, R1's and R2's group counseling for December 1, 2022 through December 18, 2022, the facility's reviewed and approved assistance in the self- administration of medication policy and procedure, and the facility's fall prevention and fall recovery training program. Findings include: 1. A review of E5's personnel record revealed E5 was hired as one of the facility's nurses who provided assistance in the self- administration of medication training to personnel members. However, a contract was not available for review. 2. A review of E2's (hired in 2022 as a behavioral health technician) personnel record revealed verification of skills and knowledge was not available for review. 4. A review of E3's (hired in 2019 as a behavioral health technician) personnel record revealed verification of skills and knowledge was not available for review. 5. The Compliance Officer requested to review E7's personnel record. However, a personnel record was not provided for review. 6. A review of R1's medical record revealed a document contained a date of admission however, the document stated \"Eagle's Nest Residential, 1802 E. Dobbins Road, Phoenix, AZ 85042 (BH4442). 7. A review of R2's medical record revealed a document contained a date of admission however, the document stated \"Eagle's Nest Residential, 1802 E. Dobbins Road, Phoenix, AZ 85042 (BH4442). 8. A review of R1's medical record revealed a medical history and physical examination or nursing assessment completed within 30 calendar days before admission or within 72 hours after admission was not available for review. 9. The Compliance Officer requested to review group counseling documentation for R1 for December 1, 2022 through December 18, 2022. However, documentation was not provided for review. 10. The Compliance Officer requested to review documentation of R2's group counseling for December 1, 2022 through December 18, 2022. However, documentation was not provided for review. 11. A review of facility documentation revealed a policy and procedure titled \"Medication Services-Policy\" (dated September 8, 2022). However, documentation to indicate the policy and procedure was reviewed and approved by a medical practitioner or registered nurse was not available for review. 12. A review of facility documentation revealed a training program to cover fall prevention and fall recovery was not available for review. 13. In an interview, E1 acknowledged documentation required by this Article was not provided to the Department within two hours after a Department request. Plan of Correction Name, title and/or Position of the Person Responsible Date temporary correction was implemented Date permanent correction will be complete 2022-12-31 Temporary Solution Permanent Solution Monitoring",
            "findings": ""
        },
        {
            "rule": "An administrator shall ensure that: 2. Documentation of current contracted services is maintained that includes a description of the contracted services provided.",
            "evidence": "Based on record review and interview, the administrator failed to ensure documentation of current contracted services was maintained, for one contracted registered nurse. The deficient practice posed a risk as the Department was unable to determine substantial compliance as the personnel record did not include the documentation during the inspection, and the documentation was not provided within two hours after a Department request.",
            "findings": "1. A review of E5's personnel record revealed E5 was hired as one of the facility's nurses who provided assistance in the self-administration of medication training to personnel members. However, a contract was not available for review. 2. In an interview, E1 reported E5 was a contracted personnel member and unaware E5 needed a contract. 3. In an interview, E1 acknowledged current contracted services was not maintained for E5. Plan of Correction Name, title and/or Position of the Person Responsible Date temporary correction was implemented Date permanent correction will be complete 2022-12-31 Temporary Solution Permanent Solution Monitoring"
        },
        {
            "rule": "G. An administrator shall ensure that a personnel record is maintained for each personnel member, employee, volunteer, or student that includes: 3. Documentation of: a. The individual's qualifications, including skills and knowledge applicable to the individual's job duties;",
            "evidence": "Based on record review and interview, the administrator failed to ensure a personnel record was maintained for each personnel member to include documentation of the individual's qualifications, including skills and knowledge applicable to the individual's job duties, for two of three behavioral health technicians sampled. The deficient practice posed a risk as the Department was unable to determine substantial compliance as the personnel records did not include the required documentation during the inspection, and the documentation was not provided within two hours after a Department request. Findings include: R9-10-706.B.2.a. The administrator shall ensure that a personnel member's skills and knowledge are verified and documented before the personnel member provides...behavioral health services. 1. A review of E2's (hired in 2022 as a behavioral health technician) personnel record revealed verification of skills and knowledge was not available for review. 2. A review of E3's (hired in 2019 as a behavioral health technician) personnel record revealed verification of skills and knowledge was not available for review. 3. In an interview, E1 reported E1 verified E2's and E3's skills and knowledge. However, E1 was unable to locate the requested documentation. Plan of Correction Name, title and/or Position of the Person Responsible Date temporary correction was implemented Date permanent correction will be complete 2022-12-19 Temporary Solution Permanent Solution Monitoring",
            "findings": ""
        },
        {
            "rule": "H. An administrator shall ensure that personnel records are: 1. Maintained: a. Throughout an individual's period of providing services in or for the behavioral health residential facility, and",
            "evidence": "Based on record review and interview, the administrator failed to ensure a personnel record was maintained throughout an individual's period of providing services in or for the behavioral health residential facility, for one individual. The deficient practice posed a risk as the Department was unable to verify required information for E7, the Department was unable to determine substantial compliance as the required personnel record was not provided for review during the inspection, and was not provided within two hours after a Department request. Findings include: 1. A review of R2's medical record revealed a nursing assessment completed by E7. 2. The Compliance Officer requested to review E7's personnel record. However, a personnel record was not provided for review. 3. In an interview, E1 reported E7 was the facility's primary and on-call nurse, and acknowledged a personnel record was not maintained for E7. Plan of Correction Name, title and/or Position of the Person Responsible Date temporary correction was implemented Date permanent correction will be complete 2022-12-31 Temporary Solution Permanent Solution Monitoring",
            "findings": ""
        },
        {
            "rule": "A. An administrator shall ensure that: 6. Except as provided in subsection (E)(1)(a), a medical practitioner performs a medical history and physical examination or a registered nurse performs a nursing assessment on a resident within 30 calendar days before admission or within 72 hours after admission and documents the medical history and physical examination or nursing assessment in the resident's medical record within 72 hours after admission;",
            "evidence": "Based on record review and interview, the administrator failed to ensure a medical practitioner performed a medical history and physical examination or a registered nurse performed a nursing assessment on a resident within 30 calendar days before admission or within 72 hours after admission, for one of two residents sampled. The deficient practice posed a risk as this information was required for the development and implementation of a treatment plan, per R9-10-708.A.1., the Department was unable to determine substantial compliance as the required documentation was not in the medical record during the inspection, and was not provided within two hours after a Department request.",
            "findings": "1. A review of R1's medical record revealed documentation to indicate a medical history and physical examination or nursing assessment was completed within 30 calendar days before admission or within 72 hours after admission was not available for review. 2. In an interview, E1 reported R1 had a nursing assessment completed by E7. However, the documentation was not provided for review. Plan of Correction Name, title and/or Position of the Person Responsible Date temporary correction was implemented Date permanent correction will be complete Temporary Solution Permanent Solution Monitoring 2022-12-22"
        },
        {
            "rule": "C. An administrator shall ensure that a resident's medical record contains: 4. The date of admission and, if applicable, date of discharge;",
            "evidence": "Based on record review and interview, the administrator failed to ensure a resident's medical record contained the date of admission, for two of two residents sampled. The deficient practice posed a risk the Department was unable to determine substantial compliance as the documentation was not in the medical records during the inspection, and was not provided within two hours after a Department request. Findings include: 1. A review of R1's medical record revealed a document contained a date of admission however, the document stated \"Eagle's Nest Residential, 1802 E. Dobbins Road, Phoenix, AZ 85042 (BH4442). 2. A review of R2's medical record revealed a document contained a date of admission however, the document stated \"Eagle's Nest Residential, 1802 E. Dobbins Road, Phoenix, AZ 85042 (BH4442). 3. In an interview, E1 reported R1 and R2 were initially admitted into BH4442 and later transferred to BH5889. E1 reported E1 was unable to locate the admission dates, for R1 and R2, into BH5899. Plan of Correction Name, title and/or Position of the Person Responsible Date temporary correction was implemented Date permanent correction will be complete 2022-12-22 Temporary Solution Permanent Solution Monitoring",
            "findings": ""
        },
        {
            "rule": "C. An administrator shall ensure that a resident's",
            "evidence": "Based on record review and interview, the medical record contains: 15. Documentation of behavioral health services and physical health services provided to the resident; administrator failed to ensure a resident's medical record contained documentation of behavioral health services provided to the resident, for two of two residents sampled. The deficient practice posed a risk if a resident did not receive treatment to cure, improve, or palliate their behavioral health issue at the health care institution, the Department was unable to determine substantial compliance as the documentation was not in the medical records during the inspection, and the documentation was not provided within two hours after a Department request. Findings include: A.R.S. \\'a7 36-401(11) \"Behavioral health services\" means services that pertain to mental health and substance use disorders and that are either: (a) Performed by or under the supervision of a professional who is licensed pursuant to title 32 and whose scope of practice allows for the provision of these services. (b) Performed on behalf of patients by behavioral health staff as prescribed by rule. 1. A review of R1's medical record revealed a treatment plan dated in December 2022. The treatment plan revealed individual and group counseling was to be conducted at least two times a month. 2. The Compliance Officer requested to review group counseling documentation for R1 for December 1, 2022 through December 18, 2022. However, documentation was not provided for review. 3. A review of R2's medical record revealed a treatment plan dated in December 2022. The treatment plan revealed individual and group counseling was to be conducted at least two times a month. 4. The Compliance Officer requested to review documentation of R2's group counseling for December 1, 2022 through December 18, 2022. However, documentation was not provided for review. 5. In an interview, E1 reported group counseling was conducted daily with all residents. 6. In an interview, E1 reported group counseling sessions were conducted for R1 and R2. However, E4 had the documentation. Plan of Correction Name, title and/or Position of the Person Responsible Date temporary correction was implemented Temporary Solution Permanent Solution Monitoring Date permanent correction will be complete 2022-12-30",
            "findings": ""
        },
        {
            "rule": "C. If a behavioral health residential facility provides assistance in the self-administration of medication, an administrator shall ensure that: 3. Policies and procedures for assistance in the self-administration of medication are reviewed and approved by a medical practitioner or registered nurse;",
            "evidence": "Based on documentation review and interview, the administrator failed to ensure policies and procedures for assistance in the self- administration of medication were reviewed and approved by a medical practitioner or registered nurse. The deficient practice posed a risk as the Department was unable to determine substantial compliance as the documentation was not provided during the inspection, and the documentation was not provided within two hours after a Department request.",
            "findings": "1. A review of facility documentation revealed a policy and procedure titled \"Medication Services-Policy\" (dated September 8, 2022). However, documentation to indicate the policy and procedure was reviewed and approved by a medical practitioner or registered nurse was not available for review. 2. In an interview, E1 acknowledged the policy and procedure for assistance in the self-administration of medication had not been reviewed and approved by a medical practitioner or registered nurse. E1 reported to be unaware of the requirement. Plan of Correction Name, title and/or Position of the Person Responsible Date temporary correction was implemented Date permanent correction will be complete 2022-12-31 Temporary Solution Permanent Solution Monitoring"
        },
        {
            "rule": "B. An administrator shall ensure that: 1. A behavioral health residential facility has a: a. Room that provides privacy for a resident to receive treatment or visitors; and",
            "evidence": "Based on observation and interview, the administrator failed to ensure the behavioral health residential facility had a room to provide privacy for a resident to receive treatment or visitors. The deficient practice posed a risk if the administrator was unable to ensure confidentiality in treatment as well as a resident's right to privacy in treatment and visitation.",
            "findings": "R9-10-722.B.8.a. An administrator shall ensure that a resident bedroom complies with the following: Is not used as a common area. R9-10-101.52.a. \"Common area\" means licensed space in health care institution that is: Not a resident's bedroom or a residential unit. 1. The Compliance Officer observed the facility did not have a room to provide privacy for a resident to receive treatment or visitors. 2. In a joint interview, E1 and E8 acknowledged the facility did not have a privacy room for a resident to receive treatment or visitors. Plan of Correction Name, title and/or Position of the Person Responsible Date temporary correction was implemented Date permanent correction will be complete 2023-03-13 Temporary Solution Permanent Solution Monitoring"
        }
    ]
}