{
    "legal_name": "EAGLE'S NEST THUNDERBIRD BOYS & GIRLS",
    "facility_status": "Active",
    "address": "540 East Thunderbird Trail, Phoenix, AZ 85042",
    "license_status": "Active",
    "phone": "6023059599",
    "license_number": "BH8249",
    "max_licensed_capacity": "5",
    "license_effective_date": "2/6/2025",
    "chief_administrative_officer": "BARBARA MCCLURE",
    "license_expires_date": "2/5/2026",
    "owner_licensee": "EAGLES NEST THUNDERBIRD, LLC",
    "inspection_number": "INSP-0095515",
    "inspection_date": "1/12/2023 - 2/6/2023",
    "inspection_type": "Compliance (Initial)",
    "certificate_number": "Initial Comments",
    "deficiencies": "no deficiencies"
}