{
    "legal_name": "EAGLES NEST BOYS & GIRLS RESIDENTIAL AGENCY",
    "facility_status": "Active",
    "address": "1802 East Dobbins Road, Phoenix, AZ 85042",
    "license_status": "Active",
    "phone": "6023059599",
    "license_number": "BH4442",
    "max_licensed_capacity": "10",
    "license_effective_date": "1/1/2025",
    "chief_administrative_officer": "BARBARA MCCLURE",
    "license_expires_date": "12/31/2025",
    "owner_licensee": "EAGLES NEST GROUP HOME",
    "inspection_number": "INSP-0095525",
    "inspection_date": "12/3/2024",
    "inspection_type": "Complaint;Compliance (Annual)",
    "certificate_number": "Initial Comments",
    "deficiencies": [
        {
            "rule": "C. An administrator shall ensure that: 2. Policies and procedures for behavioral health services and physical health services are established, documented, and implemented to protect the health and safety of a resident that: f. Cover dispensing medication, administering medication, assistance in the self-administration of medication, and disposing of medication, including provisions for inventory control and preventing diversion of controlled substances;",
            "evidence": "Based on documentation review, record review, and interview, the administrator failed to implement policies and procedures to protect the health and safety of a resident to cover administering medication. The deficient practice posed a risk as the facility's standards were not implemented and the Department was provided false and misleading information.",
            "findings": "1. A review of the facility policies and procedures revealed a policy titled, \"DISPENSING MEDICATION\" dated January 5, 2023. The policy stated, \"...C. Ensure the medication paperwork and the medication container match before dispensing the medication to the client...e. Check the dose of the medication container and be sure it is identical to the dosage on the medication paperwork. f. Ensure every letter and number on the medication orders match the medication package, tablet, capsule, suppository, liquid or some other form medication log. g. Ensure the medication instructions are the same on the medication container and medication log...\" 2. A review of R1's medical record revealed a document titled \"Medication Reconciliation\" dated November 21, 2024. The document stated \"START: Escitalopram 5 mg by mouth once a day...STOP: Paroxetine 10 mg daily...\" 3. A review of R1's medication administration record (MAR) for the month of December 2024 revealed R1 received assistance in the self-administration of medication for the following medications: - Escitalopram 5 mg December 1-3, 2024 at 7:00 AM -Paroxetine HCL 10 mg December 1-2, 2024 at 7:00 PM 4. In an interview, E1 reported the staff administer R1's from a medication organizer which is set up in advance by E1 7 days at a time. E1 reported R1 did not receive \"Paroxetine HCL 10 mg\" since it was discontinued on November 21, 2024, yet staff documented \"Paroxetine HCL 10 mg\" being issued to R1. E1 acknowledged policies and procedures to protect the health and safety of a resident to cover administering medication were not implemented, and the Department was provided false and misleading information. Plan of Correction Name, title and/or Position of the Person Responsible Date temporary correction was implemented Date permanent correction will be complete Temporary Solution Permanent Solution Monitoring"
        },
        {
            "rule": "F. An administrator shall ensure that a personnel member, or an employee, a volunteer, or a student who has or is expected to have more than eight hours of direct interaction per week with residents, provides",
            "evidence": "of freedom from infectious tuberculosis: 1. On or before the date the individual begins providing services at or on behalf of the behavioral health residential facility, and 2. As specified in R9-10-113. Evidence Based on record review and interview, the administrator failed to ensure a personnel member provided evidence of freedom from infectious tuberculosis (TB), as specified in Arizona Administrative Code (A.A.C.) R9-10- 113(B)(1)(a)(i) for one of four personnel sampled. The deficient practice posed a potential TB infection risk to residents.",
            "findings": "Arizona Administrative Code (A.A.C.) R9-10-113(B)(1)(a)(i) A health care institution's chief administrative officer shall: 1. For an individual for whom baseline screening and documentation of freedom from infectious tuberculosis is required by an Article in this Chapter, as specific in subsection (A)(2) (a), obtain one of the following as evidence of freedom from infectious tuberculosis: a. Documentation of a negative Mantoux skin test or other tuberculosis screening test that: i. Is recommended by the U.S. Centers for Disease Control and Prevention (CDC). 1. A review of the CDC website revealed a web page titled \"TB Screening and Testing of Health Care Personnel.\" The web page stated \"If the Mantoux tuberculin skin test (TST) is used to test health care personnel upon hire (preplacement), two-step testing should be used.\" 2. A review of E3's personnel record (hired in 2024) revealed E3's personnel record included an initial TST test completed on August 2, 2024. However, documentation of E2's freedom of infectious TB, per R9-10-113 (A)(2)(iii) of two-step testing, was not available for review. 3. In an interview, E1 acknowledged documentation of evidence of freedom from infectious TB, as specified in R9-10-113(B)(1) (a)(i) was not available for review. Plan of Correction Name, title and/or Position of the Person Responsible Date temporary correction was implemented Date permanent correction will be complete Temporary Solution Permanent Solution Monitoring"
        },
        {
            "rule": "A. An administrator shall ensure that: 13. Except as provided in subsection (E)(1)(d), a resident provides",
            "evidence": "of freedom from infectious tuberculosis: a. Before or within seven calendar days after the resident's admission, and b. As specified in R9-10-113. Evidence Based on record review and interview, the administrator failed to ensure a resident provided evidence of freedom from infectious tuberculosis (TB) before or within seven calendar days after the resident's admission, for one of two residents sampled. The deficient practice posed a TB exposure risk to residents.",
            "findings": "1. A review of R2's medical record revealed documentation R2 provided evidence of freedom from infectious TB before or within seven calendar days after R2's admission date was not available for review. Based on R2's admission date, documentation of evidence of freedom from infectious TB was required. 2. In an interview, E1 acknowledged R2 did not provide evidence of freedom from infectious TB before or within seven calendar days after R2's admission. Plan of Correction Name, title and/or Position of the Person Responsible Date temporary correction was implemented Date permanent correction will be complete Temporary Solution Permanent Solution Monitoring"
        },
        {
            "rule": "A. An administrator shall ensure that a treatment plan is developed and implemented for each resident that: 4. Includes: c. The signature of the resident or the resident's representative, and date signed, or documentation of the refusal to sign;",
            "evidence": "Based on record review and interview, the administrator failed to ensure a treatment plan was developed for each resident to include the signature of the resident or the resident's representative, and date signed, or documentation of the refusal to sign, for one of two residents sampled.",
            "findings": "1. A review of R1's medical record revealed a current treatment plan (dated in 2024). However, the signature R1's representative, and date signed, or documentation of the refusal to sign was not available for review. 2. In an interview, E1 acknowledged R1's treatment plan did not include the signature of R1's representative, and date signed, or documentation of the refusal to sign. Plan of Correction Name, title and/or Position of the Person Responsible Date temporary correction was implemented Date permanent correction will be complete Temporary Solution Permanent Solution Monitoring"
        },
        {
            "rule": "A. An administrator shall ensure that: 3. An order is: b. Authenticated by a medical practitioner or behavioral health professional according to policies and procedures; and",
            "evidence": "Based on documentation review, record review, and interview, the administrator failed to ensure an order was authenticated by a medical practitioner or behavioral health professional (BHP) according to policies and procedures. The deficient practice posed a risk as medication taken by the resident could not be verified against a medication order. Findings include: 1. A review of the facility policies and procedures revealed a policy titled, \"REGIMEN MEDICATION POLICY\" dated January 5, 2023. The policy stated, \"Any order for a prescribed medication, treatment, referral, or procedure shall be documented on a progress note with the signature of the practitioner. Medication orders must be logged into the client record. Phone orders may only be accepted by the pharmacy or a register nurse. A copy of the order shall be co-signed by the practitioner within 48 hours.\" 2. A review of R1's medical record revealed a document titled \"Medication Reconciliation\" dated November 21, 2024. The document stated \"START: Escitalopram 5 mg by mouth once a day...STOP: Paroxetine 10 mg daily...\" However, the order was not authenticated by a medical practitioner or BHP according the facility's policies and procedures. 3. In an interview, E1 acknowledged the orders were not authenticated by a medical practitioner or BHP according the facility's policies and procedures. Plan of Correction Name, title and/or Position of the Person Responsible Date temporary correction was implemented Date permanent correction will be complete Temporary Solution Permanent Solution Monitoring",
            "findings": ""
        }
    ]
}