{
    "legal_name": "EMOTICARE RIMROCK, LLC",
    "facility_status": "Active",
    "address": "3095 East Coronado Trail, Rimrock, AZ 86335",
    "license_status": "Active",
    "phone": "9283712345",
    "license_number": "BH10497",
    "max_licensed_capacity": "53",
    "license_effective_date": "2/7/2025",
    "chief_administrative_officer": "DEBORAH L WOODARD",
    "license_expires_date": "2/6/2026",
    "owner_licensee": "EMOTICARE RIMROCK, LLC",
    "inspection_number": "INSP-0096438",
    "inspection_date": "2/3/2025",
    "inspection_type": "Compliance (Initial)",
    "certificate_number": "Initial Comments",
    "deficiencies": "no deficiencies"
}