{
    "legal_name": "FLORENCE CRITTENTON SERVICES OF ARIZONA, INC",
    "facility_status": "Closed",
    "address": "715 West Mariposa Street, Building A, Phoenix, AZ 85013",
    "license_status": "Expired",
    "phone": "6022747318",
    "license_number": "BH2133",
    "max_licensed_capacity": "40",
    "license_effective_date": "8/1/2024",
    "chief_administrative_officer": null,
    "license_expires_date": null,
    "owner_licensee": "FLORENCE CRITTENTON SERVICES OF ARIZONA, INC.",
    "inspection_number": "INSP-0068951",
    "inspection_date": "10/24/2024",
    "inspection_type": "Compliance (Annual)",
    "certificate_number": "Initial Comments",
    "deficiencies": "no deficiencies"
}