{
    "legal_name": "FORWARD IN LIFE",
    "facility_status": "Active",
    "address": "8402 North 33rd Drive, Phoenix, AZ 85051",
    "license_status": "Active",
    "phone": "4804044159",
    "license_number": "BH6589",
    "max_licensed_capacity": "5",
    "license_effective_date": "12/9/2024",
    "chief_administrative_officer": "MELISSA NASH",
    "license_expires_date": "12/8/2025",
    "owner_licensee": "MELISSA NASH",
    "inspection_number": "INSP-0069275",
    "inspection_date": "1/3/2025",
    "inspection_type": "Complaint",
    "certificate_number": "Initial Comments",
    "deficiencies": "no deficiencies"
}