{
    "legal_name": "FORWARD IN LIFE",
    "facility_status": "Active",
    "address": "8402 North 33rd Drive, Phoenix, AZ 85051",
    "license_status": "Active",
    "phone": "4804044159",
    "license_number": "BH6589",
    "max_licensed_capacity": "5",
    "license_effective_date": "12/9/2024",
    "chief_administrative_officer": "MELISSA NASH",
    "license_expires_date": "12/8/2025",
    "owner_licensee": "MELISSA NASH",
    "inspection_number": "INSP-0069271",
    "inspection_date": "11/28/2023",
    "inspection_type": "Complaint",
    "certificate_number": "Initial Comments",
    "deficiencies": [
        {
            "rule": "G. An administrator shall provide written notification to the Department of a resident's: 2. Self-injury, within two working days after the resident inflicts a self-injury or has an accident that requires immediate intervention by an emergency medical services provider.",
            "evidence": "Based on documentation review and interview, the administrator failed to provide written notification to the Department of a resident's self-injury, within two working days after the resident inflicted a self-injury requiring immediate intervention by an emergency medical services provider. The deficient practice posed a risk as the Department was unable to determine if there was an immediate health and safety risk to other residents of the facility.",
            "findings": "1. A review of facility documentation revealed a document titled \"Report of Unusual Occurrence\" (dated November 16, 2023 at 7:35PM). The document stated \"Ct had been in bathroom to complete shower approx. 10 min, @ 7:35PM Ct called staff name opened bathroom door stating 'I think I may need to go to hospital.' Approx 3in cut at R thigh above knee was noted. Immediate pressure was applied and EMS contacted ... transported to [hospital]. ... [R1] broke a plastic mirror and used small piece to cut self.\" However, documentation to demonstrate BH6589 provided written notification to the Department within two working days of a resident's self-injury requiring immediate intervention by an emergency medical services provider was not available for review. 2. A review of facility documentation revealed a document titled \"Report of Unusual Occurrence\" (dated November 19, 2023 at 5:30PM). The document stated \"[R1] asked to take a shower. I gave [R1] hygiene bucket and checked to make sure there were no sharp objects in it. I check bathroom as well. Checked and said [R1] was ok. [R1] came out leg bloody and I applied pressure and called 911. ... transp [sic] to hospital.\" 3. A review of facility documentation revealed a document titled \"Arizona Health Care Cost Containment System INCIDENT, ACCIDENT OR DEATH REPORT\" (dated November 20, 2023) for an incident dated November 19, 2023. The document stated \" [R1] had requested to take shower. Staff had checked hygiene box and bathroom for sharp objects and non were found. After using shower, [R1] reported to staff [R1] had cut [themselves] with object [R1] was hiding on person.\" However, documentation to demonstrate BH6589 provided written notification to the Department within two working days of a resident's self-injury requiring immediate intervention by an emergency medical services provider was not available for review. 4. A review of Department documentation revealed documentation to demonstrate BH6589 provided written notification to the Department of R1's self- injuries were not available for review. 5. In an interview, E2 reported to be unaware of the requirement, and reported written notification to the Department of R1's self-injuries were not provided. 6. In an interview, E2 acknowledged written notification to the Department of R1's self-injuries were not provided to the Department. Plan of Correction Name, title and/or Position of the Person Responsible Date temporary correction was implemented Date permanent correction will be complete 2024-02-26 Temporary Solution Permanent Solution Monitoring"
        },
        {
            "rule": "A. An administrator shall ensure that: 1. A resident is admitted based upon: a. The resident's primary condition for which the resident is admitted to the behavioral health residential facility being a behavioral health issue, and",
            "evidence": "Based on documentation review, record review, and interview, the administrator failed to ensure a resident was admitted based upon the resident's primary condition being a behavioral health issue, for one resident sampled whose primary condition was not a behavioral health issue. The deficient practice posed a risk as R3 required services from a Behavior Supported DD Group Home. Findings include: R9-10-101.32. \"Behavioral health issue\" means an individual's condition related to a mental disorder, a personality disorder, substance abuse, or a significant psychological or behavioral response to an identifiable stressor or stressors. 1. A review of Department documentation revealed BH6589 was licensed as a Behavioral Health Residential Facility for children. 2. A review of facility documentation revealed a scope of services titled \"Scope of Services- Provision of Behavioral Health Services\" (dated November 20, 2020). The scope of services stated \"11. This facility will not accept or retain residents that have a primary diagnosis of intellectual disability, primary medical needs (that are not temporary), or severe brain damage, or have a recent history (within the past 12 months) of sexual offenses and violent offenses towards staff and/or residents in previous placements, or have cognitive deficits that severely limit the resident's ability to benefit from the treatment services we provide.\" 3. A review of R3's medical record revealed a document with a header \"DDD-2089A FORFF (3-12)\" (dated March 28, 2022). The document stated \"Member was diagnosed with Global development delays- speech at age two. At age five [R3] was diagnosed with Opposition Defiance Disorder, Autism, and Dyspraxia.\" 4. A review of the Arizona Department of Economic Security website revealed \"DDD-2089A FORFF\" was a document from the Division of Developmental Disabilities titled \"DDD PERSON CENTERED SERVICE PLAN.\" 5. A review of R3's medical record revealed a document titled \"Initial Assessment Report and Treatment Plan\" (dated April 4, 2023) from \"Thrive Autism Services.\" The document stated \"Diagnosis: Autism Spectrum Disorder F84.0.\" 6. A review of R3's medical record revealed a document titled \"Resident Health History\" (dated in 2023). The document stated \"Medical Diagnosis: autism\" as the first diagnosis. 7. A review of R3's medical record revealed a behavioral health assessment (dated in 2023). The assessment stated \"This client has suffered with chronic features of Autism Spectrum Disorder, behavioral health disturbances and intellectual disturbances since birth ... Diagnosis F84.0 Autism Spectrum Disorder\" as the first diagnosis. 8. A review of R3's medical record revealed documents titled \"Progress Note (dated July 27, 2023; August 10, 2023; and October 2, 2023). The documents stated \"Diagnosis F84.0 Autism Spectrum Disorder\" as the first diagnosis, and \" ...6. Provide autism specific therapy to address social deficiencies, reduced level of empathy and emotional dysregulation.\" 9. A review of R3's medical record revealed an initial treatment plan. The treatment plan stated \"Diagnosis F84.0 Autism Spectrum Disorder\" as the first diagnosis and \"The client's discharge plan is to be admitted to a DDD group home when [R3] completes [R3's] treatment goals successfully. ... Autism specific therapy to address social deficiencies, reduced level of empathy and emotional dysregulation.\" 10. A review of R3's medical record revealed an updated treatment plan (dated October 22, 2023). The treatment plan stated \"Diagnosis F84.0 Autism Spectrum Disorder\" as the first diagnosis and \" 08/07/2023 - Autism Spectrum Disorder was originally the primary diagnosis. Autism is a neurodevelopmental disorder rather than a mental illness. Disruptive Mood Dysregulation Disorder is now listed as [R3's] primary diagnosis. ... The client's discharge plan is to be admitted to a DDD group home when [R3] completes [R3's] treatment goals successfully. ... Autism specific therapy to address social deficiencies, reduced level of empathy and emotional dysregulation.\" 11. A review of R3's (admitted in July 2023) medical record revealed a document titled \"Consultation Note\" (dated October 23, 2023). The document stated \" ... [E2] reported the house is working on getting ABA therapy in place for [R3].\" 12. A review of R3's medical record revealed a document titled \"Consultation Note\" (dated November 16, 2023). The document stated \"Diagnosis F84.0 Autism Spectrum Disorder\" as the first diagnosis and \" ... working towards the goal of client moving down to DDD home once ABA services have started ... Client identified that [R3] asked for crisis to be called one of the times as [R3] felt [R3] needed to talk to another person for support. [O1] reported that client has decreased [R3's] calls to crisis 99% ... [O1] clarified that these types of calls are typical of ASD ... team can further discuss transitioning to DDD home.\" 13. In an interview, E2 reported R3's diagnosis was changed. E2 reported R3 was admitted to BH6589 for behaviors in order to be stable in a Behavior Supported DD Group Home. E2 reported Behavior Supported DD Group Homes would not admit R3. 14. In an interview, the findings were reviewed with E2 and no additional comments or statements were provided regarding the findings. This is a repeat deficiency from the on-site compliance inspection and complaint investigation conducted on June 26, 2023. Plan of Correction Name, title and/or Position of the Person Responsible Date temporary correction was implemented Date permanent correction will be complete 2024-02-12 Temporary Solution Permanent Solution Monitoring",
            "findings": ""
        }
    ]
}