{
    "legal_name": "GENERATIONS GROUP HOME",
    "facility_status": "Active",
    "address": "1763 Paseo San Luis Suite B, Sierra Vista, AZ 85635",
    "license_status": "Active",
    "phone": "5204598433",
    "license_number": "BH6723",
    "max_licensed_capacity": "16",
    "license_effective_date": "7/12/2025",
    "chief_administrative_officer": "TWILA MAYO",
    "license_expires_date": "7/11/2026",
    "owner_licensee": "GENERATIONS GROUP HOME",
    "inspection_number": "INSP-0068099",
    "inspection_date": "3/2/2023",
    "inspection_type": "Complaint",
    "certificate_number": "Initial Comments",
    "deficiencies": "no deficiencies"
}