{
    "legal_name": "GENERATIONS GROUP HOME",
    "facility_status": "Active",
    "address": "1763 Paseo San Luis Suite B, Sierra Vista, AZ 85635",
    "license_status": "Active",
    "phone": "5204598433",
    "license_number": "BH6723",
    "max_licensed_capacity": "16",
    "license_effective_date": "7/12/2025",
    "chief_administrative_officer": "TWILA MAYO",
    "license_expires_date": "7/11/2026",
    "owner_licensee": "GENERATIONS GROUP HOME",
    "inspection_number": "INSP-0068097",
    "inspection_date": "11/2/2022",
    "inspection_type": "Complaint",
    "certificate_number": "Initial Comments",
    "deficiencies": [
        {
            "rule": "A. An administrator shall ensure that: 11. A behavioral health assessment: a. Documents a resident's: i. Presenting issue;",
            "evidence": "Based on record review and interview, the administrator failed to ensure a behavioral health assessment documented a resident's presenting issue, for one of two sampled residents.",
            "findings": "1. A review of R1's medical record revealed a document titled, \"Resident Initial Intake Psychosocial Assessment.\" This behavioral health assessment (BHA) was completed on R1's day of admission. The BHA included a section labeled, \"Presenting Issues: (include primary reason for referral, description, and timelines of current emotional and behavioral symptoms & current functional impairment)\", however, the section was left blank. 2. In an interview, E1, E2, and E3 acknowledged R1's behavioral health assessment did not document R1's presenting issue. Technical assistance for this rule was provided during the on-site compliance inspection conducted on June 1, 2022. Plan of Correction Name, title and/or Position of the Person Responsible Date temporary correction was implemented Date permanent correction will be complete 2022-11-03 Temporary Solution Permanent Solution Monitoring"
        }
    ]
}