{
    "legal_name": "GLORIOUS CARE PROJECT LLC",
    "facility_status": "Active",
    "address": "1087 West Avalon Canyon Drive, Casa Grande, AZ 85122",
    "license_status": "Active",
    "phone": "2406606597",
    "license_number": "BH8106",
    "max_licensed_capacity": "6",
    "license_effective_date": "12/20/2024",
    "chief_administrative_officer": "FRANKLIN FONUTCHI",
    "license_expires_date": "12/19/2025",
    "owner_licensee": "GLORIOUS CARE PROJECT LLC",
    "inspection_number": "INSP-0068488",
    "inspection_date": "12/7/2023",
    "inspection_type": "Complaint",
    "certificate_number": "Initial Comments",
    "deficiencies": "no deficiencies"
}