{
    "legal_name": "GLORIOUS CARE PROJECT LLC",
    "facility_status": "Active",
    "address": "1087 West Avalon Canyon Drive, Casa Grande, AZ 85122",
    "license_status": "Active",
    "phone": "2406606597",
    "license_number": "BH8106",
    "max_licensed_capacity": "6",
    "license_effective_date": "12/20/2024",
    "chief_administrative_officer": "FRANKLIN FONUTCHI",
    "license_expires_date": "12/19/2025",
    "owner_licensee": "GLORIOUS CARE PROJECT LLC",
    "inspection_number": "INSP-0138207",
    "inspection_date": "7/31/2025",
    "inspection_type": "Complaint",
    "certificate_number": "BH8106",
    "deficiencies": [
        {
            "rule": "R9-10-703.G.2. Administration G. An administrator shall provide written notification to the Department of a resident's: 2. Self-injury, within two working days after the resident inflicts a self-injury or has an accident that requires immediate intervention by an emergency medical services provider.",
            "evidence": "Based on record review, documentation review and interview, the administrator failed to provide written notification to the Department of a resident's self-injury, within two working days after the resident inflicted a self-injury, requiring immediate intervention by an emergency medical services provider.",
            "findings": "1. A review of R2's (admitted in 2024) medical record revealed a document titled \"Incident, Accident or death report,\" dated in May 2025. The document stated \"[R2] joined two... peers on the trampoline for morning exercise before taking a shower. After [R2] climbed on the trampoline, the two peers climbed down the trampoline leaving [R2] by [R2's] self inside the trampoline. The two peers told staff that they are avoiding [R2] because of... poor boundaries and annoyance. [R2] picked a rock and started hurting [R2's] self because the peers were avoiding [R2]. [R2's] 1:1 staff redirected [R1], to stop the self-harming act. Staff took [R2] to Mind-24/7 for safety concerns and for assessment. After assessment by the provider, [R2] was discharged back to the Group home at... Guardian and Case manager were notified of the incidence.\" 2. A review of Department documentation revealed no written notification to the Department regarding the aforementioned incident. 3. In an exit interview, E1 reported the facility had not contacted the Department within two working days of R2's self-injury requiring emergency medical services. E1 reported being unaware of this requirement. Plan of Correction Name, title and/or Position of the Person Responsible FRANKLIN FONUTCHI, Administrator Date temporary correction was implemented 2025-08-18 Date permanent correction will be complete 2025-08-18 Temporary Solution After the survey conducted on 07/31/2025 the administrator revised the agency\u2019s policy and procedures, highlighting that the administrator shall provide written notification to the Department of a resident's self-injury, within two working days after the resident inflicts a self-injury or has an accident that requires immediate intervention by an emergency medical services provider. The administrator immediately scheduled a staff meeting with all BHT's for 08/18/2025 at 1:00 pm Permanent Solution On 08/05/2025, the administrator held a refresher workshop with all BHT\u2019s. During this workshop, the administrator explained to the team the importance of incident/accident reporting, procedure and documentation. The team agreed not only to document incidents but to report to the administrator before the end of their shift for corrective action and for timely notification to the department of health. Monitoring Moving forward, the administrator or his assistant shall review the AWOL and incident log daily, to provide written notification to the Department of any Self-injury, within two working days after the resident inflicts a self- injury or has an accident that requires immediate intervention by an emergency medical services provider."
        },
        {
            "rule": "R9-10-708.A.6.d. Treatment Plan A. An administrator shall ensure that a treatment plan is developed and implemented for each resident that: 6. Is reviewed and updated on an on-going basis: d. When a resident has a significant change in",
            "evidence": "Based on record review and interview, the administrator failed to ensure a treatment plan was reviewed and updated when a resident experienced an event that affected treatment. The deficient practice posed a risk as a condition or experiences an event that affects treatment. treatment plan directs the services to be provided to residents.",
            "findings": "1. A review of R1's (admitted in 2025) medical record revealed a document titled \"Incident, Accident or death report,\" dated in July 2025. The document stated \"Staff received a phone call from member's school that the member assaulted his class teacher. School authority called the police, and the member reported to the police that he was feeling suicidal. EMR was called and the member was taken to Banner medical Center in Casa Grande where he spent 01 hrs:43 minutes. A behavioral crisis evaluation as well as drug screening was conducted, and the member was discharged back to the BHRF.\" 2. In an interview, E1 reported R1 had been suspended from school following the aforementioned event. 3. A review of R1's medical record revealed a treatment plan dated in July 2025. However, the treatment plan did not include the assault or suspension. 4. In an interview, the findings were discussed with E1 and E1 indicated the behavioral health professional was going to review and update the treatment plan on July 31, 2025; and no additional documentation or statements were provided. Plan of Correction Name, title and/or Position of the Person Responsible FRANKLIN FONUTCHI, Administrator Date temporary correction was implemented 2025-08-15 Date permanent correction will be complete 2025-08-01 Temporary Solution After the administrator received the SOD for the survey conducted on 07/31/2025 the administrator immediately reviewed the R1's folder. R1's last TP update was 07/22/2025. The incident occurred on 07/25/2025 and a TP update was scheduled for 07/31/2025. Moving forward, 24 to 48 hours, the administrator shall ensure that, a resident's TP is reviewed, updated and documented on an on-going basis when a resident has a significant change in condition or experiences an event that affects treatment. Permanent Solution The administrator had a session with the BHP and the therapist, and it was agreed that moving forward, 24 to 48 hours, a resident's TP will be reviewed, updated and documented on an on-going basis when a resident has a significant change in condition or experiences an event that affects treatment. Monitoring The administrator has added in the quality management checklist to make sure that the TP is updated in a timely manner. This checklist includes date and time of incident, corrective measures, TP updated within 24 and 48 hours and if not why and corrective measures. The administrator shall review the quality management checklist twice monthly to ensure that this policy is respected."
        },
        {
            "rule": "R9-10-718.C.3. Medication Services C. If a behavioral health residential facility provides assistance in the self-administration of medication, an administrator shall ensure that: 3. Policies and procedures for assistance in the self-administration of medication are reviewed and approved by a medical practitioner or registered nurse;",
            "evidence": "Based on documentation review and interview, the administration failed to ensure policies and procedures for assistance in the self- administration of medication were reviewed and approved by a medical practitioner or registered nurse. The deficient practice posed a risk as policies and procedures reinforce and clarify standards expected of employees.",
            "findings": "1. A review of the facility's policies and procedures manual (dated March 26, 2025) revealed a policy titled \"Medication Services.\" However, the policy was not reviewed and approved by a medical practitioner or registered nurse. 2. In an exit interview, E1 reported the policies and procedures for assistance in the self- administration of medication were not reviewed and signed by a medical practitioner or registered nurse. E1 reported being unaware of this requirement. Plan of Correction Name, title and/or Position of the Person Responsible FRANKLIN FONUTCHI, Administrator Date temporary correction was implemented 2025-08-08 Date permanent correction will be complete 2025-08-08 Temporary Solution After the survey conducted on 07/31/2025 the Administrator realized the policies and procedure updated on 03/26/2025 was not reviewed and approved by the agency's Registered nurse. The administrator immediately followed up for the agency's Policies and procedures for assistance in the self-administration of medication are reviewed and approved by the agency's registered nurse. Permanent Solution The administrator shall ensure that whenever the agency's policy and procedure is updated, all staffs, should review and approve of the document within seven days and this has also been included in the quality management checklist. The Agency's contracted Registered nurse on 08/08/2025 reviewed and approved the agency's Policies and procedures for assistance in the self-administration. Monitoring The administrator shall review the quality management checklist twice a month to ensure that the agency is in compliant with R9-10- 718.C.3. The administrator shall ensure that the employee's name, title, signature and date reviewed is printed on the document."
        },
        {
            "rule": "R9-10-718.C.6.a. Medication Services C. If a behavioral health residential facility provides assistance in the self-administration of",
            "evidence": "Based on record review, observation, and interview, the administrator failed to ensure assistance in the self-administration of medication, an administrator shall ensure that: 6. Assistance in the self-administration of medication provided to a resident: a. Is in compliance with an order, and medication provided to a resident was in compliance with an order, for one of two residents sampled. The deficient practice posed a risk if a resident experienced a change in condition due to improper assistance in the self-administration of medication.",
            "findings": "1. A review of R1\u2019s (admitted in 2025) medical record revealed a treatment plan (dated in 2025). The treatment plan revealed R1 received assistance in the self-administration of medication. 2. A review of R1's medical record revealed a medication administration record (MAR) for July 2025. The MAR revealed the following medications were documented as provided on the following dates: Oxcabazepine 300mg tablet, July 1-30, 2025, 3 tablets bedtime; and Divalproex 250 mg tablet June 14, 2025 - July 30, 2025 \"each day at 1 PM.\" 3. A review of R1's medical record revealed medication orders (dated July 2025) for the following medications: Oxcabazepine 300mg tab, \"Take 1 tablet by mouth in the morning and 3 tablets every day at bedtime.\" 4. The Compliance Officer (CO) observed R1's Albuterol Sulfate \"inhale 2 puffs... every 6 hours as needed...,\" Oxcarbazepine 300mg tab, \"Take 1 tablet by mouth in the morning and 3 tablets every day at bedtime\" and Divalproex 250 mg tablet, \"each day at 1 PM.\" 5. In an interview, CO requested to review R1\u2019s signed medication orders for Divalproex 250 mg tablets or Albuterol Sulfate. However, no orders were provided. \ufeff6. In an interview, the CO asked E1 if Oxcabazepine 300mg tablet was provided by mouth each morning. E1 reported R1 received Oxcabazepine 300mg tablet by mouth each morning. However, E1 did not provide documentation of R1 receiving Oxcabazepine 300mg, 1 tablet in the morning. 7. In an exit interview, the findings were discussed with E1, and no additional documentation or statements were provided. Plan of Correction Name, title and/or Position of the Person Responsible FRANKLIN FONUTCHI, Administrator Date temporary correction was implemented 2025-08-01 Date permanent correction will be complete 2025-08-01 Temporary Solution After the survey conducted on 07/31/2025, the administrator reviewed residents' files and their medication administration records. After the review, the administrator realized that R1's 7am medication sheet for oxcarbazepine was mistakenly filled in another resident's section by the night staff after passing am meds. The administrator immediately refilled the med sheet in R1's section of the folder. Permanent Solution The administrator on 08/01/2025 created a new medication log for R1 with both the 7am and the Bedtime medications on the same sheet. On 08/02/2025, the administrator had a shop floor meeting with all BHT's on the 5 \"Rs\" of medication safety as well as proper documentation to ensure that the agency is in compliant with R9-10-718.C.6.b. The administrator has requested and filed a copy of R1's medication order and shall also ensure that medication orders are on file after every medication review. Monitoring The administrator or his assistant shall review and document on the quality checklist sheet the medication administration record every day to ensure that assistance in the self- administration of medication provided to residents is documented in the resident's medical record. The Administrator shall also ensure that medication orders are on file after every medication review."
        },
        {
            "rule": "R9-10-718.C.6.b. Medication Services C. If a behavioral health residential facility provides assistance in the self-administration of medication, an administrator shall ensure that: 6. Assistance in the self-administration of",
            "evidence": "Based on record review and interview, the administrator failed to ensure assistance in the self-administration of medication provided to a resident was documented in a resident's medical record, for one of two residents medication provided to a resident: b. Is documented in the resident's medical record. sampled. The deficient practice posed a risk if a resident experienced a change in condition due to improper assistance in the self- administration of medication.",
            "findings": "1. A review of R1\u2019s (admitted in 2025) medical record revealed a treatment plan (dated in 2025). The treatment plan revealed R1 received assistance in the self-administration of medication. 2. A review of R1's medical record revealed a medication administration record (MAR) for July 2025. The MAR revealed the following medications were documented as provided on the following dates: Oxcabazepine 300mg tablet, July 1-30, 2025, 3 tablets bedtime. However, Oxcabazepine 300mg, 1 tablet in the morning, was not documented. 3. A review of R1's medical record revealed medication orders (dated July 2025) for the following medications: Oxcabazepine 300mg tab, \"Take 1 tablet by mouth in the morning and 3 tablets every day at bedtime.\" \ufeff4. In an interview, the CO asked E1 if Oxcabazepine 300mg tablet was provided by mouth each morning. E1 reported R1 received Oxcabazepine 300mg tablet by mouth each morning. 5. In an exit interview, the findings were discussed with E1, and no additional documentation or statements were provided. Plan of Correction Name, title and/or Position of the Person Responsible FRANKLIN FONUTCHI, Administrator Date temporary correction was implemented 2025-07-31 Temporary Solution After the survey conducted on 07/31/2025, the administrator reviewed residents' files and their medication administration records. After the review, the administrator realized that R1's 7am medication sheet for oxcarbazepine was mistakenly filled in another resident's section by the night staff after passing am meds. The administrator immediately refilled the med sheet in R1's section of the folder. Date permanent correction will be complete 2025-08-01 Permanent Solution The administrator on 08/01/2025 created a new medication log for R1 with both the 7am and the Bedtime medications on the same sheet. On 08/02/2025, the administrator had a shop floor meeting with all BHT's on the 5 \"Rs\" of medication safety as well as proper documentation to ensure that the agency is in compliant with R9-10-718.C.6.b. Monitoring The administrator or his assistant shall review and document on the quality checklist sheet the medication administration record every day to ensure that assistance in the self- administration of medication provided to residents is documented in the resident's medical record."
        }
    ]
}