{
    "legal_name": "GLORIOUS CARE PROJECT LLC",
    "facility_status": "Active",
    "address": "1087 West Avalon Canyon Drive, Casa Grande, AZ 85122",
    "license_status": "Active",
    "phone": "2406606597",
    "license_number": "BH8106",
    "max_licensed_capacity": "6",
    "license_effective_date": "12/20/2024",
    "chief_administrative_officer": "FRANKLIN FONUTCHI",
    "license_expires_date": "12/19/2025",
    "owner_licensee": "GLORIOUS CARE PROJECT LLC",
    "inspection_number": "INSP-0068491",
    "inspection_date": "12/31/2024",
    "inspection_type": "Complaint",
    "certificate_number": "Initial Comments",
    "deficiencies": [
        {
            "rule": "C. An administrator shall ensure that: 1. Policies and procedures are established, documented, and implemented to protect the health and safety of a resident that: a. Cover job descriptions, duties, and qualifications, including required skills, knowledge, education, and experience for personnel members, employees, volunteers, and students;",
            "evidence": "Based on documentation review, record review, and interview, the administrator failed to establish and document policies and procedures to protect the health and safety of a resident to cover job descriptions to include the use of emergency safety responses for behavioral health technicians (BHTs). The deficient practice posed a health and safety risk to the residents.",
            "findings": "1. A review of the facility's documentation revealed an incident report dated October 19, 2024. The incident report stated \"What Happened? The Member was having an individual session with the therapist. The therapist asked a question and [R3] refused to answer and started throwing tantrums. The therapist requested [R3] should take a minutes break. The therapist called the next kid in for individuals and [R3] escalated. [R3] was verbally and physically aggressive to the therapist. The member was punching and kicking the door. To prevent member from self- harm the member was restrained. minutes lated [sic] the member was calm and requested for time out in [R3's] room. The therapist had a session the member and [R3] appologized [sic] for [R3's] actions.\" 2. A review of the facility's policies and procedures revealed a policy titled \"R9-10-706. Personnel SECTION 39: Personnel Members Requirements & Verification of Qualifications, Skills & Knowledge \" dated January 3, 2023. The policy stated \"POLICY STATEMENT: To work at this agency, the individual must be 21 years old; and possess the knowledge, skills and experience based on the personnel member ' s job description to provide services to behavioral health residents in a residential facility. Administrator established a process for determining whether personnel member has the qualifications, training, experience, skills, and knowledge necessary to provide behavioral health services that this agency is authorized to provide, based on the employee ' s job description and o meet the treatment needs of diagnosed with behavioral health disorder; residents served at this agency...BHT - BEHAVIORAL HEALTH TECHNICIAN...Position Responsibilities: Reports to the Administrator. Provide residents with a supportive, protective living environment and protection of resident's rights. Provides counseling (groups/one on one/family) to residents with behavioral health disorder, and treatment that promotes resident dignity, independence, individuality, strengths, privacy, and choice. Assist residents to secure and maintain viable employment opportunities, accessing community services and resources. Prepare meals and provide residents with transportation to outside therapeutic services when indicated. Prepare daily progress notes on resident ' s progress and regression in direct and report services offered through the agency. Protect and maintain the confidentiality of resident ' s records and information. Assist residents in formal and informal independent and life skills In-service Education. Ensure that residents attend formal education or educational enhancement training. Coordinate and facilitate resident ' s social and recreational activities. Assure that residents take necessary medications in accordance with agency ' s assistance in the self-administration medication procedures. Able to identify types of medications commonly prescribed for mental disorders, personality disorders and substance abuse, and common side effects and adverse reactions of the medications. Assist residents in receiving the care and services specified in their treatment/care plan and in accordance with the rules set forth by the department of behavioral health services. Attending regularly scheduled personnel members In-service Education and meetings. Demonstrate ethical behaviors such as respecting residents and personnel members boundaries.\" However, the policies and procedures were not established and documented to include the use of an emergency safety response for BHT's. 3. A review of E2' s' personnel record revealed E2 did not have emergency safety response training. 4. In an interview, E1 reported R3 was placed in a therapeutic hold, with the emergency safety response \"basket weave\" technique. 5. In an exit interview, the findings were reviewed with E1 and no further statements were made. Plan of Correction Name, title and/or Position of the Person Responsible Date temporary correction was implemented Date permanent correction will be complete Temporary Solution Permanent Solution Monitoring"
        },
        {
            "rule": "G. An administrator shall ensure that a personnel record is maintained for each personnel member, employee, volunteer, or student that includes: 3. Documentation of: e. The individual's compliance with requirements in A.R.S. \u00a7\u00a7 36-411, 36-411.01, and 36-425.03, as applicable;",
            "evidence": "Based on documentation review, record review, and interview, the administrator failed to ensure a personnel record was maintained for each personnel member to include documentation of compliance with the requirements in Arizona Revised Statutes (A.R.S.) \\'a7 36-425.03(E), for three of four personnel members sampled. The deficient practice posed a risk if E2 and E3 were a danger to a vulnerable population. Findings include: A.R.S. \\'a7 36-425.03(A) states \"Except as provided in subsections B, C and D of this section, children's behavioral health program personnel, including volunteers, shall submit the form prescribed in subsection E of this section to the employer and shall have a valid fingerprint clearance card issued pursuant to title 41, chapter 12, article 3.1 or, within seven working days after employment or beginning volunteer work, shall apply for a fingerprint clearance card.\" A.R.S. \\'a7 36-425.03(E) states \"Children's behavioral health program personnel shall certify on forms that are provided by the department and notarized that they are not awaiting trial on or have never been convicted of or admitted in open court or pursuant to a plea agreement to committing any of the offenses listed in section 41- 1758.03, subsection B or C in this state or similar offenses in another state or jurisdiction.\" 1. A review of E2's (hired in 2023) personnel record revealed E2 was hired as a behavioral health technician (BHT). E2's personnel record revealed a valid fingerprint clearance card. However, documentation of compliance with A.R.S. \\'a7 36-425.03(E) was not available for review. 2. A review of E3's (hired in 2024) personnel record revealed E3 was hired as a BHT. E3's personnel record revealed documentation of compliance with A.R.S. \\'a7 36-425.03(A) and A.R.S. \\'a7 36- 425.03(E), however, the document was not completed within seven working days after employment. 3. In an exit interview, the findings were reviewed with E1 and no further statements were made. Plan of Correction Name, title and/or Position of the Person Responsible Date temporary correction was implemented Date permanent correction will be complete Temporary Solution Permanent Solution Monitoring",
            "findings": ""
        },
        {
            "rule": "B. An administrator shall ensure that: 2. A resident is not subjected to: i. Restraint;",
            "evidence": "Based on documentation review, record review, and interview, the administrator failed to ensure a resident was not subjected to restraints. The deficient practice posed a health and safety risk to the residents. Findings include: 1. Arizona Administrative Code (A.A.C.) R9-10-101(199)\" \"Restraint\" means any physical or chemical method of restricting a patient's freedom of movement, physical activity, or access to the patient ' s own body.\" 2. A review of the facility's documentation revealed an incident report dated October 19, 2024. The incident report stated \"What Happened? The Member was having an individual session with the therapist. The therapist asked a question and [R3] refused to answer and started throwing tantrums. The therapist requested [R3] should take a minutes break. The therapist called the next kid in for individuals and [R3] escalated. [R3] was verbally and physically aggressive to the therapist. The member was punching and kicking the door. To prevent member from self- harm the member was restrained. minutes lated [sic] the member was calm and requested for time out in [R3's] room. The therapist had a session the member and [R3] appologized [sic] for [R3's] actions.\" 3. In an interview, E1 reported R3 was not restrained, and R3 was placed in a therapeutic hold, with the emergency safety response \"basket weave\" technique. 4. In an exit interview, the findings were reviewed with E1 and no further statements were made. Plan of Correction Name, title and/or Position of the Person Responsible Date temporary correction was implemented Date permanent correction will be complete Temporary Solution Permanent Solution Monitoring",
            "findings": ""
        },
        {
            "rule": "E. An administrator shall ensure that: 1. An emergency safety response is: a. Only used: i. By a personnel member trained to use an emergency safety response,",
            "evidence": "Based on documentation review and interview, the administrator failed to ensure an emergency safety response was only used by a personnel member trained to use an emergency safety response. The deficient practice posed a risk to R3 who was physically restrained by a personnel member without the training required to ensure an attempted emergency safety response was completed.",
            "findings": "1. A review of the facility's documentation revealed an incident report dated October 19, 2024. The incident report stated \"What Happened? The Member was having an individual session with the therapist. The therapist asked a question and [R3] refused to answer and started throwing tantrums. The therapist requested [R3] should take a minutes break. The therapist called the next kid in for individuals and [R3] escalated. [R3] was verbally and physically aggressive to the therapist. The member was punching and kicking the door. To prevent member from self- harm the member was restrained. minutes lated [sic] the member was calm and requested for time out in [R3's] room. The therapist had a session the member and [R3] appologized [sic] for [R3's] actions.\" 2. A review of E2's personnel record revealed E2 did not have emergency safety response training. 3. In an interview, E1 reported R3 was not restrained, and R3 was placed in a therapeutic hold, with the emergency safety response \"basket weave\" technique. 4. In an exit interview, the findings were reviewed with E1 and no further statements were made. Plan of Correction Name, title and/or Position of the Person Responsible Date temporary correction was implemented Date permanent correction will be complete Temporary Solution Permanent Solution Monitoring"
        }
    ]
}