{
    "legal_name": "GLORIOUS CARE PROJECT LLC",
    "facility_status": "Active",
    "address": "1087 West Avalon Canyon Drive, Casa Grande, AZ 85122",
    "license_status": "Active",
    "phone": "2406606597",
    "license_number": "BH8106",
    "max_licensed_capacity": "6",
    "license_effective_date": "12/20/2024",
    "chief_administrative_officer": "FRANKLIN FONUTCHI",
    "license_expires_date": "12/19/2025",
    "owner_licensee": "GLORIOUS CARE PROJECT LLC",
    "inspection_number": "INSP-0068489",
    "inspection_date": "11/18/2024",
    "inspection_type": "Compliance (Annual)",
    "certificate_number": "Initial Comments",
    "deficiencies": [
        {
            "rule": "An administrator shall ensure that: 2. Documentation of current contracted services is maintained that includes a description of the contracted services provided.",
            "evidence": "Based on record review and interview, the administrator failed to ensure documentation of current contracted services was maintained to include a description of the contracted services provided, for one contracted registered dietician (RD).",
            "findings": "1. A review of E3's personnel record revealed a contract with an expiration date of November 7, 2023. However a current contract to include a description of the contracted services was not available for review. 2. In an interview, E1 acknowledged a current contract for the RD was not available for review. Plan of Correction Name, title and/or Position of the Person Responsible Date temporary correction was implemented Date permanent correction will be complete 2025-01-06 Temporary Solution Permanent Solution Monitoring"
        },
        {
            "rule": "G. An administrator shall ensure that a personnel record is maintained for each personnel member, employee, volunteer, or student that includes: 3. Documentation of: f.",
            "evidence": "Based on record review and interview, the administrator failed to ensure a personnel record was maintained for each personnel member which included documentation of the individual's compliance with the requirements The individual ' s compliance with the requirements in A.R.S. \u00a7 8-804, if applicable; in A.R.S. \\'a7 8-804, for three of seven personnel records sampled. The deficient practice posed a risk as the Department was unable to determine substantial compliance.",
            "findings": "A.R.S. \\'a7 8-804(J) states \"Before being employed in a position that provides direct services to children or vulnerable adults pursuant to subsection B, paragraphs 4, 5 and 10 and 11 or subsections C and D and E of this section, employees shall certify, under penalty of perjury, on forms that are provided by the department whether an allegation of abuse or neglect was made against them and was substantiated. The forms are confidential. If this certification does not indicate a current investigation or a substantiated report of abuse or neglect, the employee may provide direct services pending the findings of the central registry check.\" 1. A review of E2's (contracted July 2024) personnel record revealed E2 was a behavioral health professional. However, E2's documentation in compliance with A.R.S. \\'a7 8-804 was not available for review. 2. A review of E4's (contracted September 2024) personnel record revealed E4 was a registered nurse. However, E4's documentation in compliance with A.R.S. \\'a7 8-804 was not available for review. 3. A review of E6's (hired June 2023) personnel record revealed E6 was a behavioral health technician. However, E6's documentation in compliance with A.R.S. \\'a7 8-804 was not available for review. 4. In an interview, E1 acknowledged E2's, E4's and E6's documentation in compliance with A.R.S. \\'a7 8-804 was not available for review. E1 also acknowledged that compliance with A.R.S. \\'a7 8-804 was not completed. Plan of Correction Name, title and/or Position of the Person Responsible Date temporary correction was implemented Date permanent correction will be complete 2025-01-06 Temporary Solution Permanent Solution Monitoring"
        },
        {
            "rule": "G. An administrator shall ensure that a personnel record is maintained for each personnel member, employee, volunteer, or student that includes: 3. Documentation of: g. If the individual is a behavioral health technician, clinical oversight required in R9-10-115;",
            "evidence": "Based on record review and interview, the administrator failed to ensure a personnel record was maintained to include documentation of clinical oversight, as required in Arizona Administrative Code (A.A.C.) R9-10-115, for one of eight personnel members sampled. The deficient practice posed a risk as a behavioral health technician provided clinical services they were not licensed to provide and were without clinical oversight by a licensed behavioral health professional.",
            "findings": "A.A.C. R9-10- 101.49.a.b.c.d. \"Clinical oversight\" means: Monitoring the behavioral health services provided by a behavioral health technician to ensure that the behavioral health technician is providing the behavioral health services according to the health care institution's policies and procedures and, if applicable, a patient's treatment plan; Providing on-going review of a behavioral health technician's skills and knowledge related to the provision of behavioral health services; Providing guidance to improve a behavioral health technician's skills and knowledge related to the provision of behavioral health services; and Recommending training for a behavioral health technician to improve the behavioral health technician's skills and knowledge related to the provision of behavioral health services. A.A.C. R9-10- 115(4) A behavioral health technician receives clinical oversight at least once during each two-week period, if the behavioral health technician provides services related to patient care at the health care institution during the two-week period. 1. A review of R1's, R2's R3's, R4's, and R5's medical records revealed E7 had provided group and individual counseling to R1, R2, R3, R4, and R5. 2. A review of E7's (hired as a behavioral technician) personnel record revealed documentation of clinical oversight was not available for review. 3. In an interview, E1 acknowledged E7's personnel record was not maintained to include documentation of clinical oversight. Plan of Correction Name, title and/or Position of the Person Responsible Temporary Solution Permanent Solution Date temporary correction was implemented Date permanent correction will be complete 2025-01-06 Monitoring"
        },
        {
            "rule": "G. An administrator shall ensure that a personnel record is maintained for each personnel member, employee, volunteer, or student that includes: 3. Documentation of: h. Cardiopulmonary resuscitation training, if required for the individual according to R9-10- 703(C)(1)(e); i. First aid training, if required for the individual according to this Article or policies and procedures; and",
            "evidence": "Based on record review and interview, the administrator failed to ensure a personnel record was maintained for each personnel member to include documentation of cardiopulmonary resuscitation (CPR) training, and first aid training, for one of three behavioral health technicians sampled. The deficient practice posed a risk if E7 was unable to meet a resident's needs during an emergency or during an accident. Findings include: 1. A review of E7's (hired as a behavioral health technician) personnel record revealed documentation of CPR and first aid training. However, the training expired in August 2024. 2. In an interview, E1 acknowledged documentation of current CPR and first aid training was not available for review and was unsure if E7 had completed another CPR and first aid training. Plan of Correction Name, title and/or Position of the Person Responsible Date temporary correction was implemented Date permanent correction will be complete 2025-01-06 Temporary Solution Permanent Solution Monitoring",
            "findings": ""
        },
        {
            "rule": "A. An administrator shall ensure that: 13. Except as provided in subsection (E)(1)(d), a resident provides",
            "evidence": "of freedom from infectious tuberculosis: a. Before or within seven calendar days after the resident's admission, and b. As specified in R9-10-113. Evidence Based on record review and interview, the administrator failed to ensure a resident provided evidence of freedom from infectious tuberculosis (TB) before or within seven calendar days after the resident's admission, and as specified in R9-10-113(A)(2), for one of five residents sampled. The deficient practice posed a potential TB exposure risk to residents.",
            "findings": "R9-10-113.A.2.a.(i- iii) If a health care institution is subject to the requirements of this Section, as specified in an Article in this Chapter, the health care institution's chief administrative officer shall ensure that the health care institution establishes, documents, and implements tuberculosis infection control activities that: 2. Include: a. For each individual who is employed by the health care institution, provides volunteer services for the health care institution, or is admitted to the health care institution and who is subject to the requirements of this Section, baseline screening, on or before the date specified in the applicable Article of this Chapter, that consists of: i. Assessing risks of prior exposure to infectious tuberculosis, ii. Determining if the individual has signs or symptoms of tuberculosis, and iii. Obtaining documentation of the individual's freedom from infectious tuberculosis according to subsection (B)(1); 1. A review of R3's medical record revealed evidence of freedom from infectious TB as specified in R9-10-113(A)(2) was not available for review. 2. In an interview, E1 acknowledged the documentation for evidence of freedom from infectious tuberculosis specified in R9- 10-113, was not available for review for R3. Plan of Correction Name, title and/or Position of the Person Responsible Date temporary correction was implemented Date permanent correction will be complete 2025-01-06 Temporary Solution Permanent Solution Monitoring"
        },
        {
            "rule": "C. An administrator shall: 1. Obtain a fire inspection conducted according to the time- frame established by the local fire department or the State Fire Marshal,",
            "evidence": "Based on observation and interview, the administrator failed to obtain a fire inspection according to the time-frame by the local fire department or the State Fire Marshal. Finding include: 1. The Compliance Officer observed an expired (August 12, 2022) fire permit from the City of Casa Grande, with inspection number AH2208120946TERMIN, posted on the premises. The bottom of the inspection report stating \"Annual Fire and Safety Inspection.\" 2. The Compliance Officer requested to review a current fire inspection report. However, a current fire inspection report was not provided for review. 3. In an interview E1 acknowledged E1 was not in compliance with R9-10-720.C.1. Plan of Correction Name, title and/or Position of the Person Responsible Date temporary correction was implemented Date permanent correction will be complete 2025-01-06 Temporary Solution Permanent Solution Monitoring",
            "findings": ""
        }
    ]
}