{
    "legal_name": "GOLDEN HEART CARE",
    "facility_status": "Active",
    "address": "7250 North 23rd Avenue, Phoenix, AZ 85021",
    "license_status": "Active",
    "phone": "6232481162",
    "license_number": "BH6195",
    "max_licensed_capacity": "5",
    "license_effective_date": "4/10/2025",
    "chief_administrative_officer": "CARLOS VILLICANA",
    "license_expires_date": "4/9/2026",
    "owner_licensee": "GOLDEN HEART CARE, LLC",
    "inspection_number": "INSP-0068614",
    "inspection_date": "6/11/2024",
    "inspection_type": "Compliance (Initial)",
    "certificate_number": "Initial Comments",
    "deficiencies": "no deficiencies"
}