{
    "legal_name": "GOLDEN HEART CARE",
    "facility_status": "Active",
    "address": "7250 North 23rd Avenue, Phoenix, AZ 85021",
    "license_status": "Active",
    "phone": "6232481162",
    "license_number": "BH6195",
    "max_licensed_capacity": "5",
    "license_effective_date": "4/10/2025",
    "chief_administrative_officer": "CARLOS VILLICANA",
    "license_expires_date": "4/9/2026",
    "owner_licensee": "GOLDEN HEART CARE, LLC",
    "inspection_number": "INSP-0068612",
    "inspection_date": "5/19/2023",
    "inspection_type": "Compliance (Annual)",
    "certificate_number": "Initial Comments",
    "deficiencies": [
        {
            "rule": "36-420.01. Health care institutions; fall prevention and fall recovery; training programs; definition A. Each health care institution shall develop and administer a training program for all staff regarding fall prevention and fall recovery. The training program shall include initial training and continued competency training in fall prevention and fall recovery. A health care institution may use information and training materials from the department's Arizona falls prevention coalition in developing the training program.",
            "evidence": "Based on documentation review, record review and interview, the health care institution failed to administer a training program for all staff regarding fall prevention and fall recovery to include initial training and continued competency training in fall prevention and fall recovery. The deficient practice posed a risk as the Department was unable to determine substantial compliance as the documentation was not in the personnel records during the inspection, and the documentation was not provided within two hours after a Department request.",
            "findings": "1. A review of the facility's policies and procedures revealed an undated policy titled \"Section 22. Training.\" The policy stated \"Fall Prevention is a training to help prevent an unexpected fall. It is a defensive tool to help our members as best as we can to prevent he/she from falling. Fall prevention is complete for every new hire at new hire training. This will be completed annually thereafter or as needed. Education can be found on the website at https://ncoa.org/older- adults/health/prevention/falls-prevention\". 2. A review of E2's and E3's personnel records revealed documentation of initial training or continued competency training in fall prevention and fall recovery was not available for review. 3. In a interview, E1 reported staff are trained by reading through the aforementioned website, and a form is kept in their personnel records to indicate completed fall prevention and fall recovery training. E1 acknowledged there was no documentation in E2's and E3's personnel records to indicate the facility administered a training program for all staff regarding fall prevention and fall recovery. This is a repeat citation from the previous on-site compliance inspection conducted on May 23, 2022. Plan of Correction Name, title and/or Position of the Person Responsible Date temporary correction was implemented Date permanent correction will be complete 2023-06-18 Temporary Solution Permanent Solution Monitoring"
        },
        {
            "rule": "C. An administrator shall ensure that: 5. Unless otherwise stated: a. Documentation required by this Article is provided to the Department within two hours after a Department request; and",
            "evidence": "Based on record review and interview, the administrator failed to ensure documentation required by this Article was provided to the Department within two hours after a Department request. The deficient practice posed a risk as the Department was unable to determine substantial compliance. Findings include: 1. A review of the facility's policies and procedures revealed a policy titled \"Behavioral Health Professional.\" The policy stated: \"General: The Behavioral Health Professional (BHP) shall provide Clinical Oversight at Golden Heart Care in accordance with the following: Duties and Responsibilities: The BHP collaborates with the agency Administrator to provide clinical oversight to staff (BHPP's and BHT's). Monitors the behavioral health services provided by a behavioral health technician (BHT) and/or a behavioral health paraprofessional (BHPP) to ensure that the BHT or BHPP provides services in accordance with agency policies and procedures. (Note: An RN, employed as a BHT may be supervised by the BHP provided the RN performs no nursing responsibilities for the agency and is not employed by the agency in a nursing capacity.) Provides on-going review of a BHT and BHPP skills and knowledge related to their ability to provide behavioral health services to group home clients. Provides guidance to improve a BHT's or BHPP's job skills and knowledge.\" However, the policy did not include the required skills and knowledge for a BHP. 2. A review of E2's personnel record revealed E2 was hired as a BHP. However, documentation to demonstrate E2's skills and knowledge were verified and documented was not available for review. 3. A review of E2's personnel record revealed E2 was hired as a BHP. However, documentation of E2's completed orientation was not available for review. 4. A review of R1's medical record revealed individual counseling session notes dated May 11, 2023 and May 18, 2023. However, documentation to demonstrate R1 received individual counseling two times weekly for 30 minute sessions prior to May 11, 2023, as indicated in R1's treatment plan, was not available for review. 5. A review of R2's medical record revealed individual counseling session notes for May 11, 2023 and May 16, 2023. However, documentation to demonstrate R2 received individual counseling two times weekly for 30 minute sessions prior to May 11, 2023, as indicated in R2's treatment plan, was not available for review. 6. A review of E2's and E3's personnel records revealed documentation of initial training or continued competency training in fall prevention and fall recovery was not available for review. 7. In an interview, E1 acknowledged documentation required by this Article was not provided to the Department within two hours after a Department request. Plan of Correction Name, title and/or Position of the Person Responsible Date temporary correction was implemented Date permanent correction will be complete 2023-06-18 Temporary Solution Permanent Solution Monitoring",
            "findings": ""
        },
        {
            "rule": "B. An administrator shall ensure that: 2. A",
            "evidence": "Based on documentation review, record personnel member's skills and knowledge are verified and documented: a. Before the personnel member provides physical health services or behavioral health services, and b. According to policies and procedures; and review, and interview, the administrator failed to ensure a personnel member's skills and knowledge was verified and documented before the personnel member provided behavioral health services, and according to policies and procedures, for one of three personnel members sampled. The deficient practice posed a risk if a personnel member was unable to meet a resident's needs, the Department was unable to determine substantial compliance as the documentation was not in the personnel records during the inspection, and the documentation was not provided within two hours after a Department request.",
            "findings": "1. A review of the facility's policies and procedures revealed a policy titled \"Behavioral Health Professional.\" The policy stated: \"General: The Behavioral Health Professional (BHP) shall provide Clinical Oversight at Golden Heart Care in accordance with the following: Duties and Responsibilities: The BHP collaborates with the agency Administrator to provide clinical oversight to staff (BHPP'S and BHT'S). Monitors the behavioral health services provided by a behavioral health technician (BHT) and/or a behavioral health paraprofessional (BHPP) to ensure that the BHT or BHPP provides services in accordance with agency policies and procedures. (Note: An RN, employed as a BHT may be supervised by the BHP provided the RN performs no nursing responsibilities for the agency and is not employed by the agency in a nursing capacity.) Provides on-going review of a BHT and BHPP skills and knowledge related to their ability to provide behavioral health services to group home clients. Provides guidance to improve a BHT's or BHPP's job skills and knowledge.\" However, the policy did not include the required skills and knowledge for a BHP. 2. A review of E2's personnel record revealed E2 was hired as a BHP. However, documentation to demonstrate E2's skills and knowledge were verified and documented was not available for review. 3. In an interview, E1 acknowledged E2's skills and knowledge were not verified and documented before E2 provided behavioral health services and according to policies and procedures. Plan of Correction Name, title and/or Position of the Person Responsible Temporary Solution Permanent Solution Date temporary correction was implemented Date permanent correction will be complete 2023-06-18 Monitoring"
        },
        {
            "rule": "E. An administrator shall ensure that: 2. A personnel member completes orientation before providing behavioral health services or physical health services;",
            "evidence": "Based on documentation review, record review, and interview, the administrator failed to ensure a personnel member completed orientation before providing behavioral health services, for one of three personnel members sampled. The deficient practice posed a risk if a personnel member was unable to meet a resident's needs, the Department was unable to determine substantial compliance as the documentation was not in the personnel records during the inspection, and the documentation was not provided within two hours after a Department request. Findings include: 1. Arizona Administrative Code (A.A.C.) R9-10-101(153) states \"Orientation\" means: \"the initial instruction and information provided to an individual before the individual starts work or volunteer services in a health care institution.\" 2. A review of the facility's policies and procedures revealed an undated policy titled \"Section 22. Training Required Training.\" The policy stated: \"All Golden Heart Care employees participate in an extensive New Employee Orientation that meets the requirements of our funding sources. Some of these include: Incident Report Writing, Clinical Progress Notes documentation, Medication Administration Training, First Aid/CPR, ABC Analysis training, clinical book documentation training, fall prevention training and more. These classes occur in a classroom setting. New Employee Orientation provides detailed information about the type of work and services the company performs; the expectation of excellence in services provided; the techniques, knowledge and skills used in delivering services; and the rules, regulations, and procedures governing the services the company provides. All employees are required to complete the New Employee Orientation before working a regular shift. Continued employment with Golden Heart Care relies on the successful completion of New Employee Orientation...All orientation paperwork will be scanned into Yellowstone in the employees file.\" 3. A review of E2's personnel record revealed E2 was hired as a Behavioral Health Professional (BHP). However, documentation of E2's completed orientation was not available for review. 4. In an interview, E1 acknowledged E2's orientation was not completed prior to E2 providing behavioral health services. Plan of Correction Name, title and/or Position of the Person Responsible Date temporary correction was implemented Date permanent correction will be complete 2023-06-18 Temporary Solution Permanent Solution Monitoring",
            "findings": ""
        },
        {
            "rule": "A. An administrator shall ensure that: 1. The requirements in subsection (B) and the resident rights in subsection (E) are conspicuously posted on the premises;",
            "evidence": "Based on observation and interview, the administrator failed to ensure the requirements in subsection (B) and the resident rights in subsection (E) were conspicuously posted on the premises.",
            "findings": "1. During the environmental inspection of the facility, the Compliance Officer did not observe the requirements in subsection (B) and the resident rights in subsection (E) conspicuously posted on the premises. 2. In an interview, E1 acknowledged the requirements and the rights from subsections (B) and (E) were not conspicuously posted on the premises. Plan of Correction Name, title and/or Position of the Person Responsible Date temporary correction was implemented Date permanent correction will be complete 2023-06-18 Temporary Solution Permanent Solution Monitoring"
        },
        {
            "rule": "B. An administrator shall ensure that counseling is: 2. Provided according to the frequency and number of hours identified in the resident's treatment plan, and",
            "evidence": "Based on record review and interview, the administrator failed to ensure counseling was provided according to the frequency and number of hours identified in the resident's treatment plan, for two of two residents sampled. The deficient practice posed a risk if a resident did not receive treatment to cure, improve, or palliate their behavioral health issue at the health care institution. Findings include: 1. A review of R1's medical record revealed a treatment plan dated April 25, 2023. The treatment plan stated \"Objective(s): [R1] will complete counseling 2 times weekly for 30 minute sessions.\" 2. A review of R1's medical record revealed individual counseling session notes for May 11, 2023 and May 18, 2023. However, documentation to demonstrate R1 received individual counseling two times weekly for 30 minute sessions prior to May 11, 2023, as indicated in R1's treatment plan, was not available for review. 3. A review of R2's medical record revealed a treatment plan dated April 25, 2023. The treatment plan stated \"Objective(s): [R2] will complete counseling two times weekly (30-minute sessions each).\" 4. A review of R2's medical record revealed individual counseling sessions notes for May 11, 2023 and May 16, 2023. However, documentation to demonstrate R2 received individual counseling two times weekly for 30 minute sessions prior to May 11, 2023, as indicated in R2's treatment plan, was not available for review. 5. In an interview, E1 acknowledged counseling was not provided according to the frequency in R1's and R2's treatment plans. This is a repeat citation from the previous on-site compliance inspection conducted on May 23, 2022. Plan of Correction Name, title and/or Position of the Person Responsible Date temporary correction was implemented Date permanent correction will be complete 2023-06-18 Temporary Solution Permanent Solution Monitoring",
            "findings": ""
        }
    ]
}