{
    "legal_name": "GOLDEN HEART CARE",
    "facility_status": "Active",
    "address": "7250 North 23rd Avenue, Phoenix, AZ 85021",
    "license_status": "Active",
    "phone": "6232481162",
    "license_number": "BH6195",
    "max_licensed_capacity": "5",
    "license_effective_date": "4/10/2025",
    "chief_administrative_officer": "CARLOS VILLICANA",
    "license_expires_date": "4/9/2026",
    "owner_licensee": "GOLDEN HEART CARE, LLC",
    "inspection_number": "INSP-0097220",
    "inspection_date": "2/19/2025",
    "inspection_type": "Complaint;Compliance (Annual)",
    "certificate_number": "Initial Comments",
    "deficiencies": [
        {
            "rule": "R9-10-706.B.3.b. Personnel B. An administrator shall ensure that: 3. Sufficient personnel members are present on a behavioral health residential facility's premises with the qualifications, experience, skills, and knowledge necessary to: b. Meet the needs of a resident, and",
            "evidence": "Based on documentation review, record review, and interview, the administrator failed to ensure sufficient personnel members were present on a behavioral health residential facility's premises with the qualifications and experience necessary to meet the needs of a resident. The deficient practice posed a risk as R1 self harmed at the facility.",
            "findings": "1. A review of Department documentation revealed BH5290 was licensed to provide behavioral health services to individuals whose behavioral health issue limits the individuals' ability to function independently. 2. A review of R1's medical record revealed R1 had a guardian. 3. A review of facility documentation revealed an incident report, dated January 27, 2025. The incident report stated \"January 25, 2025 at approximately 19:45, member [R1] was preparing for medication self administration. [R1] stated to staff 1 that [R1] wanted to use the restroom. [R1] spent approximately 15 minutes in the restroom before staff 1 asked [R1] if [R1] was ok and that it was time for medication administration and cigarette break time. [R1] then came out of the restroom and presented being positive and showed no signs of agitations/being upset. [R1] proceeded to step outside into the designated smoking area. While staff put away an item, [R1] showed [R1's] peer cuts (who was outside at the designated smoking area located on [R1's] left shoulder area. [R1's] peer stated to staff 1 and 2 to check [R1's] arm because [R1] cut [R1]...[R1] was asked if [R1] cut [R1] and where and [R1] was in denial. [R1] continued to be in denial until after approximately 10-15 attempts of having [R1] show staff the cuts. [R1] states that [R1] cut [R1] with a small light bulb. [R1] did not confiscate the light bulb to staff at this time after approximately 10 attempts. [R1] proceeded to go into [R1's] bedroom and at this time [R1] stated to staff that [R1] cut [R1] but [R1] did not want to report the incident nor did [R1] want to show the cuts. [R1] eventually showed [R1's] shoulder. [R1[ was asked again if [R1] could turn in the light bulb [R1] used and [R1] refused. [R1] was asked where [R1] grabbed the light bulb from and [R1] stated the office drawer...While [R1] was outside (at approximately 8:30), [R1] attempted to leave through the backyard gate and was unsuccessful. [R1] went back inside the home and into the master bedroom bathroom where [R1] closed [R1] in again. Staff 1 continued to get [R1] to step out of the bathroom. During this time, staff 1 advised staff 2 to contact the Crisis team. The Crisis team was contacted at approximately 20:40; Approximately 2 minutes after the crisis team was notified, [R1] stepped outside of the bathroom and turned on [sic] the light bulb...[R1] was monitored the entire time until the Crisis team...arrived at the facility. At approximately 23:00, the crisis team arrived at the home and spoke with staff 1, 2 and [R1]. [R1] stated to the crisis team that [R1] was not suicidal. The crisis team...asked [R1] if [R1] wanted to seek a higher level of care and [R1] stated yes. The crisis team contacted Valley hospital and asked if there was bed (s) available and the inpatient team...\" 4. In a joint interview, E2 reported R1 was on a one on one with staff, and staff were always present with R1. E1 and E2 acknowledged R1 was able to obtain a lightbulb when staff were not looking, and later used the lightbulb to self harm. 5. In an exit interview, the findings were reviewed with E1 and E2, and no further statements or documentation were provided. Plan of Correction Name, title and/or Position of the Person Responsible CARLOS VILLICANA - DISTRICT DIRECTOR Date temporary correction was implemented 2025-02-19 Date permanent correction will be complete 2025-02-19 Temporary Solution Effective immediately, the following temporary measures were implemented to address the staffing deficiency and ensure resident safety: A 1:1 staffing ratio or enhanced supervision schedule is assigned and visibly posted in the BHRF to ensure residents with high acuity or limited functional independence receive continuous, appropriate care. All BHT staff have been verbally re-briefed on the staffing expectations, ensuring they understand their responsibilities in providing constant oversight for high-need residents. Daily environmental compliance checks are conducted by on-shift BHTs to confirm: All sharps and hazardous materials are secured and locked. Any potentially dangerous items are removed from client access. All glass fixtures have been removed from the BHRF and relocated to the corporate office. A temporary internal directive bans any future use of glass items in resident-accessible areas. Permanent Solution Staffing Protocols Updated: Facility policies will be revised to formalize requirements for assigning 1:1 supervision for residents identified as high-risk, high-need, or with limited independence. Staffing levels will be based on resident acuity and documented in the staffing schedule reviewed daily by the Program Manager. Staff Training Implementation: Visual line-of-sight requirements Continuous protective oversight Proper incident reporting procedures Environmental Safety Policy: Inventory control will ensure no prohibited items are introduced into the residential setting. Monitoring The facility will implement the following monitoring procedures to ensure continued compliance: Daily Oversight: BHTs will complete a Daily Safety and Staffing Checklist during each shift, documenting supervision levels and environmental safety compliance (e.g., sharps secured, glass absence). The on- duty supervisor will sign off on this checklist and store it in a centralized binder. Weekly Administrative Audits: The Administrator or designee will perform weekly audits of staffing schedules, staff-to-client ratios, and training logs to verify alignment with resident needs. Any deviations or gaps will be corrected within 24 hours with additional staff deployment or retraining. Monthly Quality Review: A monthly compliance meeting will be held by the leadership team to review staffing adequacy, incident reports, and safety compliance findings. Corrective action plans will be implemented based on trends or deficiencies identified in these reviews."
        },
        {
            "rule": "R9-10-706.F.2. Personnel F. An administrator shall ensure that a personnel member, or an employee, a volunteer, or a student who has or is expected to have more than eight hours of direct interaction per week with residents, provides",
            "evidence": "of freedom from infectious tuberculosis: 2. As specified in R9-10-113. Evidence Based on record review and interview, the administrator failed to ensure a personnel member provided evidence of freedom from infectious tuberculosis (TB), as specified in Arizona Administrative Code (A.A.C.) R9-10- 113(B)(1)(a)(i) and R9-10-113(A)(2) for one of four personnel sampled. The deficient practice posed a potential TB infection risk to residents.",
            "findings": "Arizona Administrative Code (A.A.C.) R9-10- 113(B)(1)(a)(i) A health care institution's chief administrative officer shall: 1. For an individual for whom baseline screening and documentation of freedom from infectious tuberculosis is required by an Article in this Chapter, as specific in subsection (A)(2)(a), obtain one of the following as evidence of freedom from infectious tuberculosis: a. Documentation of a negative Mantoux skin test or other tuberculosis screening test that: i. Is recommended by the U.S. Centers for Disease Control and Prevention (CDC). Arizona Administrative Code (A.A.C.) R9-10- 113(A)(2) If a health care institution is subject to the requirements of this Section, as specified in an Article in this Chapter, the health care institution's chief administrative officer shall ensure that the health care institution establishes, documents, and implements tuberculosis infection control activities that: 2. Include: a. For each individual who is employed by the health care institution, provides volunteer services for the health care institution, or is admitted to the health care institution and who is subject to the requirements of this Section, baseline screening, on or before the date specified in the applicable Article of this Chapter, that consists of: i. Assessing risks of prior exposure to infectious tuberculosis, ii. Determining if the individual has signs or symptoms of tuberculosis, and iii. Obtaining documentation of the individual's freedom from infectious tuberculosis according to subsection (B)(1). 1. A review of the CDC website revealed a web page titled \"TB Screening and Testing of Health Care Personnel.\" The web page stated \"If the Mantoux tuberculin skin test (TST) is used to test health care personnel upon hire (preplacement), two-step testing should be used.\" 2. A review of E3's personnel record (hired in 2024) revealed E3's personnel record included an initial TST test. However, documentation of E3's freedom of infectious TB, per R9-10-113 (A)(2)(iii) of two-step testing, and documentation of baseline screening consisting of assessing risks of prior exposure to infectious TB was not available for review. 3. A review of E4's personnel record (hired in 2024) revealed E4's personnel record included an initial TST test. However, documentation of E4's freedom of infectious TB, per R9-10-113 (A)(2)(iii) of two-step testing, and documentation of baseline screening consisting of assessing risks of prior exposure to infectious TB was not available for review. 4. In an exit interview, the findings were reviewed with E1 and E2, and no further statements or documentation was provided. Plan of Correction Name, title and/or Position of the Person Responsible CARLOS VILLICANA - DISTRICT DIRECTOR Date temporary correction was implemented 2025-02-19 Temporary Solution To immediately address the cited deficiency: A TB Screening Questionnaire was implemented for all staff as an interim safeguard. This questionnaire includes: Travel history to regions with elevated TB prevalence Exposure to individuals known or suspected to have TB Any TB-like symptoms (e.g., chronic cough, night sweats, weight loss) All current staff have Date permanent correction will be complete 2025-02-19 been required to complete this TB questionnaire. The personnel member identified as deficient has since submitted updated documentation confirming freedom from infectious TB. All staff are scheduling their second TB test within 1 year. There is documentation of the scheduled TB tests (second TBs) for each employee. Permanent Solution Each employee when hired, will have 1 TB test upon new hire and a second within 1 year of that date. A TB questionnaire will also be completed. Monitoring Personnel Record Audits: The Administrator or Office Coordinator will conduct monthly audits of all staff files to ensure TB documentation is up-to-date and properly filed. 2 TB test structure: 2 TB Tests will be complete within a year and documentation of the scheduled second TB will be available in the form of a \"Shared note\"."
        },
        {
            "rule": "R9-10-716.A.2.b. Behavioral Health Services A. An administrator shall ensure that: 2. If a behavioral health residential facility is licensed to provide behavioral health services to individuals whose behavioral health issue limits the individuals' ability to function independently, a resident admitted to the behavioral health residential facility with limited ability to function independently receives: b. Continuous protective oversight;",
            "evidence": "Based on documentation review, record review and interview, the administrator failed to ensure a resident admitted to the behavioral health residential facility with limited ability to function independently received continuous protective oversight. The deficient practice posed a risk as R1 was able to self harm.",
            "findings": "1. A review of Department documentation revealed BH5290 was licensed to provide behavioral health services to individuals whose behavioral health issue limits the individuals' ability to function independently. 2. A review of R1's medical record revealed R1 had a guardian. 3. A review of facility documentation revealed an incident report, dated January 27, 2025. The incident report stated \"January 25, 2025 at approximately 19:45, member [R1] was preparing for medication self administration. [R1] stated to staff 1 that [R1] wanted to use the restroom. [R1] spent approximately 15 minutes in the restroom before staff 1 asked [R1] if [R1] was ok and that it was time for medication administration and cigarette break time. [R1] then came out of the restroom and presented being positive and showed no signs of agitations/being upset. [R1] proceeded to step outside into the designated smoking area. While staff put away an item, [R1] showed [R1's] peer cuts (who was outside at the designated smoking area located on [R1's] left shoulder area. [R1's] peer stated to staff 1 and 2 to check [R1's] arm because [R1] cut [R1]...[R1] was asked if [R1] cut [R1] and where and [R1] was in denial. [R1] continued to be in denial until after approximately 10-15 attempts of having [R1] show staff the cuts. [R1] states that [R1] cut [R1] with a small light bulb. [R1] did not confiscate the light bulb to staff at this time after approximately 10 attempts. [R1] proceeded to go into [R1's] bedroom and at this time [R1] stated to staff that [R1] cut [R1] but [R1] did not want to report the incident nor did [R1] want to show the cuts. [R1] eventually showed [R1's] shoulder. [R1[ was asked again if [R1] could turn in the light bulb [R1] used and [R1] refused. [R1] was asked where [R1] grabbed the light bulb from and [R1] stated the office drawer...While [R1] was outside (at approximately 8:30), [R1] attempted to leave through the backyard gate and was unsuccessful. [R1] went back inside the home and into the master bedroom bathroom where [R1] closed [R1] in again. Staff 1 continued to get [R1] to step out of the bathroom. During this time, staff 1 advised staff 2 to contact the Crisis team. The Crisis team was contacted at approximately 20:40; Approximately 2 minutes after the crisis team was notified, [R1] stepped outside of the bathroom and turned on [sic] the light bulb...[R1] was monitored the entire time until the Crisis team...arrived at the facility. At approximately 23:00, the crisis team arrived at the home and spoke with staff 1, 2 and [R1]. [R1] stated to the crisis team that [R1] was not suicidal. The crisis team...asked [R1] if [R1] wanted to seek a higher level of care and [R1] stated yes. The crisis team contacted Valley hospital and asked if there was bed (s) available and the inpatient team...\" 4. In a joint interview, E2 reported R1 was on a one on one with staff, and staff were always present with R1. E1 and E2 acknowledged R1 was able to obtain a lightbulb when staff were not looking, and later used the lightbulb to self harm. Additionally, E1 and E2 acknowledged R1 was unsupervised in the backyard area, while a staff member went to put an item away, as stated in the incident report. 5. In an exit interview, the findings were discussed with E1 and E2, and no additional statements or documentation were provided. Plan of Correction Name, title and/or Position of the Person Responsible CARLOS VILLICANA - DISTRICT DIRECTOR Date temporary correction was implemented 2025-02-19 Date permanent correction will be complete 2025-02-19 Temporary Solution Effective immediately upon identification of the deficiency, a temporary staffing protocol has been implemented: A 1:1 staffing ratio or enhanced supervision level will be assigned for any resident that it is requested for. A staffing schedule reflecting this 1:1 or enhanced oversight will be posted visibly within the BHRF and reviewed daily by the Program Manager or Administrator. All current staff have been verbally informed of the required continuous protective oversight expectations for high-risk residents, including the need for visual line of sight at all times. Permanent Solution To ensure sustained compliance and resident safety, the following permanent corrective measures will be implemented: Staff Training: A mandatory one-hour in-service training will be conducted for all direct care staff and supervisors who serve 1:1 member\u2019s.. This training will cover: Identification of high-need and high-risk residents Requirements for continuous protective oversight Use of visual line-of-sight monitoring Prompt reporting procedures for non-compliance or concerns Training will be documented, and all new hires will receive this training during onboarding. Monitoring To ensure ongoing compliance with protective oversight requirements: The Program Manager or Designee will conduct weekly audits of staffing schedules and ensure posted 1:1 assignments are accurate and implemented. A monthly quality assurance review will be led by the board of directors to evaluate the effectiveness of the staffing protocols and revise them as needed. Any failure to maintain protective oversight will result in immediate corrective action, up to and including staff retraining or disciplinary measures."
        },
        {
            "rule": "R9-10-716.A.7.a. Behavioral Health Services A. An administrator shall ensure that: 7. A resident does not: a. Use or have access to any materials, furnishings, or equipment or participate in any activity or treatment that may present a threat to the resident's health or safety based on the resident's documented diagnosis, treatment needs, developmental levels, social skills, verbal skills, or personal history; or",
            "evidence": "Based on observation, record review, documentation review and interview, the administrator failed to ensure a resident did not have access to any materials to present a threat to the resident's health or safety based on the resident's documented personal history. The deficient practice posed a risk as residents had access to harmful materials while admitted into a behavioral health residential facility.",
            "findings": "R9-10-101.32. \"Behavioral health issue\" means an individual's condition related to a mental disorder, a personality disorder, substance abuse, or a significant psychological or behavioral response to an identifiable stressor or stressors. 1. During an environmental tour of the facility, the Compliance Officer observed, in an unlocked kitchen drawer, one pizza cutter and one food grater with sharp edges. 2. A review of R1's (discharged 2025) medical record revealed a behavioral health assessment dated in 2024. The document stated \"What is the risk? [R1] will attempt to cut [R1] and/or elope from the facility.\" 3. A review of facility documentation revealed an incident report, dated January 27, 2025. The incident report stated \"January 25, 2025 at approximately 19:45, member [R1] was preparing for medication self administration. [R1] stated to staff 1 that [R1] wanted to use the restroom. [R1] spent approximately 15 minutes in the restroom before staff 1 asked [R1] if [R1] was ok and that it was time for medication administration and cigarette break time. [R1] then came out of the restroom and presented being positive and showed no signs of agitations/being upset. [R1] proceeded to step outside into the designated smoking area. While staff put away an item, [R1] showed [R1's] peer cuts (who was outside at the designated smoking area located on [R1's] left shoulder area. [R1's] peer stated to staff 1 and 2 to check [R1's] arm because [R1] cut [R1]...[R1] was asked if [R1] cut [R1] and where and [R1] was in denial. [R1] continued to be in denial until after approximately 10-15 attempts of having [R1] show staff the cuts. [R1] states that [R1] cut [R1] with a small light bulb. [R1] did not confiscate the light bulb to staff at this time after approximately 10 attempts. [R1] proceeded to go into [R1's] bedroom and at this time [R1] stated to staff that [R1] cut [R1] but [R1] did not want to report the incident nor did [R1] want to show the cuts. [R1] eventually showed [R1's] shoulder. [R1[ was asked again if [R1] could turn in the light bulb [R1] used and [R1] refused. [R1] was asked where [R1] grabbed the light bulb from and [R1] stated the office drawer...While [R1] was outside (at approximately 8:30), [R1] attempted to leave through the backyard gate and was unsuccessful. [R1] went back inside the home and into the master bedroom bathroom where [R1] closed [R1] in again. Staff 1 continued to get [R1] to step out of the bathroom. During this time, staff 1 advised staff 2 to contact the Crisis team. The Crisis team was contacted at approximately 20:40; Approximately 2 minutes after the crisis team was notified, [R1] stepped outside of the bathroom and turned on [sic] the light bulb... [R1] was monitored the entire time until the Crisis team...arrived at the facility. At approximately 23:00, the crisis team arrived at the home and spoke with staff 1, 2 and [R1]. [R1] stated to the crisis team that [R1] was not suicidal. The crisis team...asked [R1] if [R1] wanted to seek a higher level of care and [R1] stated yes. The crisis team contacted Valley hospital and asked if there was bed (s) available and the inpatient team...\" 4. A review of R2's (a current resident) medical record revealed a nursing assessment dated in 2025. The document stated \"...[R2] told RN [R2] cuts [R2] with whatever sharp object [R2] can find...\" 5. A review of R2's medical record revealed a behavioral health assessment dated in 2025. The document stated \"[R2] struggles a lot with anxiety which will lead to bad decision(s) such as physical aggression, sexual comments/statements, threatening other(s) and suicidal ideation...\" 6. In a joint interview, E2 reported R1 was on a one on one with staff, and staff were always present with R1. E1 and E2 acknowledged R1 was able to obtain a lightbulb when staff were not looking, and later used the lightbulb to self harm. 7. In an exit interview, the findings were reviewed with E1 and E2 and no further statements were made. Plan of Correction Name, title and/or Position of the Person Responsible CARLOS VILLICANA - DISTRICT DIRECTOR Date temporary correction was implemented 2025-02-19 Date permanent correction will be complete 2025-02-19 Temporary Solution Temporary Solution: 1. Temporary Corrective Actions Taken: Effective immediately, the facility implemented the following interim safety measures: Daily Environmental Compliance Checks: On-shift Behavioral Health Technicians (BHTs) now conduct daily environmental checks to ensure: All sharps and hazardous materials are properly locked and secured. Potentially dangerous items are identified and removed from client-accessible areas. These checks are documented per shift and reviewed by the shift supervisor. Permanent Solution To prevent recurrence and protect resident safety, the following long-term corrective measures are being adopted: Environmental Safety Policy Implementation: Staff on shift will ensure conducting consistent room checks and will check member's belongings upon returning from community outings. Staff members will ensure all hazardous item(s) are stored properly. Inventory Control Protocol: Any request to bring new household items into the facility must be approved by the Administrator or Program Manager after a safety assessment. Monitoring Weekly Safety Audits: The Administrator or designee will conduct weekly safety audits of the facility, including random inspections of kitchens, bathrooms, and communal areas. Any violations found will be corrected immediately, and a follow-up training will be provided if necessary. Monthly Policy Review Meeting: A monthly staff meeting will include review and discussion of recent safety compliance findings. Any updates to the prohibited items list or safety procedures will be discussed and acknowledged by staff in writing."
        },
        {
            "rule": "R9-10-718.C.6.a. Medication Services C. If a behavioral health residential facility provides assistance in the self-administration of medication, an administrator shall ensure that: 6. Assistance in the self-administration of medication provided to a resident: a. Is in compliance with an order, and",
            "evidence": "Based on record review, documentation review, and interview, the administrator failed to ensure assistance in the self- administration of medication was provided to a resident in compliance with an order. The deficient practice posed a risk if R2 experienced a change in condition due to not taking the prescribed medication.",
            "findings": "1. A review of R2's medical record revealed a medication order, dated February 11, 2025. The order stated stated \"Rexulti 0.25 mg take 1 tablet by mouth every night.\" 2. A review of R2's medical record revealed a medication administration record (MAR) dated February 2025. The MAR revealed assistance in the self- administration of medication for \"Rexulti 0.25 mg\" was provided on February 18, 2025. However, documentation indicating R2 was provided \"Rexulti 0.25 mg\" beginning on February 11, 2025, in compliance with R2's medication order, was not available for review. 3. In an interview, E2 reported the medical practitioner did not submit the order to the pharmacy until February 18, 2025, and R2 received the medication on February 18, 2025. 4. In an exit interview, the findings were reviewed with E1 and E2, and no further statements or documentation was provided. Plan of Correction Name, title and/or Position of the Person Responsible CARLOS VILLICANA - DISTRICT DIRECTOR Date temporary correction was implemented 2025-02-19 Date permanent correction will be complete 2025-02-19 Temporary Solution The medication was resolved on 02-18-2025. The Golden Heart Care staff continued contacting the home health team to resolve the medication not being in the home due to the doctor not sending Saliba's Extended Pharmacy the order. On 02-18-2025, the GHC team was able to speak again with the home health team and that is when the doctor sent out the order to Saliba's Extended Pharmacy. Permanent Solution GHC Program Managers and the Program Director will ensure that when a medication order is prescribed at a doctor visit, the medication is sent to Saliba's Extended within 1 hour of the appointment time. If it is not sent to the pharmacy, GHC manager(s) will contact the Case Manager for the member and request the order be sent immediately or a \"discontinue order\" is faxed to GHC if the doctor cannot send in the new prescription order in a timely manner. Monitoring Golden Heart Care Program Manager/Program Director(s) will communicate with the necessary parties to resolve the concern, and the communication(s) will be documented in Yosemite (software) as a \"Shared Note\". The Shared Note will outline the communication chain from GHC staff to the home health team, requesting immediate assistance."
        },
        {
            "rule": "R9-10-721.A.1.c. Environmental Standards A. Except for an outdoor behavioral health care program provided by a behavioral health residential facility, an administrator shall ensure that: 1. The premises and equipment are: c. Free from a condition or situation that may cause a resident or other individual to suffer physical injury;",
            "evidence": "Based on observation and interview, the administrator failed to ensure the premises and equipment were free from a condition or situation which may cause a resident or other individual to suffer physical injury. The deficient practice posed a health and safety risk, as a ligature point was identified.",
            "findings": "1. During an environmental tour of the facility, the Compliance Officer observed one grab bar, mounted to a wall in a hallway bathroom. 2. In an interview, E1 and E2 acknowledged the grab bar in the hallway bathroom was a ligature point. 3. In an exit interview, the findings were discussed with E1 and E2 and no further statements were provided. Plan of Correction Name, title and/or Position of the Person Responsible CARLOS VILLICANA - DISTRICT DIRECTOR Date temporary correction was implemented 2025-02-19 Date permanent correction will be complete 2025-02-19 Temporary Solution Golden Heart Care staff ensured that there is no hazardous material in the home. GHC is aware that some light figures have \u201cbulbs\u201d. GHC staff will monitor each lighting fixture to ensure that the bulbs are in and not missing. There were no hazardous materials out since 02/19/2025. Permanent Solution GHC staff will ensure searches are conducted upon returning from a community outing. GHC staff are unable to check certain areas of a member\u2019s body, but staff will ask verbal questions to a member if anything hazardous materials are in possession. Below is the policy change. Community Activities Each residential home has a monthly Activity Calendar documenting the planned activities. The people we provide care to who participated in the development of the Activity Calendar should sign the bottom of the calendar. As activities occur updates should be made on the calendar. If a person is unable to sign, staff will document their participation in the development of the Activity Calendar. All services provided (therapy, wellness programming, etc) should also be documented in the Activity Calendar. When a member returns from a community outing, the member must be searched by the staff member(s) to ensure no weapons or illegal substances are brought into the facility. The employee will check the following: pockets, shoes, socks, backpacks, grocery bags, and hats. Monitoring Searches: When a member returns from a community outing, the member must be searched by the staff member(s) to ensure no weapons or illegal substances are brought into the facility. The employee will check the following: pockets, shoes, socks, backpacks, grocery bags, and hats. Environmental: GHC staff will ensure completing safety checks throughout the entire home for hazardous item(s) that may pose a risk to a member."
        }
    ]
}