{
    "legal_name": "HEART OF GOLD GROUP HOME LLC",
    "facility_status": "Active",
    "address": "41261 West Lucera Lane, Maricopa, AZ 85138",
    "license_status": "Active",
    "phone": "5208404298",
    "license_number": "BH8884",
    "max_licensed_capacity": "6",
    "license_effective_date": "12/1/2024",
    "chief_administrative_officer": "LAURA EARLY",
    "license_expires_date": "11/30/2025",
    "owner_licensee": "HEART OF GOLD HOME LLC",
    "inspection_number": "INSP-0072430",
    "inspection_date": "11/21/2023 - 11/27/2023",
    "inspection_type": "Compliance (Initial)",
    "certificate_number": "Initial Comments",
    "deficiencies": "no deficiencies"
}