{
    "legal_name": "HEART OF GOLD GROUP HOME LLC",
    "facility_status": "Active",
    "address": "41261 West Lucera Lane, Maricopa, AZ 85138",
    "license_status": "Active",
    "phone": "5208404298",
    "license_number": "BH8884",
    "max_licensed_capacity": "6",
    "license_effective_date": "12/1/2024",
    "chief_administrative_officer": "LAURA EARLY",
    "license_expires_date": "11/30/2025",
    "owner_licensee": "HEART OF GOLD HOME LLC",
    "inspection_number": "INSP-0124587",
    "inspection_date": "4/15/2025",
    "inspection_type": "Complaint",
    "certificate_number": "BH8884",
    "deficiencies": [
        {
            "rule": "R9-10-705.1-2. Contracted Services An administrator shall ensure that: 1. Contracted services are provided according to the requirements in this Article, and 2. Documentation of current contracted services is maintained that includes a description of the contracted services provided.",
            "evidence": "Based on documentation review, record review, and interview, the administrator failed to ensure documentation of current contracted services was maintained, to include a description of the contracted services provided for one registered nurse sampled.",
            "findings": "1. A review of the facility policies and procedures dated 2023, under \u201cContracted Services R9-10-705,\u201d stated, \"The Administrator shall be responsible for ensuring there is a detailed description of services being provided.\" 2. A review of E3's personnel record, hired as a Registered Nurse (RN), revealed no documentation of current contracted services. 3. In an exit interview, E1 reported a contract for E3 was not maintained. E1 reported E1 would ensure a contract for E3 was drafted immediately. Plan of Correction Name, title and/or Position of the Person Responsible Laura Early - Administrator Date temporary correction was implemented 2025-04-16 Temporary Solution A contract has been created for the registered nurse (RN), detailing services provided Permanent Solution All new contracted providers will sign a service agreement prior to providing services. Date permanent correction will be complete 2025-04-19 Monitoring Responsible Party: Administrator (Laura Early)"
        },
        {
            "rule": "R9-10-706.G.3.f. Personnel G. An administrator shall ensure that a personnel record is maintained for each personnel member, employee, volunteer, or student that includes: 3. Documentation of: f. The individual ' s compliance with the requirements in A.R.S. \u00a7 8-804, if applicable;",
            "evidence": "Based on documentation review, record review and interview, the administrator failed to ensure a personnel record was maintained for each personnel member, employee, volunteer, or student, which included documentation of the individual's compliance with the requirements in A.R.S. \u00a7 8-804, if applicable, for four of five personnel records sampled. The deficient practice posed a safety risk to residents if DCS registry background checks were not completed prior to working with residents under the age of 18.",
            "findings": "A.R.S. \u00a7 8-804(C) \"Licensees that do not contract with the state and that employ persons who provide direct services to children pursuant to title 36, chapter 7.1 must submit to the department of child safety in a manner prescribed by the department of child safety information necessary to conduct central registry background checks. The department of health services shall verify whether licensees, pursuant to title 36, chapter 7.1, have complied with the requirements of this subsection and any rules adopted by the department of health services to implement this subsection.\" A.R.S. \u00a7 8-804(J) \"Before being employed in a position that provides direct services to children or vulnerable adults pursuant to subsection B, paragraphs 4, 5 and 10 and 11 or subsections C and D and E of this section, employees shall certify, under penalty of perjury, on forms that are provided by the department whether an allegation of abuse or neglect was made against them and was substantiated. The forms are confidential. If this certification does not indicate a current investigation or a substantiated report of abuse or neglect, the employee may provide direct services pending the findings of the central registry check.\" 1. A review of E1's personnel record revealed E1 was hired as a behavioral health technician in 2022. E1's personnel record revealed no documentation demonstrating the licensee submitted to the Department of Child Safety in a manner prescribed by the Department of Child Safety, which was information necessary to conduct a central registry background check on E1. 2. A review of E2's personnel record revealed E2 was hired as a behavioral health professional in 2024. E2's personnel record revealed no documentation demonstrating the licensee submitted to the Department of Child Safety in a manner prescribed by the Department of Child Safety, which was information necessary to conduct a central registry background check on E2. 3. A review of E3's personnel record revealed E3 was hired as a registered nurse in 2023. E3's personnel record revealed no documentation demonstrating the licensee submitted to the Department of Child Safety in a manner prescribed by the Department of Child Safety, which was information necessary to conduct a central registry background check on E3. 4. A review of E4's personnel record revealed E4 was hired as a behavioral health technician in 2023. E4's personnel record revealed no documentation demonstrating the licensee submitted to the Department of Child Safety in a manner prescribed by the Department of Child Safety, which was information necessary to conduct a central registry background check on E4. 5. In an exit interview, E1 reported being aware E1's, E2's, E3's, and E4's personnel records were not in compliance as per R9-10-706.G.3.f. and A.R.S. \u00a7 8-804. Plan of Correction Name, title and/or Position of the Person Responsible Laura Early - Administrator Date temporary correction was implemented 2025-04-19 Date permanent correction will be complete 2025-04-19 Temporary Solution DCS central registry background checks have been completed and submitted. Permanent Solution DCS Registry Background checks will now be conducted prior to hire and will be stored in each personnel file. Monitoring Laura Early - Administrator"
        },
        {
            "rule": "R9-10-707.A.6. Admission; Assessment A. An administrator shall ensure that: 6. Except as provided in subsection (E)(1)(a), a medical practitioner performs a medical history and physical examination or a registered nurse performs a nursing assessment on a resident within 30 calendar days before admission or within 72 hours after admission and documents the medical history and physical examination or nursing assessment in the resident's medical record within 72 hours after admission;",
            "evidence": "Based on record review and interview, the administrator failed to ensure a medical practitioner performed a medical history and physical examination or a registered nurse performed a nursing assessment on a resident within 30 calendar days before admission or within 72 hours after admission for four of four residents records sampled.",
            "findings": "1. A review of R1's, R3's, and R4's (admitted in 2024) and R2's (admitted in 2025) medical records revealed no evidence a medical practitioner performed a medical history and physical examination or evidence a registered nurse performed a nursing assessment on R1, R2, R3, and R4 within 30 calendar days before admission or within 72 hours after admission. 2. In an exit interview, E1 reported not being aware of the rule requirements. Plan of Correction Name, title and/or Position of the Person Responsible Laura Early - Administrator Date temporary correction was implemented 2025-04-30 Temporary Solution All current residents have now received an updated physical. Permanent Solution An admission checklist has been implemented requiring documented completion of nursing Date permanent correction will be complete 2025-04-30 assessment or physical within the required timeframe. Monitoring Responsible Party: RN and Administrator"
        },
        {
            "rule": "R9-10-707.A.13.a. Admission; Assessment A. An administrator shall ensure that: 13. Except as provided in subsection (E)(1)(d), a resident provides",
            "evidence": "of freedom from infectious tuberculosis: a. Before or within seven calendar days after the resident's admission, and Evidence Based on record review and interview, the administrator failed to ensure a resident provided evidence of freedom from infectious tuberculosis before or within seven calendar days after a resident's admission, for four of four resident records sampled. The deficient practice posed a risk of infection to residents.",
            "findings": "1. A review of R1's, R3's, and R4's (admitted in 2024) and R2's (admitted in 2025) medical records revealed no evidence of freedom from infectious tuberculosis before or within seven calendar days after R1's, R2's, R3's, and R4's admission. 2. In an exit interview, the findings were reviewed with E1. E1 reported not being aware residents required TB testing upon admission. Plan of Correction Name, title and/or Position of the Person Responsible Laura Early - Administrator Date temporary correction was implemented 2025-04-30 Date permanent correction will be complete 2025-04-30 Temporary Solution All current residents have now received TB tests and results are on file. Permanent Solution No youth will be fully admitted without documented TB clearance. Policy revised and staff trained on timeline Monitoring RN and Program Manager"
        },
        {
            "rule": "R9-10-708.A.5. Treatment Plan A. An administrator shall ensure that a treatment plan is developed and implemented for each resident that: 5. If the treatment plan was completed by a behavioral health technician, is reviewed and signed by a behavioral health professional within 24 hours after the completion of the treatment plan to ensure that the treatment plan is complete and accurate and meets the resident's treatment needs; and",
            "evidence": "Based on record review and interview, the administrator failed to ensure, If the treatment plan was completed by a behavioral health technician, was reviewed and signed by a behavioral health professional within 24 hours after the completion of the treatment plan to ensure that the treatment plan was complete and accurate and met the resident's treatment needs, for one of four resident records sampled.",
            "findings": "1. A review of R4's medical record revealed a treatment plan dated in 2024 and completed by a BHT. However, the treatment plan was not reviewed and signed by a behavioral health professional within 24 hours after the completion of the treatment plan. 2. In an exit interview, E1 reported being aware R4's treatment plan was not signed by the BHP within 24 hours. Plan of Correction Name, title and/or Position of the Person Responsible Laura Early Date temporary correction was implemented 2025-04-15 Date permanent correction will be complete 2025-04-15 Temporary Solution All treatment plans are signed by the qualified behavioral health professional Permanent Solution All treatment plans will be created and signed by the behavioral health professional. Monitoring Responsible Party: Clinical Supervisor and administrator"
        },
        {
            "rule": "R9-10-720.B.4. Emergency and Safety Standards B. Except for an outdoor behavioral health care",
            "evidence": "Based on documentation review and interview, the administrator failed to ensure a disaster drill for employees was conducted on each program provided by a behavioral health residential facility, an administrator shall ensure that: 4. A disaster drill for employees is conducted on each shift at least once every three months and documented; shift at least once every three months and documented. The deficient practice posed a safety risk if personnel were not properly trained on how to respond in the event of a disaster.",
            "findings": "1. A review of the facility policy and procedure dated in 2023 revealed a section titled \"Disaster Plan.\" The policy stated, \"A disaster drill for employees is conducted on each shift at least once every three months and documented.\" 2. The staffing schedule revealed the facility maintained three shifts. The Compliance Officer requested disaster drill documentation for the past 12 months. A review of the facility disaster drills revealed the drills were completed on one out of three shifts on the following dates: -February 2, 2025 at 10:00 AM -March 3, 2025 at 10:00 AM -April 4, 2025 at 10:00 AM 3. In an exit interview, the findings were reviewed with E1. E1 reported not being aware disaster drills were to be completed on each shift. Plan of Correction Name, title and/or Position of the Person Responsible Laura Early - Administrator Date temporary correction was implemented 2025-04-30 Date permanent correction will be complete 2025-04-30 Temporary Solution Make-up drills were conducted for all missed shifts. Documentation now reflects 3-shift coverage. Permanent Solution A rotating quarterly calendar has been created to ensure each shift has scheduled drills. Monthly audits will verify compliance. Monitoring Laura Early - Administrator"
        },
        {
            "rule": "R9-10-720.B.5. Emergency and Safety Standards B. Except for an outdoor behavioral health care program provided by a behavioral health residential facility, an administrator shall ensure that: 5. An evacuation drill for employees and residents on the premises is conducted at least once every six months on each shift;",
            "evidence": "Based on documentation review and interview, the administrator failed to ensure an evacuation drill for employees and residents on the premises was conducted at least once every six months on each shift. The deficient practice posed a health and safety risk to residents if personnel were not properly trained on how to evacuate the facility in the event of an emergency.",
            "findings": "1. A review of the facility policy and procedure dated in 2023 revealed a section titled \"Disaster Plan.\" The policy stated, \"An evacuation drill shall be conducted on each shift once every six months.\" 2. The staffing schedule revealed the facility maintained three shifts. The Compliance Officer requested evacuation drill documentation for the past 12 months. A review of the facility evacuation drills revealed the drills were completed on one out of three shifts on the following dates: -April 4, 2025 at 11:00 AM -March 3, 2025 at 11:00 AM -February 3, 2025 at 11:05 AM -January 3, 2025 at 11:05 AM 3. In an exit interview, the findings were reviewed with E1. E1 reported not being aware evacuation drills were to be completed on each shift. Plan of Correction Name, title and/or Position of the Person Responsible Laura Early - Administrator Date temporary correction was implemented 2025-04-30 Temporary Solution Evacuation drills were completed on all three shifts and documented for the past 6 months. Permanent Solution Quarterly emergency drill logs will be reviewed by the Administrator to ensure compliance across all shifts. Date permanent correction will be complete 2025-04-30 Monitoring Laura Early Administrator"
        },
        {
            "rule": "R9-10-721.A.14. Environmental Standards A. Except for an outdoor behavioral health care program provided by a behavioral health residential facility, an administrator shall ensure that: 14. Poisonous or toxic materials stored by the behavioral health residential facility are maintained in labeled containers in a locked area separate from food preparation and storage, dining areas, and medications and are inaccessible to residents;",
            "evidence": "Based on documentation review, observation, and interview, the administrator failed to ensure poisonous or toxic materials stored by the behavioral health residential facility were maintained in labeled containers in a locked area separate from food preparation and storage, dining areas, and medications, and were inaccessible to residents. The deficient practice posed a health and safety risk to residents.",
            "findings": "1. A review of facility policy and procedure revealed a section titled \"Environmental Standards\", which stated \"in order to keep the staff and residents safe, chemicals for laundry and cleaning will be stored in a locked area inaccessible to residents.\" 2. The Compliance Officer observed an unlocked laundry room in the facility, which contained the following toxic materials accessible to residents: -Three bottles of \"Purex\" laundry detergent -One bottle of \"Gain\" laundry detergent 3. In an exit interview, E1 reported laundry was being done, and \"normally,\" chemicals are stored in a locked room. Plan of Correction Name, title and/or Position of the Person Responsible Laura Early Date temporary correction was implemented Temporary Solution All laundry materials were immediately moved into a locked storage cabinet. Permanent Solution Laundry and chemical areas are locked at all 2025-04-15 Date permanent correction will be complete 2025-04-15 times. Staff have been retrained and weekly audits are scheduled. Monitoring Laura Early - Administrator"
        }
    ]
}