{
    "legal_name": "HORIZON RECOVERY DEER VALLEY, LLC",
    "facility_status": "Active",
    "address": "22201 North 91st Avenue, Peoria, AZ 85383",
    "license_status": "Active",
    "phone": "6236932198",
    "license_number": "BH10372",
    "max_licensed_capacity": "10",
    "license_effective_date": "11/26/2024",
    "chief_administrative_officer": "BRIAN CARLISLE",
    "license_expires_date": "11/25/2025",
    "owner_licensee": "HORIZON RECOVERY DEER VALLEY, LLC",
    "inspection_number": "INSP-0072056",
    "inspection_date": "11/20/2024",
    "inspection_type": "Compliance (Initial)",
    "certificate_number": "Initial Comments",
    "deficiencies": "no deficiencies"
}