{
    "legal_name": "HORIZON RECOVERY",
    "facility_status": "Active",
    "address": "22190 West Ashleigh Marie Drive, Buckeye, AZ 85326",
    "license_status": "Active",
    "phone": "6236932198",
    "license_number": "BH10461",
    "max_licensed_capacity": "10",
    "license_effective_date": "11/26/2024",
    "chief_administrative_officer": "BRIAN CARLISLE",
    "license_expires_date": "11/25/2025",
    "owner_licensee": "HORIZON RECOVERY BUCKEYE LLC",
    "inspection_number": "INSP-0072055",
    "inspection_date": "11/20/2024",
    "inspection_type": "Compliance (Initial)",
    "certificate_number": "Initial Comments",
    "deficiencies": "no deficiencies"
}