{
    "legal_name": "HORIZON RECOVERY",
    "facility_status": "Active",
    "address": "5537 West Irma Lane, Glendale, AZ 85308",
    "license_status": "Active",
    "phone": "6236932198",
    "license_number": "BH10217",
    "max_licensed_capacity": "10",
    "license_effective_date": "9/20/2024",
    "chief_administrative_officer": "BRIAN CARLISLE",
    "license_expires_date": "9/19/2025",
    "owner_licensee": "HORIZON RECOVERY ARROWHEAD, LLC",
    "inspection_number": "INSP-0103921",
    "inspection_date": "9/20/2024",
    "inspection_type": "Compliance (Initial)",
    "certificate_number": "Initial Comments",
    "deficiencies": "no deficiencies"
}