{
    "legal_name": "HOUSE OF LOVE",
    "facility_status": "Active",
    "address": "45657 West Morning View Lane, Maricopa, AZ 85139",
    "license_status": "Active",
    "phone": "6027565564",
    "license_number": "BH9304",
    "max_licensed_capacity": "6",
    "license_effective_date": "2/2/2025",
    "chief_administrative_officer": "ALBERTA WATKINS",
    "license_expires_date": "2/1/2026",
    "owner_licensee": "HOUSE OF LOVE LLC",
    "inspection_number": "INSP-0072451",
    "inspection_date": "4/25/2024",
    "inspection_type": "Initial Monitoring",
    "certificate_number": "Initial Comments",
    "deficiencies": "no deficiencies"
}