{
    "legal_name": "HUMAN CARE SERVICES",
    "facility_status": "Active",
    "address": "36550 West Santa Maria Street, Maricopa, AZ 85138",
    "license_status": "Active",
    "phone": "8056360700",
    "license_number": "BH7917",
    "max_licensed_capacity": "10",
    "license_effective_date": "9/14/2024",
    "chief_administrative_officer": "ANDREW REEVES",
    "license_expires_date": "9/13/2025",
    "owner_licensee": "HUMAN CARE SERVICES",
    "inspection_number": "INSP-0134571",
    "inspection_date": "6/19/2025",
    "inspection_type": "Compliance (Annual)",
    "certificate_number": "BH7917",
    "deficiencies": [
        {
            "rule": "R9-10-706.G.3.a. Personnel G. An administrator shall ensure that a personnel record is maintained for each personnel member, employee, volunteer, or student that includes: 3. Documentation of: a. The individual's qualifications, including skills and knowledge applicable to the individual's job duties;",
            "evidence": "Based on documentation review, record review, and interview, the administrator failed to ensure a personnel record was maintained for each personnel member, to include documentation of the individual's qualifications, including skills and knowledge applicable to the individual's job duties.",
            "findings": "1. A review of the facility policies and procedures dated in 2023, under a section titled \"Employees and Volunteers Qualifications\" stated, \"A. In order to provide adequate care to our residents, it is required that each employee and volunteer be knowledgeable of their job description and duties. B. Each employee meets the qualifications, required skills, education, knowledge, and experience. Employment requirements: -Full name, -date of birth, - Current address and phone number, -Date of hire and termination date at the end of employment, - Work experience and references, specific to the position applying for as outlined below.\" 2. A job description for a Behavioral Health Technician (BHT) stated the following, \"Minimum Qualifications: Must be 21 years old to work at this facility. An associate's degree and at least two years of full time Behavioral health and personal care work experience, or a high school diploma or high school equivalency diploma (GED) and has at least four years of behavioral health and personal care work experience; or a registered nurse, or a licensed practical nurse (LPN) or certified nursing assistant (CAN) with at least two years of full time behavioral health and personal care experience. Must also have a valid Arizona state driver\u2019s license. Must have experience in dealing with residents with Behavioral health disorder diagnosis and co-occurring disorders; understands and be able to identify medications commonly prescribed for mental disorders. Experience in providing resident support/interventions focusing on behavioral health disorders; active management and personal care of residents with Behavioral health issues. Understanding of services needed for residents with Behavioral health issues.\" 3. A review of E3's personnel record (hired in 2025 as a BHT) revealed no evidence of a completed job application, which included documentation of the individual's qualifications, including skills and knowledge applicable to the individual's job duties. 4. In an exit interview, the findings were reviewed with E1, who requested to obtain E3's job application. However, no documentation was provided. This is a repeated deficiency from a complaint investigation conducted on August 26, 2024."
        },
        {
            "rule": "R9-10-706.G.3.b. Personnel G. An administrator shall ensure that a personnel record is maintained for each personnel member, employee, volunteer, or student that includes: 3. Documentation of: b. The individual's education and experience applicable to the individual's job duties;",
            "evidence": "Based on documentation review, record review, and interview, the administrator failed to ensure a personnel record was maintained for each personnel member to include documentation of the individual's education and experience applicable to the individual's job duties. The deficient practice posed a health and safety risk to residents if personnel were not qualified for the position hired for.",
            "findings": "1. A review of facility policies and procedures dated in 2023, under the section titled \"Employees and Volunteers Qualifications\" stated, \"The hiring person or manager will ensure, check and document that the employee or volunteer providing physical health services or behavioral health service have the required skills and knowledge before providing any services. Qualifications Behavioral Health Technician (BHT). Minimum Qualifications: Must be 21 years old to work at this facility. An associate's degree and at least two years of full time Behavioral health and personal care work experience; or a high school diploma or high school equivalency diploma (GED) and has at least four years of behavioral health and personal care work experience; or a registered nurse, or a licensed practical nurse (LPN) or certified nursing assistant (CAN) with at least two years of full time behavioral health and personal care experience. Must also have a valid Arizona state driver\u2019s license. Must have experience in dealing with residents with Behavioral health disorder diagnosis and co-occurring disorders; understands and be able to identify medications commonly prescribed for mental disorders. Experience in providing resident support/interventions focusing on behavioral health disorders; active management and personal care of residents with Behavioral health issues. Understanding of services needed for residents with Behavioral health issues.\" 2. A review of E2's personnel record (hired in 2024) revealed E2 had no behavioral health experience as required by the facility's employee qualifications for a BHT. E2's personnel record revealed a resume which included experience as a food server and lifeguard. 3. In an exit interview, the findings were reviewed with E1, who reported being aware E2 did not have the minimum qualification to have been hired as a BHT and reported E2 had \"quit\" in June 2025."
        },
        {
            "rule": "R9-10-706.G.3.f. Personnel G. An administrator shall ensure that a personnel record is maintained for each personnel member, employee, volunteer, or student that includes: 3. Documentation of: f. The individual ' s compliance with the requirements in A.R.S. \u00a7 8-804, if applicable;",
            "evidence": "Based on documentation review, record review, and interview, the administrator failed to ensure a personnel record was maintained for each personnel member, employee, volunteer, or student to include documentation of the individual's compliance with the requirements in A.R.S. \u00a7 8-804. The deficient practice posed a safety risk to residents under the age of 18 if personnel had not passed a Department of Child Safety (DCS) registry check as required.",
            "findings": "1. A review of Department documentation revealed BH7917 was licensed in 2022 as a behavioral health residential facility to provide services to residents under 18 years of age. 2. A review of E2's personnel record (hired in 2024) revealed no evidence of a DCS central registry background check, which was required as per R9-10-706.G.3.f. 3. A review of E3's personnel record (hired in 2025) revealed no evidence of a DCS central registry background check, which was required as per R9-10-706.G.3.f. 4. In an exit interview, the findings were reviewed with E1, who reported being aware E2 and E3 had not completed a DCS registry check as per R9-10-706.G.3.f."
        },
        {
            "rule": "R9-10-707.A.13.a. Admission; Assessment A. An administrator shall ensure that: 13. Except as provided in subsection (E)(1)(d), a resident provides",
            "evidence": "of freedom from infectious tuberculosis: a. Before or within seven calendar days after the resident's admission, and Evidence Based on record review and interview, the administrator failed to ensure a resident provided evidence of freedom from infectious tuberculosis (TB) before or within seven calendar days after the resident's admission. The deficient practice posed a TB exposure risk to residents.",
            "findings": "1. A review of R1's medical record (admitted in 2025) revealed no evidence of freedom from infectious TB before or within seven calendar days after R1's admission. 2. In an exit interview, the findings were reviewed with E1, who reported not having received R1's TB test results from the last facility R1 was at."
        }
    ]
}