{
    "legal_name": "HUMAN CARE SERVICES",
    "facility_status": "Active",
    "address": "36550 West Santa Maria Street, Maricopa, AZ 85138",
    "license_status": "Active",
    "phone": "8056360700",
    "license_number": "BH7917",
    "max_licensed_capacity": "10",
    "license_effective_date": "9/14/2024",
    "chief_administrative_officer": "ANDREW REEVES",
    "license_expires_date": "9/13/2025",
    "owner_licensee": "HUMAN CARE SERVICES",
    "inspection_number": "INSP-0072499",
    "inspection_date": "5/11/2023",
    "inspection_type": "Complaint;Compliance (Annual)",
    "certificate_number": "Initial Comments",
    "deficiencies": [
        {
            "rule": "C. An administrator shall ensure that: 1. Policies and procedures are established, documented, and implemented to protect the health and safety of a resident that: e. Cover cardiopulmonary resuscitation training including: i. The method and content of cardiopulmonary resuscitation training, which includes a demonstration of the individual's ability to perform cardiopulmonary resuscitation; ii. The qualifications for an individual to provide cardiopulmonary resuscitation training; iii. The time-frame for renewal of cardiopulmonary resuscitation training; and iv. The documentation that verifies that the individual has received cardiopulmonary resuscitation training;",
            "evidence": "Based on documentation review, record review, and interview, the administrator failed to ensure policies and procedures were implemented to protect the health and safety of a resident that covered cardiopulmonary resuscitation (CPR) training, which included a demonstration of the individual's ability to perform CPR, for one of five personnel records sampled. The deficient practice posed a risk to the health and safety of residents. Findings include: 1. A review of E2's personnel record, revealed a CPR and First Aid card. However, the card expired on February 4, 2023 2. In an interview, E1 acknowledged E2's personnel record contained an expired CPR and First Aid card. Plan of Correction Name, title and/or Position of the Person Responsible Date temporary correction was implemented Date permanent correction will be complete 2023-05-12 Temporary Solution Permanent Solution Monitoring",
            "findings": ""
        },
        {
            "rule": "C. An administrator shall ensure that: 2. Policies",
            "evidence": "Based on documentation review, and and procedures for behavioral health services and physical health services are established, documented, and implemented to protect the health and safety of a resident that: f. Cover dispensing medication, administering medication, assistance in the self-administration of medication, and disposing of medication, including provisions for inventory control and preventing diversion of controlled substances; interview, the administrator failed to implement policies and procedures to protect the health and safety of a resident to cover assistance in the self-administration of medication and preventing diversion of controlled substances. The deficient practice posed a risk to the health and safety of residents if the health care institution failed to implement policies and procedures to ensure residents were monitored while taking medications.",
            "findings": "1. A review of the facility's policy and procedure, dated August, 2022, revealed a section titled \"Assistance with Self-Administration of Medication,\" stated, \"Authorized staff will assist only one resident at a time, other resident should not be in the same area during assistance with self-administration of medication. Administrator and RN shall monitor the staff members authorized to administer medication; to prevent narcotic diversion of controlled substance, inventory will be done on all medications.\" 2. In an interview, E1 reported the staff who provided assistance in the self-administration of medications, on January 24, 2023, was \"distracted\" by R2. As a result, R2 managed to get a hold of a bottle containing sixteen Oxcarbazepine 600 mg capsules, which in turn gave the pills to R1 and R2. 3. In an interview, E1 acknowledged neither the nurse or the administrator were present during assistance with self-administration of medications, as required by the facility's policies and procedures. Plan of Correction Name, title and/or Position of the Person Responsible Date temporary correction was implemented Date permanent correction will be complete 2023-05-12 Temporary Solution Permanent Solution Monitoring"
        },
        {
            "rule": "B. An administrator shall ensure that: 2. A personnel member's skills and knowledge are verified and documented: a. Before the personnel member provides physical health services or behavioral health services, and b. According to policies and procedures; and",
            "evidence": "Based on record review, and interview, the administrator failed to ensure a personnel member's skills and knowledge were verified and documented before the personnel member provided physical health services or behavioral health services, and according to policies and procedures, for two of five personnel members sampled. The deficient practice posed a risk to the health and safety of residents if employee's skills and knowledge were not verified to provide services to meet the needs of residents.",
            "findings": "1. A review of E1's personnel record (hired on October 1, 2023), revealed no documented evidence E1's skills and knowledge verification had been completed. 2. A review of R4's medical record, revealed a medication administration record (MAR) showing E1 had provided services in the assistance in the self-administration of medications to R4 on October 1-4, 2022. 3. A review of E2's personnel record (hired on October 28, 2022), revealed no documented evidence E2's skills and knowledge verification had been completed. 4. A review of R4's medical record, revealed a medication administration record (MAR) showing E2 had provided services in the assistance in the self- administration of medications to R4 on November 23-24, 2022. 5. In an interview, E1 acknowledged E1's and E2's skills and knowledge had not yet been verified since being hired. 6. In an interview, E1 acknowledged services have been provided to residents by E1 and E2 before E1's and E2's skills and knowledge was verified. Plan of Correction Name, title and/or Position of the Person Responsible Date temporary correction was implemented Date permanent correction will be complete 2023-05-12 Temporary Solution Permanent Solution Monitoring"
        },
        {
            "rule": "E. An administrator shall ensure that: 2. A personnel member completes orientation before providing behavioral health services or physical health services;",
            "evidence": "Based on documentation review, record review, and interview, the administrator failed to ensure a personnel member completed orientation before providing physical health or behavioral health services, for two of five personnel sampled. The deficient practice posed a risk if employees were not orientated to provide services to meet the needs of the residents.",
            "findings": "Pursuant to R9-10- 101(155), \"Orientation\" means the initial instruction and information provided to an individual before the individual starts work or volunteer services in a health care institution. 1. A review of the facility's policy and procedure, titled \"New Hire Orientation\" dated in 2022, revealed the following: \"The new hire orientation shall be completed before each personnel member provides service to a resident.\" 2. A review of E1's personnel record (hired on October 1, 2022), revealed no documented evidence E1's new hire orientation had been completed. 3. A review of R4's medical record, revealed a medication administration record (MAR) showing E1 had provided services in the assistance in the self- administration of medications to R4 on October 1-4, 2022. 4 A review of E2's personnel record (hired on October 28, 2022), revealed no documented evidence E2's new hire orientation had been completed. 5. A review of R4's medical record, revealed a medication administration record (MAR) showing E2 had provided services in the assistance in the self-administration of medications to R4 on November 23-24, 2022. 6. In an interview, E1 acknowledged E1's and E2's personnel file did not contain documented evidence E1' and E2's orientation had been completed. Plan of Correction Name, title and/or Position of the Person Responsible Date temporary correction was implemented Date permanent correction will be complete 2023-05-12 Temporary Solution Permanent Solution Monitoring"
        },
        {
            "rule": "A. An administrator shall ensure that: 6. Except as provided in subsection (E)(1)(a), a medical practitioner performs a medical history and physical examination or a registered nurse performs a nursing assessment on a resident within 30 calendar days before admission or within 72 hours after admission and documents the medical history and physical examination or nursing assessment in the resident's medical record within 72 hours after admission;",
            "evidence": "Based on record review and interview, the administrator failed to ensure a medical practitioner performed a medical history and physical examination or a registered nurse performed a nursing assessment on a resident within 30 calendar days before admission or within 72 hours after admission, for one of five residents sampled. The deficient practice posed a risk as this information was required for the development and implementation of a treatment plan, per R9-10-708.A.1. Findings include: 1. A review of R3's medical record, revealed a physical assessment dated October 28, 2022. R3's date of admission was December 4, 2022. R3's nursing assessment or medical history and physical examination was not dated within 30 calendar days before admission or within 72 hours after admission. 2. In an interview, E1 acknowledged R3's medical records did not include a nursing assessment or medical history and physical examination dated within 30 calendar days before admission or within 72 hours after admission. Plan of Correction Name, title and/or Position of the Person Responsible Date temporary correction was implemented Date permanent correction will be complete 2023-05-12 Temporary Solution Permanent Solution Monitoring",
            "findings": ""
        },
        {
            "rule": "A. An administrator shall ensure that: 13. Except as provided in subsection (E)(1)(d), a resident provides",
            "evidence": "of freedom from infectious tuberculosis: a. Before or within seven calendar days after the resident's admission, and b. As specified in R9-10-113. Evidence Based on record review and interview, the administrator failed to ensure a resident provided evidence of freedom from infectious tuberculosis (TB) before or within seven calendar days after the resident's admission, for one of five residents sampled. The deficient practice posed a risk to the health and safety of residents.",
            "findings": "1. A review of R1's medical record (admitted on December 27, 2022), did not include documentation, R1 provided evidence of freedom from infectious TB before or within seven calendar days after R1's admission date. 2. In an interview, E1 acknowledged R1's medical record, did not include documentation R1 provided evidence of freedom from infectious TB before or within seven calendar days after R1's admission date. Plan of Correction Name, title and/or Position of the Person Responsible Date temporary correction was implemented Date permanent correction will be complete 2023-05-12 Temporary Solution Permanent Solution Monitoring"
        },
        {
            "rule": "A. An administrator shall ensure that: 7. A resident does not: a. Use or have access to any materials, furnishings, or equipment or participate in any activity or treatment that may present a threat to the resident's health or safety based on the resident's documented diagnosis, treatment needs, developmental levels, social skills, verbal skills, or personal history; or",
            "evidence": "Based on observation, documentation review, record review, and interview, the administrator failed to ensure a resident did not use or have access to any materials, or participate in any activity to present a threat to the resident's health or safety based on the resident's documented diagnosis, or personal history. The deficient practice posed a risk as residents were exposed to unprescribed medications, which put the resident's health and safety at risk.",
            "findings": "1. A review of the facility's documentation, revealed a document titled \"Human Care Services Incident Report\" dated January 24, 2023. The report stated R3 and R5 appeared to be \"under the influence,\" as staff questioned R3 and R5, it was discovered R3 and R5 had ingested eight unprescribed Oxcarbazepine 600 mg capsules each, given to R3 and R5 by R2, who had taken the pills during assistance with the self-administration of medication, without staff noticing. Both R3 and R5 were transported to the nearest emergency room location in Maricopa. 2. In an interview, E1 acknowledged R2, R3, and R5 all had access to materials (unprescribed medications) that presented a threat to the resident's health and safety. Plan of Correction Name, title and/or Position of the Person Responsible Date temporary correction was implemented Date permanent correction will be complete 2023-05-12 Temporary Solution Permanent Solution Monitoring"
        },
        {
            "rule": "E. When medication is stored at a behavioral health residential facility, an administrator shall ensure that: 1. Medication is stored in a separate",
            "evidence": "Based on documentation review, and interview, the administrator failed to ensure medication stored at a behavioral health residential facility was stored in a separate locked room, closet, cabinet, or self-contained unit used only for medication storage; locked room, closet, cabinet, or self-contained unit used only for medication storage. The deficient practice posed a risk to the health and safety of residents if medications were left unsecured and accessible to residents.",
            "findings": "1. A review of the facility's policies and procedures dated in 2022, revealed a section titled \"Storage of Medication.\" The policy stated, \"Human Care Services Home Care shall follow Arizona Department of Health Services and the prescribing medication guidelines will be used on how all medications will be stored under a double lock system inaccessible to residents and other unauthorized individuals. Procedures: The medication area shall be secured at all times and never left unattended.\" 2. A review of the facility's documentation, revealed and incident report, detailing how R2, during assistance with self-administration of medication, had access to R2's medications and take a medication bottle containing 16 Oxcarbazepine 600 mg tablets, without the staff providing assistance in the self- administration of medication, becoming aware of the occurrence. 3. In an interview, E1 acknowledged staff did not follow proper procedure protocol when assisting with the self-administration of medication to residents. Plan of Correction Name, title and/or Position of the Person Responsible Date temporary correction was implemented Date permanent correction will be complete 2023-05-12 Temporary Solution Permanent Solution Monitoring"
        }
    ]
}