{
    "legal_name": "HUMAN CARE SERVICES",
    "facility_status": "Active",
    "address": "36550 West Santa Maria Street, Maricopa, AZ 85138",
    "license_status": "Active",
    "phone": "8056360700",
    "license_number": "BH7917",
    "max_licensed_capacity": "10",
    "license_effective_date": "9/14/2024",
    "chief_administrative_officer": "ANDREW REEVES",
    "license_expires_date": "9/13/2025",
    "owner_licensee": "HUMAN CARE SERVICES",
    "inspection_number": "INSP-0072500",
    "inspection_date": "6/7/2023",
    "inspection_type": "Complaint",
    "certificate_number": "Initial Comments",
    "deficiencies": "no deficiencies"
}