{
    "legal_name": "HUMAN CARE SERVICES",
    "facility_status": "Active",
    "address": "36550 West Santa Maria Street, Maricopa, AZ 85138",
    "license_status": "Active",
    "phone": "8056360700",
    "license_number": "BH7917",
    "max_licensed_capacity": "10",
    "license_effective_date": "9/14/2024",
    "chief_administrative_officer": "ANDREW REEVES",
    "license_expires_date": "9/13/2025",
    "owner_licensee": "HUMAN CARE SERVICES",
    "inspection_number": "INSP-0072504",
    "inspection_date": "9/5/2023",
    "inspection_type": "Complaint",
    "certificate_number": "Initial Comments",
    "deficiencies": [
        {
            "rule": "G. An administrator shall provide written notification to the Department of a resident's: 2. Self-injury, within two working days after the resident inflicts a self-injury or has an accident that requires immediate intervention by an emergency medical services provider.",
            "evidence": "Based on documentation review and interview, the administrator failed to provide written notification to the Department of a resident's self-injury, within two working days after the resident inflicts a self-injury that requires immediate intervention by an emergency medical services provider. The deficient practice posed a risk as the Department was not notified to determine if there was an immediate risk to resident health and safety.",
            "findings": "1. A review of Department documentation did not reveal evidence the Department was notified by BH7917 of a resident's self-injury requiring immediate intervention by an emergency medical services provider within two days. 2. A review of the facility's documentation, revealed a document titled, \"Incident Report,\" which detailed how R1, R2, and R3 self-injured on August 27, 2023. 3. In an interview, E1 acknowledged written notification to the Department of the incident was not provided within two days as required. 4. In an interview, E1 reported R1's, R2's, and R3's self-injuries were \"only superficial\" and did not require medical attention. However, documentation to indicate otherwise, was not available for review. This is a repeat deficiency from the complaint inspection conducted on July 13, 2023. Plan of Correction Name, title and/or Position of the Person Responsible Date temporary correction was implemented Temporary Solution Permanent Solution Monitoring Date permanent correction will be complete 2023-10-01"
        },
        {
            "rule": "A. An administrator shall ensure that a discharge plan for a resident is: 1. Developed that: a. Identifies any specific needs of the resident after discharge, b. Is completed before discharge occurs, and c. Includes a description of the level of care that may meet the resident's assessed and anticipated needs after discharge;",
            "evidence": "Based on record review and interview, the administrator failed to ensure that a discharge plan for a resident is developed that identifies and specific needs of the resident after discharge; is completed before discharge occurs and includes a description of the level of care that may meet the resident's assessed and anticipated needs after discharge for four of four residents sampled.",
            "findings": "1. A review of R1's, R2, and R3's medical records, did not reveal documented evidence of a discharge plan for R1, R2, and R3. Further review of the facility's documentation, revealed on August 27, 2023, R1, R2, and R3, were transported to Banner Cardon's Children's Hospital, where after being assessed, it was recommended R1, R2, and R3 be admitted in-patient to a behavioral health facility, Mind 24-7. 2. A review of R4's medical record did not reveal documented evidence of a discharge plan. Further review of the facility's documentation, revealed on August 25, 2023, R4 was discharged to Maricopa P.D. due to R4's out-of control, assaultive behavior, which R4 was being charged for. Since the Pinal County Youth Justice Center would not take in R4, Department of Child Services intervened and took custody of R4. 3. In an interview, E1 acknowledged R1's, R2's, R3's, and R4's medical records did not reveal documented evidence of discharge plans for R1, R2, R3, and R4. Plan of Correction Name, title and/or Position of the Person Responsible Date temporary correction was implemented Date permanent correction will be complete Temporary Solution Permanent Solution Monitoring 2023-10-01"
        },
        {
            "rule": "D. An administrator shall ensure that there is a documented discharge order by a medical practitioner or behavioral health professional before a resident is discharged unless the resident leaves the behavioral health residential facility against a medical practitioner's or behavioral health professional's advice.",
            "evidence": "Based on record review and interview, the administrator failed to ensure there was a documented discharge order by a medical practitioner or behavioral health professional before a resident was discharged, unless the resident leaves the behavioral health residential facility against a medical practitioner's or behavioral health professional's advice, for four of four residents sampled. The deficient practice posed a risk if the discharge order had not been documented by a medical practitioner or behavioral health professional.",
            "findings": "1. A review of R1's, R2's, R3's, and R4's medical records did not reveal evidence of a discharge order by a medical practitioner or behavioral health professional before a resident was discharged. 2. In an interview, E1 acknowledged R1's, R2's, R3's, and R4's medical records did not reveal evidence of a discharge order by a medical practitioner or behavioral health professional before a resident was discharged. Plan of Correction Name, title and/or Position of the Person Responsible Date temporary correction was implemented Date permanent correction will be complete 2023-10-01 Temporary Solution Permanent Solution Monitoring"
        },
        {
            "rule": "G. An administrator shall ensure that a discharge summary for a resident: 2. Includes: a. The following information authenticated by a",
            "evidence": "Based on record review and interview, the administrator failed to ensure a discharge summary for a resident included the following medical practitioner or a behavioral health professional: i. The resident's presenting issue and other physical health and behavioral health issues identified in the resident's treatment plan; ii. A summary of the treatment provided to the resident; iii. The resident's progress in meeting treatment goals, including treatment goals that were and were not achieved; and iv. The name, dosage, and frequency of each medication ordered for the resident by a medical practitioner at the behavioral health residential facility at the time of the resident's discharge; information authenticated by a medical practitioner or behavioral health professional (BHP): The resident's presenting issue and other physical health and behavioral health issues identified in the resident's treatment plan; a summary of the treatment provided to the resident; the resident's progress in meeting treatment goals, including treatment goals that were and were not achieved; and the name, dosage, and frequency of each medication ordered for the resident by a medical practitioner at the behavioral health residential facility at the time of the resident's discharge.",
            "findings": "1. A review of R1's, R2's, R3's and R4's medical records did not reveal evidence of a discharge summary which included the following information authenticated by a medical practitioner or behavioral health professional: -The resident's presenting issue and other physical health and behavioral health issues identified in the resident's treatment plan; -A summary of treatment provided to residents; -The resident's progress in meeting treatment goals, including treatment goals that were and were not achieved; and -The name, dosage, and frequency of each medication ordered for the resident by a medical practitioner at the behavioral health residential facility at the time of the resident's discharge. 2. In an interview, E1 acknowledged R1's, R2's, R3's, and R4's medical records did not reveal evidence of discharge summaries for each resident, and according to R9-10-709.G.2.a.i-iv. Plan of Correction Name, title and/or Position of the Person Responsible Date temporary correction was implemented Date permanent correction will be complete 2023-10-01 Temporary Solution Permanent Solution Monitoring"
        },
        {
            "rule": "A. An administrator shall ensure that: 7. A resident does not: a. Use or have access to any materials, furnishings, or equipment or participate in any activity or treatment that may present a threat to the resident's health or safety based on the resident's documented diagnosis, treatment needs, developmental levels, social skills, verbal skills, or personal history; or",
            "evidence": "Based on, documentation review, record review, and interview, the administrator failed to ensure a resident did not use or have access to any materials, or participate in any activity to present a threat to the resident's health or safety based on the resident's documented diagnosis, or personal history for three of four residents sampled. The deficient practice posed a direct risk to the health and safety of residents.",
            "findings": "1. A review of the facility's documentation, revealed a document titled \"Incident Report\" written August 27, 2023. The incident report detailed how R1, R2, and R3 self-injured with items including glass, a cuticle trimming tool, and a piece of plastic. 2. In an interview, E1 acknowledged the items with which R1, R2, and R3, attempted self- harm. El reported residents are allowed to use beauty tools. However, residents must be supervised while using any tool that could cause harm. This is a repeat deficiency from a compliance and complaint inspection conducted on May 11, 2023. Plan of Correction Name, title and/or Position of the Person Responsible Date temporary correction was implemented Date permanent correction will be complete 2023-10-01 Temporary Solution Permanent Solution Monitoring"
        },
        {
            "rule": "A. Except for an outdoor behavioral health care program provided by a behavioral health residential facility, an administrator shall ensure that: 1. The premises and equipment are: a. Maintained in a condition that allows the premises and equipment to be used for the original purpose of the premises and equipment; b. Cleaned and, if applicable, disinfected according to policies and procedures designed to prevent, minimize, and control illness or",
            "evidence": "Based on observation and interview, the administrator failed to ensure the premises and equipment were maintained in a condition that allowed the premises and equipment to be used for the original purpose of the premises and equipment, and were free from a condition or situation that may cause a resident or other individual to suffer physical injury. Findings include: 1. During a facility tour, the Compliance Officer observed, in a resident infection; and c. Free from a condition or situation that may cause a resident or other individual to suffer physical injury; bedroom, a window, boarded up with plywood. 2. During a facility tour, the Compliance Officer observed, in a resident bathroom, a cabinet door, under the sink, which was broken and loosely attached. 3. In an interview, E1 acknowledged boarded up window and the broken cabinet door. E1 reported the window had broken during a storm days ago and had made arrangements to get it fixed. Plan of Correction Name, title and/or Position of the Person Responsible Date temporary correction was implemented Date permanent correction will be complete 2023-10-01 Temporary Solution Permanent Solution Monitoring",
            "findings": ""
        },
        {
            "rule": "A. Except for an outdoor behavioral health care program provided by a behavioral health residential facility, an administrator shall ensure that: 6. Garbage and refuse are: a. Stored in covered containers lined with plastic bags, and",
            "evidence": "Based on observation and interview, the administrator failed to ensure garbage and refuse were stored in covered containers lined with plastic bags. The deficient practice posed a risk to the health and safety of residents, as well as, infection control.",
            "findings": "1. During the facility tour, the Compliance Officer observed two uncovered but lined trash containers, containing refuse in two of the facility's bathrooms. 2. In an interview, E1 acknowledged the garbage container, which contained refuse in two of the facility's bathrooms were not covered. Plan of Correction Name, title and/or Position of the Person Responsible Date temporary correction was implemented Date permanent correction will be complete Temporary Solution Permanent Solution Monitoring 2023-10-01"
        },
        {
            "rule": "A. Except for an outdoor behavioral health care program provided by a behavioral health residential facility, an administrator shall ensure that: 12. Soiled linen and soiled clothing stored by the behavioral health residential facility are maintained separate from clean linen and clothing and stored in closed containers away from food storage, kitchen, and dining areas;",
            "evidence": "Based on observation and interview, the administrator failed to ensure soiled linen and soiled clothing was maintained and stored in closed containers.",
            "findings": "1. During a facility tour, the Compliance Officer observed various soiled clothing on the floor in two of the facility's bedrooms, occupied by residents. 2. In an interview, E1 acknowledged soiled linens were not maintained and stored in closed containers. Plan of Correction Name, title and/or Position of the Person Responsible Date temporary correction was implemented Date permanent correction will be complete 2023-10-01 Temporary Solution Permanent Solution Monitoring"
        }
    ]
}