{
    "legal_name": "HUMAN CARE SERVICE II",
    "facility_status": "Active",
    "address": "45060 West Sage Brush Drive, Maricopa, AZ 85139",
    "license_status": "Active",
    "phone": "8056360700",
    "license_number": "BH8688",
    "max_licensed_capacity": "6",
    "license_effective_date": "6/28/2025",
    "chief_administrative_officer": "ANDREW REEVES",
    "license_expires_date": "6/27/2026",
    "owner_licensee": "HUMAN CARE SERVICES",
    "inspection_number": "INSP-0072488",
    "inspection_date": "10/31/2023",
    "inspection_type": "Complaint",
    "certificate_number": "Initial Comments",
    "deficiencies": [
        {
            "rule": "I. If an administrator has a reasonable basis, according to A.R.S. \u00a7 13-3620 or 46-454, to believe abuse, neglect, or exploitation has occurred on the premises or while a resident is receiving services from a behavioral health residential facility's employee or personnel member, the administrator shall: 1. If applicable, take immediate action to stop the suspected abuse, neglect, or exploitation; 2. Report the suspected abuse, neglect, or exploitation of the resident: a. For a resident 18 years of age or older, according to A.R.S. \u00a7 46-454; or b. For a resident under 18 years of age, according to A.R.S. \u00a7 13-3620; 3. Document: a. The suspected abuse, neglect, or exploitation; b. Any action taken according to subsection (I)(1); and c. The report in subsection (I)(2); 4. Maintain the documentation in subsection (I)(3) for at least 12 months after the date of the report in subsection (I)(2); 5. Initiate an investigation of the suspected abuse, neglect, or exploitation and document the following information within five working days after the report required in (I)(2): a. The dates, times, and description of the suspected abuse, neglect, or exploitation; b. A description of any injury to the resident related to the suspected abuse or neglect and any change to the resident ' s physical, cognitive, functional, or emotional condition; c. The names of witnesses to the suspected abuse, neglect, or exploitation; and d. The actions taken by the administrator to prevent the suspected abuse, neglect, or exploitation from occurring in the future; and 6. Maintain a copy of the documented information required in subsection (I)(5) and any other information obtained during the investigation for at least 12 months after the date the investigation was initiated.",
            "evidence": "Based on documentation review and interview, the administrator failed to ensure if an administrator had a reasonable basis, according to A.R.S. \\'a7 13-3620, to believe abuse, neglect, or exploitation occurred on the premises or while a resident was receiving services from a behavioral health residential facility's employee or personnel member, the administrator took immediate action to stop the suspected abuse, neglect, or exploitation; reported the suspected abuse, neglect, or exploitation of the resident according to A.R.S. \\'a7 13-3620; documented the suspected abuse, neglect, or exploitation, any action taken according to subsection (I)(1), and the report in subsection (I)(2); maintained the documentation in subsection (I)(3) for at least 12 months after the date of the report in subsection (I)(2); initiated an investigation of the suspected abuse, neglect, or exploitation and documented the following information within five working days after the report required in (I)(2): a. The dates, times, and description of the suspected abuse, neglect, or exploitation; b. A description of any injury to the resident related to the suspected abuse or neglect and any change to the resident's physical, cognitive, functional, or emotional condition; c. The names of witnesses to the suspected abuse, neglect, or exploitation; and, d. The actions taken by the administrator to prevent the suspected abuse, neglect, or exploitation from occurring in the future; and maintain a copy of the documented information required in subsection (I)(5) and any other information obtained during the investigation for at least 12 months after the date the investigation was initiated. The deficient practice posed a risk to resident safety, if allegations of abuse were made to staff but staff failed to take measures to ensure resident safety.",
            "findings": "A.R.S. \\'a7 13- 3620(A) states any person who reasonably believes that a minor is or has been the victim of physical injury, abuse, child abuse, a reportable offense or neglect that appears to have been inflicted on the minor by other than accidental means or that is not explained by the available medical history as being accidental in nature or who reasonably believes there has been a denial or deprivation of necessary medical treatment or surgical care or nourishment with the intent to cause or allow the death of an infant who is protected under section 36-2281 shall immediately report or cause reports to be made of this information to a peace officer, to the department of child safety or to a tribal law enforcement or social services agency for any Indian minor who resides on an Indian reservation, except if the report concerns a person who does not have care, custody or control of the minor, the report shall be made to a peace officer only... 1. A review of the facility's policies and procedures dated in 2023, stated \"All employees and volunteers will immediately report to the facility administrator any suspected abuse, neglect, or exploitation of the resident. If abuse, neglect, or exploitation of a resident is alleged or suspected to have occurred before the resident was accepted or while the resident is not on the premises and not receiving services from the facility, the administrator shall immediately report or cause reports to be made to a peace officer or to a protective services worker and report to the legal guardian if resident has one. The above reports shall be made immediately in person or by telephone and shall be followed by a written report mailed or delivered within forty-eight hours or on the next working day if the forty- eight hours expire on a weekend or holiday.\" 2. In an interview, E2 reported being aware of sexual misconduct allegations R1 was making which involved sexual misconduct towards R1 by another resident in October 2021. E2 reported to have written incident reports on \"two or three\" occasions about R1's unwanted sexual misconduct behavior allegations by another resident towards R1. E2 reported not recalling specific dates when the allegations were made to E2 by R1. 3. A review of the facility's incident reports in October 2021, involving allegations of sexual misconduct by another resident towards R1, were not available for review, as the reports did not exist. 4. In an interview, E1 reported not having knowledge of R1's sexual misconduct allegations by another resident until R1 had been discharged. E1 reported E1 was not informed of the allegations in a timely manner. E1 acknowledged no reports were made according to R9-10-703 (I) (1-6), and no investigation was conducted on the allegations. Plan of Correction Name, title and/or Position of the Person Responsible Date temporary correction was implemented Date permanent correction will be complete 2024-01-04 Temporary Solution Permanent Solution Monitoring"
        },
        {
            "rule": "B. An administrator shall ensure that: 1. A resident is treated with dignity, respect, and consideration;",
            "evidence": "Based on interview and documentaion review, the administrator failed to ensure that a resident was treated with dignity, respect, and consideration, for one resident sampled. The deficient practice posed a risk to the safety of R1 if allegations of sexual misconduct were reported to staff and staff failed to ensure safety. Therefore, failing to uphold resident rights.",
            "findings": "1. In an interview, E2 reported being aware of allegations R1 made, involving sexual misconduct towards R1 by another resident. E2 reported to have written incident reports on \"two or three\" occasions regarding R1's unwanted sexual misconduct behavior allegations by another resident towards R1. E2 reported not recalling specific dates when the allegations were made to E2 by R1. 2. A review of the facility's incident reports in October 2021, involving allegations of sexual misconduct by another resident towards R1, were not available for review, as the reports did not exist. 3. In an interview, E1 and E2 acknowledged R1 was not treated with dignity, respect, and consideration. Plan of Correction Name, title and/or Position of the Person Responsible Date temporary correction was implemented Date permanent correction will be complete 2024-01-04 Temporary Solution Permanent Solution Monitoring"
        },
        {
            "rule": "A. An administrator shall ensure that: 2. If a behavioral health residential facility is licensed to provide behavioral health services to individuals whose behavioral health issue limits the individuals' ability to function independently, a resident admitted to the behavioral health residential facility with limited ability to function independently receives: b. Continuous protective oversight;",
            "evidence": "Based on interview and documentation review, the administrator failed to ensure, if a behavioral health residential facility was licensed to provide behavioral health services to individuals whose behavioral health issue limits the individuals' ability to function independently, a resident admitted to the behavioral health residential facility with limited ability to function independently received continuous protective oversight. The deficient practice posed a risk to the health and safety of an individual under the age of 18, who required continuous protective oversight. Finding include: 1. In an interview, E2 reported being aware of the allegations R1 had made, involving sexual misconduct towards R1 by another resident. E2 reported to have written incident reports on \"two or three\" occasions regarding R1's unwanted sexual misconduct behavior allegations by another resident towards R1. E2 reported not recalling specific dates when the allegations were made to E2 by R1. 2. A review of the facility's incident reports in October 2021, involving allegations of sexual misconduct by another resident towards R1, were not available for review, as the reports did not exist. 3. In an interview, E1 and E2 acknowledged R1 required continuous protective oversight. E1 and E2 acknowledged R1 did not receive continuous protective oversight. Plan of Correction Name, title and/or Position of the Person Responsible Date temporary correction was implemented Date permanent correction will be complete 2024-01-04 Temporary Solution Permanent Solution Monitoring",
            "findings": ""
        }
    ]
}