{
    "legal_name": "HUMAN CARE SERVICE II",
    "facility_status": "Active",
    "address": "45060 West Sage Brush Drive, Maricopa, AZ 85139",
    "license_status": "Active",
    "phone": "8056360700",
    "license_number": "BH8688",
    "max_licensed_capacity": "6",
    "license_effective_date": "6/28/2025",
    "chief_administrative_officer": "ANDREW REEVES",
    "license_expires_date": "6/27/2026",
    "owner_licensee": "HUMAN CARE SERVICES",
    "inspection_number": "INSP-0072492",
    "inspection_date": "6/27/2024",
    "inspection_type": "Complaint;Compliance (Annual)",
    "certificate_number": "Initial Comments",
    "deficiencies": "no deficiencies"
}