{
    "legal_name": "HUMAN CARE SERVICE II",
    "facility_status": "Active",
    "address": "45060 West Sage Brush Drive, Maricopa, AZ 85139",
    "license_status": "Active",
    "phone": "8056360700",
    "license_number": "BH8688",
    "max_licensed_capacity": "6",
    "license_effective_date": "6/28/2025",
    "chief_administrative_officer": "ANDREW REEVES",
    "license_expires_date": "6/27/2026",
    "owner_licensee": "HUMAN CARE SERVICES",
    "inspection_number": "INSP-0072486",
    "inspection_date": "10/4/2023",
    "inspection_type": "Complaint",
    "certificate_number": "Initial Comments",
    "deficiencies": [
        {
            "rule": "A. An administrator shall ensure that: 2. If a behavioral health residential facility is licensed to provide behavioral health services to individuals whose behavioral health issue limits the individuals' ability to function independently, a resident admitted to the behavioral health residential facility with limited ability to function independently receives: b. Continuous protective oversight;",
            "evidence": "Based on documentation review, record review, and interview, the administrator failed to ensure, if a behavioral health residential facility was licensed to provide behavioral health services to individuals whose behavioral health issue limits the individuals' ability to function independently, a resident admitted to the behavioral health residential facility with limited ability to function independently received continuous protective oversight. The deficient practice posed a risk to health and safety of R1, who required continuous protective oversight. Findings: Finding include: 1. A review of the facility's documentation, revealed a document titled \"Incident Report Form\" written August 18 23, 2023. The incident report involved R1 taking a trip to a local store with staff. While there, R1 stole six mini bottles of \"Fireball\", an alcoholic beverage. In turn, R1 became intoxicated and had to be transported to the local hospital for assessment. 2. A review of R1's medical record, revealed diagnosis' as follows: - Disruptive Mood Dysregulation Disorder - Sedative, Hypnotic, or Anxiolytic Use Disorder - Generalized Anxiety Disorder - Cannabis Use Disorder 3. In an interview, E1 acknowledged R1's disorders, and acknowledged personnel failed to ensure the health and safety of R1 due to lack of supervision, which triggered R1 by being around substances that would cause R1 to re-lapse. 4. In an interview, E1 acknowledged, as a result, R1 ingested alcohol, which caused R1 to be under the influence, where R1 was transported to the hospital for a medical assessment. Plan of Correction Name, title and/or Position of the Person Responsible Date temporary correction was implemented Date permanent correction will be complete 2023-11-04 Temporary Solution Permanent Solution Monitoring",
            "findings": ""
        },
        {
            "rule": "A. An administrator shall ensure that: 7. A resident does not: a. Use or have access to any materials, furnishings, or equipment or participate in any activity or treatment that may present a threat to the resident's health or safety based on the resident's documented diagnosis, treatment needs, developmental levels, social skills, verbal skills, or personal history; or",
            "evidence": "Based on, documentation review, record review, and interview, the administrator failed to ensure a resident did not use or have access to any materials, or participate in any activity to present a threat to the resident's health or safety based on the resident's documented diagnosis, or personal history. The deficient practice posed a risk as residents consumed alcohol while admitted into a behavioral health residential facility in contradiction with their behavioral health issue.",
            "findings": "1. A review of the facility's documentation, revealed a document titled \"Incident Report Form\" written August 18 23, 2023. The incident report involved R1 taking a trip to a local store with staff. While there, R1 stole six mini bottles of \"Fireball\", an alcoholic beverage. In turn, R1 became intoxicated and had to be transported to the local hospital for assessment. 2. A review of R1's medical record, revealed diagnosis' as follows: -Disruptive Mood Dysregulation Disorder -Sedative, Hypnotic, or Anxiolytic Use Disorder - Generalized Anxiety Disorder -Cannabis Use Disorder 3. In an interview, E1 acknowledged R1's disorders, and acknowledged personnel failed to ensure the health and safety of R1 due to lack of supervision, which triggered R1 by being around substances that would cause R1 to re-lapse. 4. In an interview, E1 acknowledged, as a result, R1 ingested alcohol, which caused R1 to be under the influence, where R1 was transported to the hospital for a medical assessment. Plan of Correction Name, title and/or Position of the Person Responsible Date temporary correction was implemented Date permanent correction will be complete 2023-11-04 Temporary Solution Permanent Solution Monitoring"
        }
    ]
}