{
    "legal_name": "INTERMOUNTAIN CENTERS FOR HUMAN",
    "facility_status": "Active",
    "address": "8571 East Tanque Verde Road, Tucson, AZ 85749",
    "license_status": "Active",
    "phone": "5207211887",
    "license_number": "BH1618",
    "max_licensed_capacity": "8",
    "license_effective_date": "9/1/2025",
    "chief_administrative_officer": "Rose Lopez",
    "license_expires_date": "8/31/2026",
    "owner_licensee": "INTERMOUNTAIN CENTERS FOR HUMAN",
    "inspection_number": "INSP-0073244",
    "inspection_date": "6/26/2024",
    "inspection_type": "Complaint",
    "certificate_number": "Initial Comments",
    "deficiencies": [
        {
            "rule": "C. An administrator shall ensure that: 1. Policies and procedures are established, documented, and implemented to protect the health and safety of a resident that: e. Cover cardiopulmonary resuscitation training including: i. The method and content of cardiopulmonary resuscitation training, which includes a demonstration of the individual's ability to perform cardiopulmonary resuscitation; ii. The qualifications for an individual to provide cardiopulmonary resuscitation training; iii. The time-frame for renewal of cardiopulmonary resuscitation training; and iv. The documentation that verifies that the individual has received cardiopulmonary resuscitation training;",
            "evidence": "Based on documentation review, record review, and interview, the administrator failed to ensure policies and procedures were implemented to protect the health and safety of a resident which covered cardiopulmonary resuscitation training including the time-frame for renewal of cardiopulmonary resuscitation (CPR) training, for one of three personnel records sampled. The deficient practice posed a health and safety risk to residents as E2's CPR training had expired.",
            "findings": "1. A review of facility documentation revealed a policy and procedure titled \"Staff Qualifications,\" reviewed December 2023. The policy stated \"Staff providing in-person direct care services are required to show evidence of a valid, in-person CPR and First Aid certification upon hire and are required to continuously maintain certification throughout term of employment.\" 2. A review of E2's personnel record revealed documentation of cardiopulmonary resuscitation training which expired February 2024. 3. In an interview, E2 reported E2 had not renewed E2's cardiopulmonary resuscitation training. 4. In a joint interview, O3 and O4 acknowledged E2's documentation of CPR training had expired February 2024. 5. In an interview, O3 reported personnel members are notified by Dayforce [software company] and their managers prior to their CPR training expiring. 6. In a joint interview, O1, O2, O3, and O4 acknowledged E2's CPR training expired February 2024. 7. In an interview, O1 acknowledged E2's CPR training was not renewed within compliance of facility policies and procedures. Plan of Correction Name, title and/or Position of the Person Responsible Date temporary correction was implemented Date permanent correction will be complete 2024-08-09 Temporary Solution Permanent Solution Monitoring"
        },
        {
            "rule": "I. If an administrator has a reasonable basis, according to A.R.S. \u00a7 13-3620 or 46-454, to believe abuse, neglect, or exploitation has occurred on the premises or while a resident is receiving services from a behavioral health residential facility's employee or personnel member, the administrator shall: 2. Report the suspected abuse, neglect, or exploitation of the resident: b. For a resident under 18 years of age, according to A.R.S. \u00a7 13-3620;",
            "evidence": "Based on documentation review, record review, and interview, the administrator failed to report suspected abuse of a resident under 18 years of age, according to A.R.S. \\'a7 13- 3620. The deficient practice posed a health and safety risk to residents as personnel members witnessed the abuse of a resident. Findings include: 1. A review of facility documentation revealed a policy and procedure titled \"Reporting & Responding to Abuse & Neglect,\" reviewed November 2021. The policy stated \"If abuse, neglect, or exploitation was suspected to have occurred on premises or while the member was receiving services, staff should: b. Contact the appropriate adult or child welfare agency and/or local law enforcement.\" 2. A review of facility documentation revealed security camera footage with video from June 17th at 7:53 pm of abuse from E1 to R1. The footage lasted approximately eighteen seconds. At approximately 0:12 seconds into the video, R1 began walking down the hallway and E1 followed and at 0:14 seconds R1 extends R1's hand to touch the wall. At approximately 0:15 seconds, E1 extended E1's right arm and placed E1's hand on R1's right upper arm and appeared to have pushed R1 to the middle of the hallway, with enough force to cause R1 to stumble. 3. A further review of facility documentation revealed a security camera footage with video from June 17th at 8:03 pm of abuse from E1 to R1. The footage lasted approximately twenty-two seconds. At approximately 0:10 seconds in, E1 appeared to extend E1's left forearm to deter R1 from leaving the room and E1's left hand is seen grabbing R1's forearm. At approximately 0:12 seconds in, R1 tried to exit the room again and E1 forcefully extended E1's and pushed R1 towards the middle of the room. 4. A review of R1's medical record revealed an incident report dated June 20th for an incident which occurred on June 17th. The incident report included a summary of events from 5:30 pm until 8:45 pm. However, the incident report did not include mention or documentation of R1's abuse. 5. In an interview, R1 reported E1 grabbed R1's right arm while R1 was in the hallway. 6. In a joint interview, O1 and O2 reported as part of their quality management program, they frequently reviewed security camera footage to which they came across \"alarming\" footage of E1, in reference to the aforementioned security camera footage. O1 reported due to the severity of the footage, E1 was going to be placed on a corrective action plan and O2 was currently in the process of working on the plan. O1 reported E1 had not been informed of the corrective action yet. O1 and O2 reported being unaware of the requirement of reporting suspected abuse in compliance with A.R.S. \\'a7 13-3620. 7. In a secondary interview, O1 reported E2 reported an incident with a two-person hold to O2, in which O2 then reviewed the security camera footage and saw the aforementioned video's. 8. In an interview, E2 reported reviewing R1's incident report which mentioned a two-person hold was used. E2 reported staff did not communicate the incident in the group chat which led E2 to review security camera footage. E2 then reported the incident to O2. 9. In a joint interview, O1, O2, and O3, acknowledged the aforementioned security camera footage revealed suspected abuse of a resident. O1, O2, and O3 acknowledged E4, E5, E2, O1, O2, and upper management did not report the suspected abuse in compliance with A.R.S. \\'a7 13-3620. Plan of Correction Name, title and/or Position of the Person Responsible Date temporary correction was implemented Date permanent correction will be complete 2024-06-26 Temporary Solution Permanent Solution Monitoring",
            "findings": ""
        },
        {
            "rule": "B. An administrator shall ensure that: 2. A personnel member's skills and knowledge are verified and documented: a. Before the personnel member provides physical health services or behavioral health services, and b. According to policies and procedures; and",
            "evidence": "Based on documentation review, record review, and interview, the administrator failed to ensure a personnel's members skills and knowledge were documented, for one of six four personnel records sampled. The deficient practice posed a health and safety risk as E1 was suspected of abusing a resident and the Department could not verify if E1's skills and knowledge were verified prior to providing physical health or behavioral health services.",
            "findings": "1. A review of facility documentation revealed a policy and procedure titled \"Orientation and Training,\" reviewed March 2024. The policy stated \"VI. Process....D. Documentation of the staff member's competency skills and training hours are documented in the employee's personnel file.\" 2. A review of E1's personnel record revealed no documentation of verification of skills and knowledge. 3. In a joint interview, O3 reported the verification of skills and knowledge are kept at the facility and not in personnel records. O1 reported looking for E1's documented verification of skills and knowledge. However, no documentation was provided for review. 4. In a joint interview, O1, O2, and O3 acknowledged no documentation of E1's verification of skills and knowledge was provided for review. Plan of Correction Name, title and/or Position of the Person Responsible Date temporary correction was implemented Date permanent correction will be complete 2024-08-09 Temporary Solution Permanent Solution Monitoring"
        },
        {
            "rule": "B. An administrator shall ensure that: 2. A resident is not subjected to: a. Abuse;",
            "evidence": "Based on documentation review, record review, and interview, the administrator failed to ensure a resident was not subjected to abuse.",
            "findings": "1. A review of facility documentation revealed security camera footage with video from June 17th at 7:53 pm of abuse from E1 to R1. The footage lasted approximately eighteen seconds. At approximately 0:12 seconds into the video, R1 began walking down the hallway and E1 followed and at 0:14 seconds R1 extends R1's hand to touch the wall. At approximately 0:15 seconds, E1 extended E1's right arm and placed E1's hand on R1's right upper arm and appeared to have pushed R1 to the middle of the hallway, with enough force to cause R1 to stumble. 2. A further review of facility documentation revealed a security camera footage with video from June 17th at 8:03 pm of abuse from E1 to R1. The footage lasted approximately twenty-two seconds. At approximately 0:10 seconds in, E1 appeared to extend E1's left forearm to deter R1 from leaving the room and E1's left hand is seen grabbing R1's forearm. At approximately 0:12 seconds in, R1 tried to exit the room again and E1 forcefully extended E1's and pushed R1 towards the middle of the room. 3. In an interview, R1 reported E1 grabbed R1's right arm when R1 was in the hallway. 4. In a joint interview, O1 and O2 reported as part of their quality management program, they frequently reviewed security camera footage to which they came across \"alarming\" footage of E1, in reference to the aforementioned security camera footage. O1 reported due to the severity of the footage, E1 was going to be placed on a corrective action plan and O2 was currently in the process of working on the plan. O1 reported E1 had not been informed of the corrective action yet. 5. In a joint interview, O1, O2 and O3 acknowledged the aforementioned security camera footage appeared to reveal E1 abusing R1. Plan of Correction Name, title and/or Position of the Person Responsible Date temporary correction was implemented Date permanent correction will be complete 2024-06-26 Temporary Solution Permanent Solution Monitoring"
        },
        {
            "rule": "B. An administrator shall ensure that: 2. A resident is not subjected to: i. Restraint;",
            "evidence": "Based on documentation review, record review, and interview, the administrator failed to ensure a resident was not subjected to restraint.",
            "findings": "1. A review of facility documentation revealed a policy and procedure titled \"Seclusion/Restraint,\" reviewed May 31, 2024. The policy stated \"Restraint - any manual method, physical or mechanical device, material or equipment that immobilizes or reduces the ability of a patient to move his/her arms, legs, body, or head freely or restrict the member's freedom of movement and is not a standard treatment for the member's condition...... Policy....Seclusion and restraint are high-risk interventions that must be used to address emergency safety situations only when less restrictive interventions have been determined to be ineffective....\" Further review of facility documentation revealed an emergency safety response policy and procedure which reported \"Safety-Care\" as a current emergency safety response training protocol within the facility. 2. A review of facility documentation revealed security camera footage with video from June 17th at 8:00:38 from the kitchen. The video lasts approximately eleven seconds. At approximately 0:03 seconds in, E5 and E6 enter the bottom right of the camera frame already in a two person hold with R1. R1 had E5 with arms wrapped around one arm and E6 wrapped around R1's second arm. R1 was being restrained and forcefully moved from the kitchen to the living room and off to the east hall. 3. A further review of facility documentation revealed security camera footage with video from June 17th at 8:00:46 from the east hall. The video lasts approximately fifteen seconds. Starting at approximately 0:04 seconds in, E5 and E6 have R1 in a two person hold and are seen moving R1 into an isolated room and standing in the doorway to keep R1 in the room. 4. A review of R1's medical record revealed an incident report dated June 20th from an incident which occurred on June 17th. The incident stated \"Staff put member into a two-person safety hold to guide the member to [their] room.\" 5. A review of Safety Care by QBS website at www.qbs.com revealed \"Frequently Asked Questions (FAQ).\" The FAQ stated \"4. What physical procedures are included in the Safety- Care curriculum? Safety-Care provides physical safety and physical management procedures that are designed to be simple and safe.... Physical management (restraint) procedures are designed to be infrequent, safe, and practical. They include a 1-person and 2- person standing hold (including management options if the individual drops to the floor), two 2-person transports, and a chair hold.\" 6. In a joint interview, O1, O2 and O3 reported Safety Care was the current emergency safety response training and procedure for the facility. O1 reported restraints are not allowed or used at the residential facility. O1 reported the aforementioned policy and procedure titled \"Seclusion/Restraint\" was a company wide policy and does not apply to residential facilities. O1 acknowledged there was no documentation provided to imply the provided policy and procedure did not apply to the behavioral health residential facility. O1 reported the aforementioned security camera footage displayed a properly trained 2-person hold. O1 acknowledged the 2-person hold R1 was placed in reduced the ability for R1 to move R1's arms and restricted R1's freedom of movement. O1 acknowledged reducing the ability for R1 to move R1's arms and restricting R1's freedom of movement was restraining R1. O1 acknowledged relocating the resident from one room to another while in a 2-person hold was also restraining R1. Plan of Correction Name, title and/or Position of the Person Responsible Date temporary correction was implemented Date permanent correction will be complete 2024-08-01 Temporary Solution Permanent Solution Monitoring"
        }
    ]
}