{
    "legal_name": "INTERMOUNTAIN CENTERS FOR HUMAN",
    "facility_status": "Active",
    "address": "2502 North Dodge Boulevard, Suite 190a, Tucson, AZ",
    "license_status": "Active",
    "phone": "5207211887",
    "license_number": "BH9011",
    "max_licensed_capacity": "10",
    "license_effective_date": "11/29/2024",
    "chief_administrative_officer": "Rose Lopez",
    "license_expires_date": "11/28/2025",
    "owner_licensee": "INTERMOUNTAIN CENTERS FOR HUMAN",
    "inspection_number": "INSP-0101390",
    "inspection_date": "3/13/2025",
    "inspection_type": "Complaint",
    "certificate_number": "BH9011",
    "deficiencies": [
        {
            "rule": "R9-10-706.B.3.c. Personnel B. An administrator shall ensure that: 3. Sufficient personnel members are present on a behavioral health residential facility's premises with the qualifications, experience, skills, and knowledge necessary to: c. Ensure the health and safety of a resident.",
            "evidence": "Based on observation, documentation review, record review, and interview, the administrator failed to ensure a personnel member\u2019s skills and knowledge were verified and documented before providing behavioral health services, as outlined in the facility\u2019s policies and procedures, for one of five personnel members sampled. This deficient practice poses a risk that personnel members may not be qualified to work in a behavioral health residential facility.",
            "findings": "1. A review of facility documentation revealed an incident report (dated March 2025). The report stated: \u201cMembers were taken to an NA meeting at 3rd and Alvernon in Tucson, AZ, at St. Mark's Church. At approximately 12:55 PM, member [R1] walked away from staff after the meeting had concluded. [R1] did not respond to redirection or staff attempts to get [R1] back with the group. One staff member stayed with other members, while staff [E1] followed [R1] on foot and called the site supervisor at 1:10 PM to report AWOL. Staff [E2] contacted TPD at 1:11 PM to report AWOL. At 1:30 PM, staff called the member\u2019s guardian to notify them of AWOL. Member continued to refuse to return to site and ran away from staff. Staff [E1] lost sight of the member and was advised to return to the site at 2:20 PM.\u201d 2. A review of the facility\u2019s policy and procedure titled \u201cStaff Qualifications\u201d revealed the following statement: \u201cA personnel member\u2019s skills and knowledge will be verified and documented before the personnel member provides behavioral health services.\u201d 3. A review of the staff schedule revealed that E2 was on the schedule two times in February and twelve times in March. 4. A review of E2\u2019s (hired January 2025) personnel record revealed documentation verifying their skills and knowledge was unavailable for review. 5. In an exit interview, the findings were discussed with O1, and no further statements were made. Plan of Correction Name, title and/or Position of the Person Responsible Joseph Salome Meraz, Site Supervisor Date temporary correction was implemented 2025-06-02 Date permanent correction will be complete 2025-06-02 Temporary Solution Site supervisor ensured that employee had their skills and knowledge completed prior to working another shift. Permanent Solution Site supervisor will ensure that staff working have all trainings and relevant documentation is up to date prior to them working their shift. Employees will complete skills and knowledge during NEO and before reporting to site. If an employee has not completed skills and knowledge verification they will not be scheduled or allowed to report to site. Monitoring Site supervisor will complete weekly checklist where employees trainings are verified and if not completed they are notified. If an employee does not complete them they can and will be removed from scheduled until it is completed."
        },
        {
            "rule": "R9-10-716.A.2.b. Behavioral Health Services A. An administrator shall ensure that: 2. If a behavioral health residential facility is licensed to provide behavioral health services to individuals whose behavioral health issue limits the individuals' ability to function independently, a resident admitted to the behavioral health residential facility with limited ability to function independently receives: b. Continuous protective oversight;",
            "evidence": "Based on documentation review, record review, and interview, the administrator failed to ensure a resident admitted with limited ability to function independently to a behavioral health residential facility, licensed to provide services to individuals whose behavioral health issues limit the individuals' ability to function independently, received continuous protective oversight. The deficient practice posed a risk as R1, who was under the age of 18, did not receive continuous protective oversight while admitted to the facility.",
            "findings": "\ufeff 1. A review of facility documentation revealed an incident report (dated March 2025). The report stated: \"Members were taken to an NA meeting... At approximately 12:55 PM, member [R1] walked away from staff after the meeting had concluded. [R1] did not respond to redirection or staff attempts to re-engage. One staff member stayed with the other members, while staff [E1] followed [R1] on foot and called the site supervisor at 1:10 PM to report AWOL. Staff [E2] contacted TPD at 1:11 PM to report AWOL. At 1:30 PM, staff called the member\u2019s guardian to notify them of the AWOL situation. Member continued to refuse to return and ran away from staff. Staff [E1] lost sight of the member and was advised to return to the site at 2:20 PM. Police report number: ...\" 2. In an interview, O1 reported that continuous protective oversight was provided until R1 was out of sight. O1 also stated that E2 remained with the other residents to maintain continuous oversight. 3. In an exit interview, the findings were discussed with O1, and no further statements were made. Plan of Correction Name, title and/or Position of the Person Responsible Joseph Salome Meraz, Site Supervisor Date temporary correction was implemented 2025-06-02 Date permanent correction will be complete 2025-06-02 Temporary Solution Staff will conduct retraining to verify skills and what to do in the event of an AWOL. Permanent Solution Employees will maintain continuous protective oversight of residents. Monitoring Site supervisor will ensure staff are consistently following policies and procedures related to member AWOL's by conducting continuous walkthroughs of the facility and reviewing security camera footage."
        },
        {
            "rule": "R9-10-716.A.7.a. Behavioral Health Services A. An administrator shall ensure that: 7. A resident does not: a. Use or have access to any materials, furnishings, or equipment or participate in any activity or treatment that may present a threat to the resident's health or safety based on the resident's documented diagnosis, treatment needs, developmental levels, social skills, verbal skills, or personal history; or",
            "evidence": "Based on documentation review and interview an administrator failed to ensure a resident does not use or have access to any materials, furnishings, or equipment or participate in any activity or treatment which may present a threat to the resident's health or safety based on the resident's documented diagnosis, treatment needs, developmental levels, social skills, verbal skills, or personal history.",
            "findings": "1. A review of facility documentation revealed an incident report. The incident reported was dated February 2025. The document stated \" [R2] had utilized [R2] aerosol axe body spray to obtain a high during the night. Member reported that [R2] obtained from [R2\u2019s] hygiene bucket while staff was attempting to inventory it into [R2\u2019s] belongings. Member took as contraband and is not allowed to have body spray on site. Member returned it to overnight staff and reported that it was empty. Bottle was empty after staff received it. It was reported by the night staff that she had been directed by on-call supervisor to monitor member through the night as [R2] was not showing any dangerous signs or indicating the need for medical care. It was agreed that member would continue to be monitored by staff, at 8:30am, this writer was approached by member reporting breathing problems and needing to go to the CRC. Staff reached out to residential nurse, [E3], at 9am and notified unit supervisor, [E4], at 8am. It was directed that member be taken to TMC for medical care and clearance. TMC completed an EKG, blood and urine test. Member tested negative for any illicit substances. TMC staff reported that [R2's] lungs and heart were in good condition and could return to site. Member returned to site at 3pm after being medically cleared. Coworker, [E5],notified guardian and left a message with [R2's] DCS caseworker [E6].\" 2. A review of R2\u2019s resident record revealed an initial \"Integrated Service Plan.\" The \"Integrated Service Plan\" revealed a history of substance abuse and self-harm. 3. In an exit interview, the findings were discussed with O1, and no further statements or documentation were provided. Plan of Correction Name, title and/or Position of the Person Responsible Joseph Salome Meraz, Site Supervisor Date temporary correction was implemented 2025-03-01 Date permanent correction will be complete 2025-06-02 Temporary Solution Staff were debriefed and members perfumes, and or sprays were removed from their hygiene buckets to the staff office. Permanent Solution Staff were debriefed and retrained on allowable items that member can have on the unit. Perfumes, body sprays were removed from member hygiene buckets and were required to use them in front of staff. Monitoring Site Supervisor will conduct a weekly walkthrough to ensure dangerous and hazardous materials are secure and document walkthrough findings on the weekly supervisor checklist."
        },
        {
            "rule": "R9-10-721.A.14. Environmental Standards A. Except for an outdoor behavioral health care program provided by a behavioral health residential facility, an administrator shall ensure that: 14. Poisonous or toxic materials stored by the behavioral health residential facility are maintained in labeled containers in a locked area separate from food preparation and storage, dining areas, and medications and are inaccessible to residents;",
            "evidence": "Based on documentation review and interview an administrator failed to ensure that poisonous or toxic materials stored by the behavioral health residential facility are maintained in labeled containers in a locked area separate from food preparation and storage, dining areas, and medications and are inaccessible to residents.",
            "findings": "1. A review of facility documentation revealed an incident report. The incident reported was dated February 2025. The document stated \" [R2] had utilized [R2] aerosol axe body spray to obtain a high during the night. Member reported that [R2] obtained from [R2\u2019s] hygiene bucket while staff was attempting to inventory it into [R2\u2019s] belongings. Member took as contraband and is not allowed to have body spray on site. Member returned it to overnight staff and reported that it was empty. Bottle was empty after staff received it. It was reported by the night staff that she had been directed by on-call supervisor to monitor member through the night as [R2] was not showing any dangerous signs or indicating the need for medical care. It was agreed that member would continue to be monitored by staff, at 8:30am, this writer was approached by member reporting breathing problems and needing to go to the CRC. Staff reached out to residential nurse, [E3], at 9am and notified unit supervisor, [E4], at 8am. It was directed that member be taken to TMC for medical care and clearance. TMC completed an EKG, blood and urine test. Member tested negative for any illicit substances. TMC staff reported that [R2's] lungs and heart were in good condition and could return to site. Member returned to site at 3pm after being medically cleared. Coworker, [E5],notified guardian and left a message with [R2's] DCS caseworker [E6].\" 2. A review of R2\u2019s resident record revealed an initial \"Integrated Service Plan.\" The \"Integrated Service Plan\" revealed a history of substance abuse and self-harm. 3. In an exit interview, the findings were discussed with O1, and no further statements or documentation were provided. Plan of Correction Name, title and/or Position of the Person Responsible Joseph Salome Meraz, Site Supervisor Date temporary correction was implemented 2025-03-01 Date permanent correction will be complete 2025-06-02 Temporary Solution Staff were debriefed and members perfumes, and or sprays were removed from their hygiene buckets to the staff office. Permanent Solution Staff were debriefed and retrained on allowable items that member can have on the unit. Perfumes, body sprays were removed from member hygiene buckets and were required to use them in front of staff. Monitoring Site Supervisor will conduct a weekly walkthrough to ensure dangerous and hazardous materials are secure and document walkthrough findings on the weekly supervisor checklist."
        }
    ]
}