{
    "legal_name": "INTERMOUNTAIN CENTERS FOR HUMAN",
    "facility_status": "Active",
    "address": "2502 North Dodge Boulevard, Suite 160, Tucson, AZ 85716",
    "license_status": "Active",
    "phone": "5207211887",
    "license_number": "BH7317",
    "max_licensed_capacity": "10",
    "license_effective_date": "1/30/2025",
    "chief_administrative_officer": "Rose Lopez",
    "license_expires_date": "1/31/2026",
    "owner_licensee": "INTERMOUNTAIN CENTERS FOR HUMAN",
    "inspection_number": "INSP-0131350",
    "inspection_date": "5/15/2025",
    "inspection_type": "Complaint;Compliance (Annual)",
    "certificate_number": "BH7317",
    "deficiencies": [
        {
            "rule": "R9-10-708.A.4.d. Treatment Plan A. An administrator shall ensure that a treatment plan is developed and implemented for each resident that: 4. Includes: d. The date when the resident's treatment plan will be reviewed;",
            "evidence": "Based on record review and interview, the administrator failed to ensure a treatment plan for each resident included the date the treatment plan was to be reviewed, for two of three current residents sampled.",
            "findings": "1. A review of R2's (admitted in 2025) medical record revealed a treatment plan (dated in March 2025). However, the treatment plan did not include the date the treatment plan was to be reviewed. 2. A review of R3's (admitted in 2025) medical record revealed a treatment plan (dated in February 2025). However, the treatment plan did not include the date the treatment plan was to be reviewed. \ufeff3. In a joint exit interview, E1 and E2 acknowledged R2's and R3's treatment plans did not include the date when R2's and R3's treatment plans would be reviewed. Plan of Correction Name, title and/or Position of the Person Responsible Joseph Salome Meraz, Desert River Site Supervisor, Luz Edie, Residential Clinical Director Date temporary correction was implemented 2025-05-19 Date permanent correction will be complete 2025-05-19 Temporary Solution Training provided to Desert River Counselor explaining that a review date is required on all treatment plans. Permanent Solution Clinical Director will ensure a treatment plan review date has been entered into the Service Plan before approving. Monitoring Weekly checklists will be completed by site supervisor and sent to clinical director demonstrating that all treatment plans are up to date."
        },
        {
            "rule": "R9-10-716.A.7.a. Behavioral Health Services A. An administrator shall ensure that: 7. A resident does not: a. Use or have access to any materials, furnishings, or equipment or participate in any activity or treatment that may present a threat to the resident's health or safety based on the resident's documented diagnosis, treatment needs, developmental levels, social skills, verbal skills, or personal history; or",
            "evidence": "Based on record review and interview, the administrator failed to ensure a resident did not have access to any materials to present a threat to the resident's health or safety based on R4's personal history. The deficient practice posed a risk as R4 had access to plastic pieces while admitted into a behavioral health residential facility in contradiction with their behavioral health issue.",
            "findings": "1. A review of R4's (admitted in 2025) electronic medical record revealed a behavioral health assessment (dated in March 2025). The assessment stated \" ...Member reported self-harm via cutting and shared they are 'superficial' cuts...Member reports that [R4] has struggled with SI/self-harm 'for a couple years maybe' and shared that self-harming has become more frequent with time...\" 2. A review of R4's electronic medical record revealed an incident report (dated in May 2025). The incident report stated \"...member had noticed a room search had been conducted earlier in the day with a result of staff removing items that could be used for self-harm after finding blood on members blankets...Staff then heard a bang and checked on member, member was standing by the wall. Staff asked member if [R4] was ok or needed anything but member did not reply...then let member know a shower was available and member got in the shower. After the shower another staff noticed pieces of what appeared to be plastic on the floor. Staff cleaned it all up and another staff pulled member aside and asked member to see [R4's] armes [sic] and empty out [R4's] pockets. Member refused and just stood there not speaking...staff did another room search in which blood was found on damp towels...\" 3. In an interview, E1 reported it was unclear where the plastic came from as nothing was broken. 4. In a joint exit interview, E1 and E2 acknowledged residents had access to materials to present a threat to the resident's health or safety based on the resident's documented diagnosis and treatment needs. This is a repeat violation from the on-site complaint investigation conducted on November 26, 2024 and the on-site complaint investigation conducted on August 20, 2024. Plan of Correction Name, title and/or Position of the Person Responsible Joseph Salome Meraz, Desert River Site Supervisor. Date temporary correction was implemented 2025-06-02 Date permanent correction will be complete 2025-06-27 Temporary Solution Staff were debriefed at the next all-staff meeting about allowable items for each member. Permanent Solution A laminated list of contraband items was put up on the unit wall in the staff office. Monitoring Site Supervisor will conduct weekly walkthroughs to ensure dangerous and hazardous materials are secure. Unit coordinator will conduct daily room searches and upload the documents to each member EHR."
        },
        {
            "rule": "R9-10-716.B.2. Behavioral Health Services B. An administrator shall ensure that counseling is: 2. Provided according to the frequency and number of hours identified in the resident's treatment plan, and",
            "evidence": "Based on record review and interview, the administrator failed to ensure counseling was provided according to the frequency and number of hours identified in the resident's treatment plan, for three of three current residents sampled. The deficient practice posed a risk a resident did not receive treatment to cure, improve, or palliate the resident\u2019s behavioral health issue at the health care institution.",
            "findings": "1. A review of R1's electronic medical record revealed a treatment plan dated in December 2024. The treatment plan indicated R1 to receive individual counseling 1-7 times a week for 1 hour each session. 2. A review of R1's electronic medical record revealed R1 received individual counseling on the following date: April 17, 2025, for one hour. However, no documentation to indicate R1 received individual counseling 1-7 times a week was available for review. 3. A review of R2's electronic medical record revealed a treatment plan dated in March 2025. The treatment plan indicated R2 to receive individual counseling 1-7 times a week for 1 hour each session. 4. A review of R2's electronic medical record revealed R2 received individual counseling on the following date: May 6, 2025, for one hour. However, no documentation to indicate R2 received individual counseling 1-7 times a week was available for review. 5. A review of R3's electronic medical record revealed a treatment plan dated in February 2025. The treatment plan indicated R3 to receive individual counseling 1-7 times a week for 1 hour each session. 6. A review of R3's electronic medical record revealed R3 received individual counseling on the following date: May 6, 2025, for one hour. However, no documentation to indicate R3 received individual counseling 1-7 times a week was available for review. 7. In a joint exit interview, E1 and E2 acknowledged counseling was not provided to R1, R2, and R3 according to the frequency and number of hours identified in R1's, R2's, and R3's treatment plans. Plan of Correction Name, title and/or Position of the Person Responsible Joseph Salome Meraz, Desert River Site Supervisor, Carleigh Rabago, Desert River Counselor Date temporary correction was implemented 2025-05-19 Date permanent correction will be complete 2025-06-09 Temporary Solution Desert River community counselor and site supervisor will meet with clinical director of children\u2019s services twice monthly to discuss members, and treatment plan deficiencies. Permanent Solution Desert River community counselor and site supervisor will meet with clinical director of children\u2019s services twice monthly to discuss members, and treatment plan deficiencies. Monitoring Desert River Site Supervisor will complete daily supervisor checklist and check for missing counseling notes. Checklist will be turned in upon completion to Residential Director and Residential Clinical Director for secondary review."
        },
        {
            "rule": "R9-10-718.C.6.a. Medication Services C. If a behavioral health residential facility provides assistance in the self-administration of medication, an administrator shall ensure that: 6. Assistance in the self-administration of medication provided to a resident: a. Is in compliance with an order, and",
            "evidence": "Based on record review, and interview, the administrator failed to ensure assistance in the self-administration of provided to a resident was in compliance with an order, for one of three current residents sampled. The deficient practice posed a risk if the resident experienced a change in condition due to improper assistance in the self-administration of medication.",
            "findings": "1. A review of R1's electronic medical record revealed a medication order for \"Clondine 0.1.mg...Take one (1) tablet...\" 2. A review of R1's electronic medication administration record (MAR) revealed R1 did not receive assistance in the self- administration of \"Clondine 0.1.mg...Take one (1) tablet...\" on December 27, 2024 and December 28, 2024. 3. A review of R1's electronic medication administration record (MAR) revealed R1 received assistance in the self-administration of \"Clondine 0.1.mg...Take one (1) tablet...\" on December 30, 2024. However, the MAR revealed R1 received two tablets instead of one. 4. A review of R1's electronic medical record revealed an incident report dated in December 2024. The report stated \"...Writer observed member taking 2 of [R1's] Clondine HCI ER 0.1mg tablets...\" 5. In a joint exit interview, E1 and E2 acknowledged assistance in the self- administration of medication provided to R1 was not in compliance with an order. Plan of Correction Name, title and/or Position of the Person Responsible Joseph Salome Meraz, Desert River Site Supervisor. Date temporary correction was implemented 2025-05-19 Date permanent correction will be complete 2025-07-11 Temporary Solution All staff meeting to discuss the importance of member\u2019s taking medications as prescribed. Permanent Solution All ICHD staff will complete at hire and annually the self-administration of medication training facilitated by a Residential Nurse. Monitoring Site supervisor will audit employee certificates of knowledge via a weekly checklist submitted to residential leadership. Site Supervisor will complete the daily checklist with a random review of an active resident\u2019s EMAR to ensure no medications have been missed which is turned in to Residential Director and Residential Clinical Director daily for secondary review."
        }
    ]
}