{
    "legal_name": "INTERMOUNTAIN CENTERS FOR HUMAN",
    "facility_status": "Active",
    "address": "2502 North Dodge Boulevard, Suite 160, Tucson, AZ 85716",
    "license_status": "Active",
    "phone": "5207211887",
    "license_number": "BH7317",
    "max_licensed_capacity": "10",
    "license_effective_date": "1/30/2025",
    "chief_administrative_officer": "Rose Lopez",
    "license_expires_date": "1/31/2026",
    "owner_licensee": "INTERMOUNTAIN CENTERS FOR HUMAN",
    "inspection_number": "INSP-0073286",
    "inspection_date": "11/26/2024",
    "inspection_type": "Complaint",
    "certificate_number": "Initial Comments",
    "deficiencies": [
        {
            "rule": "G. An administrator shall provide written notification to the Department of a resident's: 2. Self-injury, within two working days after the resident inflicts a self-injury or has an accident that requires immediate intervention by an emergency medical services provider.",
            "evidence": "Based on documentation review and interview, the administrator failed to ensure written notification to the Department of a residents self-injury within two working days after the resident inflicts a self-injury or has an accident which required immediate intervention by an emergency medical services provider. The deficient practice posed a risk to the health and safety of residents.",
            "findings": "1. A review of facility documentation revealed an incident report dated November 25, 2024. The report stated, \" Name: [R1]... Date and Time Tracking: Date of Incident: 11/20/2024; Report Created: 11/25/2024; Submitted T/RHBA: 11/25/2024 4:08:58 PM... Member Diagnoses: F32.3 Major Depressive Disorder, Single Episode, Severe with Psychotic Features; Incident Information: Date of Incident: 11/20/2024; Time of Incident: 10:15 AM... Description of the Incident: At about 10:15 on 11/20/2024, member exhibited DTS behavior by tying a draw string around [R1's] neck and attempting to choke [R1] with it. At the time, staff 1 was with member, and this writer intervened upon observing member starting to tie the draw string around [R1's] neck. Writer utilized a two-finger swoop between members neck and the draw string to prevent member from further tightening the draw string. Writer attempted to utilize verbal de-escalation while maintaining physical intervention, however member was non-verbal to writers attempts. At this point, member had dropped to the floor, and this writer adjusted accordingly to maintain intervention. Writer requested additional assistance from site supervisor and directed... to bring scissors to cut the draw string, as member was declining to respond to verbal prompts. Writer directed staff member to utilize a modified safety hold of members hands from the front of the member as this writer was behind member and a proper safety hold was unable to be completed. This writer assisted site supervisor in cutting the draw string from a safe distance of the members neck, to prevent further injury. Upon draw string being cut, writer instructed staff 1 to release hold. Member was in a modified hold for less than 30 seconds. Member remained on floor, with no visible signs of injury. Writer continued to monitor member and engaged in verbal de-escalation with member. Member provided verbal responses and was engaged with this writer regarding [R1's] thoughts/feelings. Guardian was contacted at 10:40 by site supervisor. It was determined that member required higher level of care, therefore the site supervisor contacted [inpatient facility]. AMR transport was contacted at 13:16. Member was monitored 1:1 from time of incident until AMR transport at 16:15. Guardian was contacted at 16:28 for updates; Incident Type: Safety/Risk Management; Member Condition Before Incident: Member was noncompliant with schedule and staff reported that member may have been in possession of the draw string, however, were unable to verify until time of incident. Member was walking around the DR unit and additionally requesting to speak with this writer; Member Condition After Incident: Member was verbal and engaged following the incident and was able to speak with this writer regarding incident. Member remained in [R1's] room resting/sleeping and was 1:1 with staff; Witnesses: [E10], [E11]; Medical Services Received: Medical services were not provided following incident. Writer conducted check of members neck to ensure no injuries were sustained. Member did not report any pain or discomfort and had no visible signs of injury; Actions Taken and/or Recommended: Staff debriefed with supervisor following the incident. Member was supervised until AMR arrived to transport the member to [inpatient facility]. Member's crisis plan will be updated and reviewed. Staff will follow up with guardian on the member's status; Notifications: Case Management/Assigned CSP/Provider, Parent/Guardian/TSS Case Worker, AMR for transportation; Clinical Director Review: Clinical Director: [E12]; Electronic Signature Date: 11/25/2024; Member has a history of self-harming behaviors in the form of scratching self, biting nails short until they bleed, and cutting. Member has an active crisis plan in [R1's] EHR that was completed on 10/4/2024. Member was assessed for risk on 11/20/2024. Member was transported to [inpatient facility] via AMR on 11/20/2024. The residential RN completed a nurse to nurse with [inpatient facility] prior to member going to [inpatient facility]. Step to prevent further incidents are to have all member remove draw strings from clothing and shoe and will be able to earn the items back once they are on level to engage in community outings (at least 2 weeks). Current member will remove string from clothing and shoes until they are on level to engage in community outings. Guardian was notified and updated throughout crisis...\" 2. A review of facility documentation revealed an email submitted by [E12] to the Department of Medical Licensing dated November 25, 2024 at 4:16 PM. 3. In an interview, E1 reported R1 did not suffer any injuries during the incident and did not require emergency medical services. E1 also reported R1 was transported to a facility with higher level of care following the incident. Plan of Correction Name, title and/or Position of the Person Responsible Date temporary correction was implemented Date permanent correction will be complete Temporary Solution Permanent Solution Monitoring"
        },
        {
            "rule": "K. An administrator shall: 5. Establish and",
            "evidence": "Based on documentation review, record review document the process for responding to a resident's need for immediate and unscheduled behavioral health services or physical health services; and interview, the administrator failed to establish and document the process for responding to a resident's need for immediate and unscheduled behavioral health services or physical health services. The deficient practice posed a risk to the health and safety of residents.",
            "findings": "1. A review of facility documentation revealed an incident report dated November 25, 2024. The report stated, \" Name: [R1]... Date and Time Tracking: Date of Incident: 11/20/2024; Report Created: 11/25/2024; Submitted T/RHBA: 11/25/2024 4:08:58 PM... Member Diagnoses: F32.3 Major Depressive Disorder, Single Episode, Severe with Psychotic Features; Incident Information: Date of Incident: 11/20/2024; Time of Incident: 10:15 AM... Description of the Incident: At about 10:15 on 11/20/2024, member exhibited DTS behavior by tying a draw string around [R1's] neck and attempting to choke [R1] with it. At the time, staff 1 was with member, and this writer intervened upon observing member starting to tie the draw string around [R1's] neck. Writer utilized a two-finger swoop between members neck and the draw string to prevent member from further tightening the draw string. Writer attempted to utilize verbal de-escalation while maintaining physical intervention, however member was non-verbal to writers attempts. At this point, member had dropped to the floor, and this writer adjusted accordingly to maintain intervention. Writer requested additional assistance from site supervisor and directed... to bring scissors to cut the draw string, as member was declining to respond to verbal prompts. Writer directed staff member to utilize a modified safety hold of members hands from the front of the member as this writer was behind member and a proper safety hold was unable to be completed. This writer assisted site supervisor in cutting the draw string from a safe distance of the members neck, to prevent further injury. Upon draw string being cut, writer instructed staff 1 to release hold. Member was in a modified hold for less than 30 seconds. Member remained on floor, with no visible signs of injury. Writer continued to monitor member and engaged in verbal de-escalation with member. Member provided verbal responses and was engaged with this writer regarding [R1's] thoughts/feelings. Guardian was contacted at 10:40 by site supervisor. It was determined that member required higher level of care, therefore the site supervisor contacted [inpatient facility]. AMR transport was contacted at 13:16. Member was monitored 1:1 from time of incident until AMR transport at 16:15. Guardian was contacted at 16:28 for updates; Incident Type: Safety/Risk Management; Member Condition Before Incident: Member was noncompliant with schedule and staff reported that member may have been in possession of the draw string, however, were unable to verify until time of incident. Member was walking around the DR unit and additionally requesting to speak with this writer; Member Condition After Incident: Member was verbal and engaged following the incident and was able to speak with this writer regarding incident. Member remained in [R1's] room resting/sleeping and was 1:1 with staff; Witnesses: [E10], [E11]; Medical Services Received: Medical services were not provided following incident. Writer conducted check of members neck to ensure no injuries were sustained. Member did not report any pain or discomfort and had no visible signs of injury; Actions Taken and/or Recommended: Staff debriefed with supervisor following the incident. Member was supervised until AMR arrived to transport the member to [inpatient facility]. Member's crisis plan will be updated and reviewed. Staff will follow up with guardian on the member's status; Notifications: Case Management/Assigned CSP/Provider, Parent/Guardian/TSS Case Worker, AMR for transportation; Clinical Director Review: Clinical Director: [E12]; Electronic Signature Date: 11/25/2024; Member has a history of self-harming behaviors in the form of scratching self, biting nails short until they bleed, and cutting. Member has an active crisis plan in [R1's] EHR that was completed on 10/4/2024. Member was assessed for risk on 11/20/2024. Member was transported to [inpatient facility] via AMR on 11/20/2024. The residential RN completed a nurse to nurse with [inpatient facility] prior to member going to [inpatient facility]. Step to prevent further incidents are to have all member remove draw strings from clothing and shoe and will be able to earn the items back once they are on level to engage in community outings (at least 2 weeks). Current member will remove string from clothing and shoes until they are on level to engage in community outings. Guardian was notified and updated throughout crisis...\" 2. In an interview, E1 reported there was no specific policy and procedure on responding to a resident's need for immediate and unscheduled behavioral health services or physical health services. E1 also reported there was a policy titled, \" Emergency and First Aid,\" that could possibly cover the topic. 3. A review of facility documentation revealed a policy titled, \"Emergency and First Aid.\" The policy stated, \" Purpose: To ensure Intermountain Centers for Human Development, Inc. (Intermountain Centers) and its affiliates are equipped with the supplies, medications, and necessary equipment to respond to emergencies and render first aid. Each site maintains staff who are trained to respond to emergencies and render first aid... Policy: Intermountain Centers maintain systems for monitoring the availability of needed emergency response and first aid equipment and supplies so staff can respond appropriately and safely to both emergent and non-emergent incidents; Procedures: A. Any time Intermountain Centers staff encounter an emergency that is an immediate threat to the life or health of a member or other individual while on Intermountain premises or while in the field, Intermountain staff are to call 911 B. Staff who are certified in CPR and First Aid will render emergency care to a member or individual while awaiting the arrival of first responders, and/or per the direction of first responders while they are enroute C. Staff certified in CPR and First Aid may administer first aid or assists in responding to minor or non-life-threatening injuries in which basic First Aid is the appropriate medical intervention D. Staff are oriented to the location of emergency and/or First Aid supplies and equipment and are provided instruction regarding the sight designee responsible for monitoring the inventory and use of the supplies and equipment...\" 4. In an interview, E1 acknowledged the policy and procedure titled, \" Emergency and First Aid,\" did not cover responding to a resident's need for immediate and unscheduled behavioral health services or physical health services. Plan of Correction Name, title and/or Position of the Person Responsible Date temporary correction was implemented Date permanent correction will be complete Temporary Solution Permanent Solution Monitoring"
        },
        {
            "rule": "A. An administrator shall ensure that: 7. A resident does not: a. Use or have access to any materials, furnishings, or equipment or participate in any activity or treatment that may present a threat to the resident's health or safety based on the resident's documented diagnosis, treatment needs, developmental levels, social skills, verbal skills, or personal history; or",
            "evidence": "Based on documentation review, record review and interview, the administrator failed to ensure a resident does not use or have any access to any materials, furnishings, or equipment or participate in any activity or treatment which may present a threat to the resident or share any space, participate in any activity or treatment, or verbally or physically interact with any other resident that may present a threat to the residents health or safety. The deficient practice posed a risk to the health and safety of R1 as a negative outcome occurred.",
            "findings": "1. A review of facility documentation revealed an incident report dated November 25, 2024. The report stated, \" Name: [R1]... Date and Time Tracking: Date of Incident: 11/20/2024; Report Created: 11/25/2024; Submitted T/RHBA: 11/25/2024 4:08:58 PM... Member Diagnoses: F32.3 Major Depressive Disorder, Single Episode, Severe with Psychotic Features; Incident Information: Date of Incident: 11/20/2024; Time of Incident: 10:15 AM... Description of the Incident: At about 10:15 on 11/20/2024, member exhibited DTS behavior by tying a draw string around [R1's] neck and attempting to choke [R1] with it. At the time, staff 1 was with member, and this writer intervened upon observing member starting to tie the draw string around [R1's] neck. Writer utilized a two-finger swoop between members neck and the draw string to prevent member from further tightening the draw string. Writer attempted to utilize verbal de-escalation while maintaining physical intervention, however member was non-verbal to writers attempts. At this point, member had dropped to the floor, and this writer adjusted accordingly to maintain intervention. Writer requested additional assistance from site supervisor and directed... to bring scissors to cut the draw string, as member was declining to respond to verbal prompts. Writer directed staff member to utilize a modified safety hold of members hands from the front of the member as this writer was behind member and a proper safety hold was unable to be completed. This writer assisted site supervisor in cutting the draw string from a safe distance of the members neck, to prevent further injury. Upon draw string being cut, writer instructed staff 1 to release hold. Member was in a modified hold for less than 30 seconds. Member remained on floor, with no visible signs of injury. Writer continued to monitor member and engaged in verbal de-escalation with member. Member provided verbal responses and was engaged with this writer regarding [R1's] thoughts/feelings. Guardian was contacted at 10:40 by site supervisor. It was determined that member required higher level of care, therefore the site supervisor contacted [inpatient facility]. AMR transport was contacted at 13:16. Member was monitored 1:1 from time of incident until AMR transport at 16:15. Guardian was contacted at 16:28 for updates; Incident Type: Safety/Risk Management; Member Condition Before Incident: Member was noncompliant with schedule and staff reported that member may have been in possession of the draw string, however, were unable to verify until time of incident. Member was walking around the DR unit and additionally requesting to speak with this writer; Member Condition After Incident: Member was verbal and engaged following the incident and was able to speak with this writer regarding incident. Member remained in [R1's] room resting/sleeping and was 1:1 with staff; Witnesses: [E10], [E11]; Medical Services Received: Medical services were not provided following incident. Writer conducted check of members neck to ensure no injuries were sustained. Member did not report any pain or discomfort and had no visible signs of injury; Actions Taken and/or Recommended: Staff debriefed with supervisor following the incident. Member was supervised until AMR arrived to transport the member to [inpatient facility]. Member's crisis plan will be updated and reviewed. Staff will follow up with guardian on the member's status; Notifications: Case Management/Assigned CSP/Provider, Parent/Guardian/TSS Case Worker, AMR for transportation; Clinical Director Review: Clinical Director: [E12]; Electronic Signature Date: 11/25/2024; Member has a history of self-harming behaviors in the form of scratching self, biting nails short until they bleed, and cutting. Member has an active crisis plan in [R1's] EHR that was completed on 10/4/2024. Member was assessed for risk on 11/20/2024. Member was transported to [inpatient facility] via AMR on 11/20/2024. The residential RN completed a nurse to nurse with [inpatient facility] prior to member going to [inpatient facility]. Step to prevent further incidents are to have all member remove draw strings from clothing and shoe and will be able to earn the items back once they are on level to engage in community outings (at least 2 weeks). Current member will remove string from clothing and shoes until they are on level to engage in community outings. Guardian was notified and updated throughout crisis...\" 2. A review of R1's medical record revealed a comprehensive assessment dated October 4, 2024. The assessment stated, \" What Are You Seeking Help for Today?:.. Presenting issues: Member was referred to the AIC for self-injury, suicidal behavior, and reporting hallucinations; Self- injury: Guardian reports that member has a hx of cutting, hitting head on wall, and hitting knuckles on tables and biting [R1's] lip and fingers until they bleed. Member reported that [R1] acts on self-harm when [R1] is feeling depressed. Guardian additionally reported that member has been \"purging\"; Suicidal behavior: Guardian reported that member has been exhibiting suicidal behaviors since February, stating the member has disclosed SI and plan to school counselor... Guardian states that [R1] has not witnessed suicidal behavior. Member reported that [R1] reports SI to counselor, stating that [R1] informed counselor that [R1] was going to \"hang [R1]\"; Reporting Hallucinations: Guardian reports that member hears voices \"all the time\" and that they are \"whispers\"; Guardian states that member has command AH and they will tell member to harm [R1]. Member reports that AH is in the form of whispering and that they will whisper [R1's] name. Member reports hearing whispers throughout the day, however they only command member when [R1] is triggered. Member states that [R1's] triggers include arguing and banging. Member reported that [R1] currently is not hearing voices upon return from [facility], Member was discharged from the AIC to [facility] on 5/29/23 due to self-harm... Past Risk and Alerts: History of non-suicidal/self-injurious behavior: Yes; Please Elaborate: Member has hx of self- harming behaviors, to include cutting. Member will additionally bite [R1's] nails 'very short' until they bleed and will engage in scratching; Imminent Stressors?: No; Does Individual Have Current of Past Difficulties with Anger Management?: No; Has the Individual Ever Been Destructive to Property?: No; Has Individual Ever Been Violent Towards Persons?: Yes, 05/30/2024, [facility] Staff; Did Violence Result in Injury?: No; Did Violence Ever Involved the Use of a Weapon?: No...\" 3. In an interview, E1 reported R1 acquired the draw string from R1's sport shorts. 4. In an interview, E1 reported R1 was discharged to a higher level of care following the incident. Plan of Correction Name, title and/or Position of the Person Responsible Date temporary correction was implemented Date permanent correction will be complete Temporary Solution Permanent Solution Monitoring"
        }
    ]
}