{
    "legal_name": "INTERMOUNTAIN CENTERS FOR HUMAN",
    "facility_status": "Active",
    "address": "8571 East Tanque Verde Road, Tucson, AZ 85749",
    "license_status": "Active",
    "phone": "5207211887",
    "license_number": "BH1618",
    "max_licensed_capacity": "8",
    "license_effective_date": "9/1/2025",
    "chief_administrative_officer": "Rose Lopez",
    "license_expires_date": "8/31/2026",
    "owner_licensee": "INTERMOUNTAIN CENTERS FOR HUMAN",
    "inspection_number": "INSP-0073249",
    "inspection_date": "12/17/2024",
    "inspection_type": "Complaint",
    "certificate_number": "Initial Comments",
    "deficiencies": [
        {
            "rule": "C. An administrator shall ensure that: 5. Unless otherwise stated: a. Documentation required by this Article is provided to the Department within two hours after a Department request; and",
            "evidence": "Based on record review, documentation review, and interview, the administrator failed to ensure documentation required by Article 7 was provided to the Department within two hours after a Department request. The deficient practice posed a risk as the Department was unable to determine substantial compliance.",
            "findings": "1. The Compliance Officer requested the following at 9:08 AM: -Resident Medical Records (complete with all required documents) for R1, R2, R3, and residents discharged within the last 12 months; - Personnel Records (complete with all required documents) for E1, E2, E3, E4, E5, and E6; - Policies and procedures; -Scope of services; - Employee disaster drills from the last 12 months; -Resident and employee evacuation drills from the last 12 months; -Current Fire Inspection Report; -Clinical Oversight for BHT's; and -Incident Reports from the last 12 months. 2. The following documentation was not provided to the Compliance Officer for review by 11:08 AM: -Resident Medical Records (complete with all required documents) for R1, R2, R3, and residents discharged within the last 12 months; - Documentation of a discharge summary for R1; -Documentation of the completed training of emergency safety responses for applicable personnel members; -Clinical Oversight for E1, E4, and E5; and -All Incident Reports from the last 12 months. 3. In an exit interview, E1, O1, O2, O3, O4, O5, and O6 reviewed the findings and no additional documentation was provided. Plan of Correction Name, title and/or Position of the Person Responsible Date temporary correction was implemented Date permanent correction will be complete Temporary Solution Permanent Solution Monitoring"
        },
        {
            "rule": "B. An administrator shall ensure that: 2. A personnel member's skills and knowledge are verified and documented: b. According to policies and procedures; and",
            "evidence": "Based on documentation review, record review, and interview, the administrator failed to ensure a personnel member's skills and knowledge were verified and documented according to policies and procedures, for five of six personnel records sampled. The deficient practice posed a risk as a process reinforces and clarifies standards expected of employees.",
            "findings": "1. A review of the facility's policies and procedures revealed a policy and procedure titled, \"Staff Qualifications\" (revised December 2023). The policy and procedure stated, \"The qualifications, skills, and knowledge required for each type of personnel member are based on... c. The qualifications, skills, and knowledge include... iii. The type and duration of education that the personnel member has or that may allow the personnel member to acquire the specific skills and knowledge needed to provide the expected services listed in the job description.\" 2. A review of facility documentation revealed a document titled, \"[Behavioral Health Technician] Job Description[.]\" The document stated, \"Qualifications: Experience - One year verified experience volunteering or working with children diagnosed with Autism Spectrum Disorder (ASD) or related disabilities... Certification - Registered Behavior Technician (RBT) certification required (within 90 days from beginning the training curriculum).\" 3. A review of E1's, E2's, E3's, E4's, and E5's personnel records revealed the personnel were hired as a Behavioral Health Technicians. However, documentation of RBT certification within 90 days from beginning the training curriculum for E1, E2, E3, E4, and E5 was not available for review. 4. In an exit interview, E1, O1, O2, O3, O4, O5, and O6 reviewed the findings and no additional documentation or statements were provided. Plan of Correction Name, title and/or Position of the Person Responsible Date temporary correction was implemented Date permanent correction will be complete Temporary Solution Permanent Solution Monitoring"
        },
        {
            "rule": "A. An administrator shall ensure that: 1. A resident is admitted based upon: b. The resident's behavioral health issue and treatment needs are within the behavioral health residential facility's scope of services;",
            "evidence": "Based on documentation review, record review and interview, the administrator failed to ensure a resident's behavioral health issue and treatment needs were within the behavioral health residential facility's scope of services. The deficient practice posed a health and safety risk as R1 and R2 were actively a danger to other residents.",
            "findings": "A.A.C. R9- 10-101(31) \"Behavioral health inpatient facility\" means a health care institution that provides continuous treatment to an individual experiencing a behavioral health issue that causes the individual to: Have a limited or reduced ability to meet the individual's basic physical needs; Suffer harm that significantly impairs the individual's judgment, reason, behavior, or capacity to recognize reality; Be a danger to self; Be a danger to others; Be persistently or acutely disabled, as defined in A.R.S. \\'a7 36-501; or Be gravely disabled. A.A.C. R9-10-101(36) \"Behavioral health residential facility\" means a health care institution that provides treatment to an individual experiencing a behavioral health issue that: a. Limits the individual's ability to be independent, or b. Causes the individual to require treatment to maintain or enhance independence. 1. A review of the facility's policies and procedures revealed a section titled \"ASSESSMENT AND INTERVENTION (AIC) BEHAVIORAL HEALTH RESIDENTIAL FACILITY PROGRAM DESCRIPTION.\" The program description contained a section titled AIC Scope which stated, \"Assessment and Intervention (AIC) program has been established to fill the need for a Level II community-based program for the care and treatment for seriously emotionally disabled children who would otherwise be in higher levels of care. The program has a capacity to serve up to eight children, male or female, between the ages of 8-17. Referral issues are reviewed prior to a client's placement to ensure that those issues will not impact negatively on clients already placed at AIC. Staff are expected to circulate among clients so that clients are not left unattended for more than fifteen minutes during waking hours ...Admission Criteria: Appropriate candidates and circumstances are included in the Inclusionary and Exclusionary Criteria. Exclusionary Criteria:...Members with medical complexities exceeding the facility's ability to safely manage their care. Members who are exhibiting behaviors that are unable to be safely managed in the program setting...\" 2. A review of R1's (admitted November 2024) medical record revealed a \"Comprehensive Assessment\" dated November 11, 2024, which stated, \"Presenting Concerns... [R1] was reported to have the following behaviors: Verbal and physical aggression, passive [suicidal ideation], [danger to self], [danger to others], head banging, destruction of property due to denied access... the behaviors can last a couple of hours or the whole day depending on whether [R1] is not able to have to do the task requested[,] i.e.[,] brush teeth, do homework... Risk Assessment Details: Suicide... Admits... 01/11/2024... Does the individual have current or past difficulties with anger management? Yes... [parent] reported [R1] becomes verbally and physically aggressive with denied access, set expectations of daily hygiene, and anxiety... Assessment/Diagnosis... Autistic disorder... Profound intellectual disabilities...\" 3. A review of facility documentation revealed an \"Incident, Accident or Death Report,\" dated December 13, 2024 which detailed an incident which took place on December 11, 2024. The report stated, \"[R1] was pacing in the house... staff attempted to redirect [R1] back to task, but [R1] ignored staff completely... [R1] did not complete any form of morning hygiene... staff noted [R1] has been wearing the same outfit for days... [R1] asked for a break... staff noticed [R1] became increasingly upset kicking the fence/attempting to break the locks, swearing and yelling... staff went back outside where [R1] was seen punching [R1's] head with [R1's] fists over thirty times... after 30 minutes [R1] transitioned inside with staff... but when learning [R1] could not have a preferred item [R1] eloped outside screaming, crying, and hitting self... [R1] laid on the ground coughing up blood... as staff called crisis mobile and TPD, [R1] continued to bang head on rocks ten times... EMTs arrived advising [R1] to be seen at a medical center... Before escalation [R1's] mood was depressed/anxious...\" 4. In an exit interview, E1, O1, O2, O3, O4, O5, and O6 reviewed the findings and no additional documentation or statements were provided. This is a repeated deficiency from the complaint investigation conducted on November 21, 2024. Plan of Correction Name, title and/or Position of the Person Responsible Date temporary correction was implemented Date permanent correction will be complete Temporary Solution Permanent Solution Monitoring"
        }
    ]
}