{
    "legal_name": "INTERMOUNTAIN CENTERS FOR HUMAN",
    "facility_status": "Active",
    "address": "2502 North Dodge Boulevard, Suite 160, Tucson, AZ 85716",
    "license_status": "Active",
    "phone": "5207211887",
    "license_number": "BH7317",
    "max_licensed_capacity": "10",
    "license_effective_date": "1/30/2025",
    "chief_administrative_officer": "Rose Lopez",
    "license_expires_date": "1/31/2026",
    "owner_licensee": "INTERMOUNTAIN CENTERS FOR HUMAN",
    "inspection_number": "INSP-0133789",
    "inspection_date": "6/12/2025",
    "inspection_type": "Complaint",
    "certificate_number": "BH7317",
    "deficiencies": [
        {
            "rule": "A.R.S. \u00a7 36-420.01.A. Health care institutions; fall prevention and fall recovery; training programs; definition A. Each health care institution shall develop and administer a training program for all staff regarding fall prevention and fall recovery. The training program shall include initial training and continued competency training in fall prevention and fall recovery. A health care institution may use information and training materials from the department's Arizona falls prevention coalition in developing the training program.",
            "evidence": "Based on documentation review and record review, the administrator failed to administer a training program for all staff regarding fall prevention and fall recovery to include initial training in fall prevention and fall recovery, for one of eight personnel members sampled. The deficient practice posed a risk as organized instruction and information related to resident care and safety was not implemented, and the repeat violation shows a pattern of non- compliance to ensure the health and safety of residents.",
            "findings": "R9-10-101.167. \u201cPersonnel member\u201d means, except as defined in specific Articles in this Chapter and excluding a medical staff member, a student, or an intern, an individual providing physical health services or behavioral health services to a patient. 1. A review of facility documentation revealed an undated fall prevention and fall recovery training program titled \u201cPreventing Falls.\u201d 3. A review of E8\u2019s (hired in February 2025 as a behavioral health technician) personnel record revealed no initial training in fall prevention and fall recovery. 4. In an interview, E1 reported E8 was not considered personnel members but rather a contracted employee from a staffing agency. E1 reported contracted employees did not have access to Relias, where the fall prevention and fall recovery training was completed. E1 reported the staffing agency \u201cAltra\u201d provided the facility with a personnel record. E1 acknowledged personnel members who provide behavioral health services to residents, including contracted personnel members, were required to have initial training in fall prevention and fall recovery. 5. In an exit interview, the findings were discussed with E1, E2, E3 (virtually), and E4 (virtually) and no additional statements or documentation were provided. This is a repeat violation from the compliance inspection and complaint investigation completed on July 11, 2024. Plan of Correction Name, title and/or Position of the Person Responsible Joseph Salome Meraz, Desert River Site Supervisor, Carleigh Rabago, Desert River Counselor Date temporary correction was implemented 2025-06-12 Date permanent correction will be complete 2025-08-05 Temporary Solution Weekly checklists will be completed by the site supervisor to ensure that all staff have completed the training required. Permanent Solution All trainings need and will be completed by staff before they can be scheduled, and site supervisor will audit all staffs training record on a weekly basis. Monitoring Monitoring of all staff training compliance will be completed via supervisor weekly checklists that are then submitted to leadership"
        },
        {
            "rule": "R9-10-703.C.2.d. Administration C. An administrator shall ensure that: 2. Policies and procedures for behavioral health services and physical health services are established, documented, and implemented to protect the health and safety of a resident that: d. Cover emergency safety responses;",
            "evidence": "Based on documentation review, record review, and interview, the administrator failed to implement policies and procedures to protect the health and safety of residents to cover emergency safety responses. The deficient practice posed a risk as policies and procedures reinforce and clarify standards expected of personnel members and those standards were not complied with.",
            "findings": "1. A review of facility documentation revealed a policy and procedure, dated in May 2024, titled \u201cEmergency Safety Response.\u201d The policy stated \u201cWithin 24 hours after an emergency safety response is used for a member, the following information is entered into the member\u2019s medical record: a. The date and time the emergency safety response was used; b. The name of each staff member who used an emergency safety response; c. The specific emergency safety response used; d. The staff member or member behavior, event, or environmental factor that caused the need for the emergency safety response; and e. Any injury that resulted from the emergency safety response.\u201d 2. A review of facility documentation revealed an incident report, dated in May 2025, revealed an emergency safety response was used on R1 in May 2025. 3. A review of R1\u2019s (admitted in May 2025) medical record revealed no documentation to include the date and time the emergency safety response was used; the name of each staff member who used an emergency safety response; the specific emergency safety response used; the staff member or member behavior, event, or environmental factor that caused the need for the emergency safety response; and any injury that resulted from the emergency safety response. 4. In an interview, E1 reported E2 was directly involved in the emergency safety response implemented on R1. 5. In an interview, E2 reported E2 attempted two emergency safety holds and was unsuccessful on both attempts. E2 reported E2 utilized a bite release hold on R1 and was successful. E2 acknowledged each attempt was not documented in the medical record. 6. In a joint interview, E1 and E2 acknowledged the emergency safety response policy and procedure was not implemented. 7. In an exit interview, the findings were discussed with E1, E2, E3 (virtually) and E4 (virtually) and no additional statements or documentation were provided. Plan of Correction Name, title and/or Position of the Person Responsible Joseph Salome Meraz, Desert River Site Supervisor. Date temporary correction was implemented 2025-06-18 Date permanent correction will be complete 2025-08-05 Temporary Solution All staff were required to complete an Incident Report training and review policy concerning emergency safety responses. Permanent Solution All unit staff will ensure that incident reports include information related to the names of all staff involved and that information is documented in the members EHR. Any follow up reports will or responses will be documented via progress notes in the EHR. Monitoring Site Supervisor is responsible for reviewing incident reports from the previous day, to ensure accuracy of reporting and documentation. This will be monitored by daily checklist that supervisor fills out, signs and emails to leadership."
        },
        {
            "rule": "R9-10-703.C.2.t. Administration C. An administrator shall ensure that: 2. Policies and procedures for behavioral health services and physical health services are",
            "evidence": "Based on documentation review and interview, the administrator failed to implement policies and procedures to protect the health and safety of a resident to cover how the established, documented, and implemented to protect the health and safety of a resident that: t. Cover how the behavioral health residential facility will respond to a resident's sudden, intense, or out-of-control behavior to prevent harm to the resident or another individual; behavioral health residential facility would respond to a resident\u2019s sudden, intense, or out- of-control behavior to prevent harm to the resident or another individual. The deficient practice posed a risk as policies and procedures reinforce and clarify standards expected of personnel members and these standards were not complied with.",
            "findings": "1. A review of facility documentation revealed a policy and procedure, dated in May 2024, titled \u201cBehavior Management Techniques.\u201d The policy stated \u201cIf an individual engages in a sudden, unanticipated and out-of-control aggressive or destructive behavior, which is endangering the health or safety of the individual or another individual, the following shall be done: a. Staff will initially utilize preventative interventions which may include, but are not limited to the following techniques: b. Calm request to cease behavior. c. Calm redirection to a more desirable (to the community) task or activity. d. Removing other individuals from the immediate area. e. Removing any potentially dangerous objects from the immediate area. f. Utilization of a novel, distracting and interrupting stimuli. g. Defensive positioning. h. Calling for assistance\u2026\u201d 2. A review of facility documentation revealed security camera footage, dated in June 2025. The footage revealed R4 was physically attacked by R5 while E5 was present in the room. The footage revealed R4 was backed into the wall on multiple occasions while E5 followed behind R5. E5 was seen attempting to place themselves between R4 and R5 but was unsuccessful on multiple occasions. The footage also revealed at least three residents, who were not involved, watched R5 attack R4. R5 was seen, at one point, leaving the room and re-entering the room to continue attacking R4. The security footage revealed E5 did not request R5 to cease attacking R4, to redirect R5, to remove stimuli, to use defensive positioning, or call for assistance. 3. In a joint interview, E1 and E2 reported this was the first they had seen the security camera footage. E1 and E2 acknowledged, after watching the camera footage, E5 did not appear to implement the sudden, intense, or out-of-control behavior policy and procedure. 4. In an exit interview, the findings were discussed with E1, E2, E3 (virtually), and E4 (virtually) and no additional statements or documentation were provided. Plan of Correction Name, title and/or Position of the Person Responsible Joseph Salome Meraz, Desert River Site Supervisor Date temporary correction was implemented 2025-06-18 Date permanent correction will be complete 2025-08-05 Temporary Solution E5 was provided individual training and supervision by an ICHD certified safety care trainer to address deficiencies in the response to the crisis event. Permanent Solution All staff are required to complete safety care training which covers the appropriate response to highly acute members or acts of aggression. All staff are required to attend recertification of this class on a yearly basis. Monitoring Site supervisor will audit staff trainings on a weekly basis to ensure that all staff trainings are up to date."
        },
        {
            "rule": "R9-10-711.B.1. Resident Rights B. An administrator shall ensure that: 1. A resident is treated with dignity, respect, and consideration;",
            "evidence": "Based on observation and interview, the administrator failed to ensure a resident was treated with dignity, respect, and consideration. The deficient practice posed a risk as the repeat violation shows a pattern of noncompliance to ensure the health and safety of residents.",
            "findings": "1. The Compliance Officer observed locked bathrooms. 2. In an interview, R3 stated \u201cYou have to wait,\u201d in regards to using the facility bathroom. R3 reported residents are unsure where staff are at night. R3 stated R3 \u201chad issues at night time finding staff and getting [hygiene products].\u201d 3. In an interview, R6 reported staff were hard to find at night to use the bathroom. 4. In a joint interview, E1 and E2 reported bathrooms were locked for the safety of residents and residents were never refused to use the bathroom. E1 and E2 acknowledged residents waiting to use the bathroom, and waiting for hygiene products, while struggling to find a personnel member was not treating residents with dignity, respect, and consideration. 5. A review of facility documentation revealed security camera footage, dated in June 2025. The footage revealed R4 was physically attacked by R5 while E5 was present in the room. The footage revealed R4 was backed into the wall on multiple occasions while E5 followed behind R5. E5 was seen attempting to place themselves between R4 and R5 but was unsuccessful on multiple occasions. The footage also revealed at least three residents, who were not involved, watched R5 attack R4. R5 was seen, at one point, leaving the room and re- entering the room to continue attacking R4. 6. In an interview, R4 reported R4 was hurt after the incident with R5 and R4\u2019s neck hurt and R4 had a scratch on R4\u2019s finger. R4 reported R5 hit R4 in the head three (3) times. R4 reported R4 did not receive medical attention or seen by the registered nurse. 7. In a joint interview, E1 and E2 acknowledged R4 was not treated with dignity, respect, and consideration as R5 was allowed to continued to assault R4 in front of personnel members and R4 was injured and did not receive medical attention or evaluated by the registered nurse. E1 and E2 acknowledged R4 was not treated with dignity, respect, and consideration as residents who were not involved in the altercation were bystanders and watched the altercation without attempting to be removed from the area. 8. In an exit interview, the findings were discussed with E1, E2, E3 (virtually), and E4 (virtually) and no additional statements or documentation were provided. This is a repeat violation from the complaint inspection completed on May 3, 2024. Plan of Correction Name, title and/or Position of the Person Responsible Joseph Salome Meraz, Desert River Site Supervisor Date temporary correction was implemented 2025-06-12 Date permanent correction will be complete 2025-06-13 Temporary Solution All bathroom and room doors were unlocked. The door leading to the courtyard was also unlocked. Trained employees on the importance of emergency safety responses when members become physically aggressive. Permanent Solution All bathroom, room, and courtyard door will always remain unlocked. Staff will employee emergency safety responses when members become physically aggressive. Monitoring Site supervisor will check doors daily to ensure bathroom, courtyard and room doors remain unlocked while at the same time all members have access to food and water without having to wait. Supervisor will review camera footage the next day to ensure staff used appropriate safety response."
        },
        {
            "rule": "R9-10-711.B.3.b. Resident Rights B. An administrator shall ensure that: 3. Except as provided in subsection (C) or (D), and unless restricted by the resident's representative, a resident is allowed to: b. Have privacy in correspondence, communication, visitation, financial affairs, and personal hygiene; and",
            "evidence": "Based on observation, record review, and interview, the administrator failed to ensure a resident was allowed to have privacy in communication and visitation.",
            "findings": "1. The Compliance Officers observed a conference room with a security camera installed. 2. In an interview, E2 reported residents met with visitors in the conference room. E2 acknowledged residents did not receive privacy in visitation. 3. In an interview, R4 stated personnel members listen to resident phone calls on speaker phone in \"the bubble.\" 4. In an interview, E2 reported residents may be required to have their phone calls monitored if residents have outbursts or are triggered on certain phone calls. E2 acknowledged unless clearly indicated in the resident\u2019s treatment plan, residents have the right to receive privacy in communication. 5. A review of R4's (admitted in April 2025) medical record revealed R4's treatment plan, dated in April 2025. However, the treatment plan did not include documentation to restrict R4's ability to have privacy in communication, per R9-10-711(D). 6. In an exit interview, the findings were discussed with E1, E2, E3 (virtually), and E4 (virtually) and no additional statements or documentation were provided. Plan of Correction Name, title and/or Position of the Person Responsible Joseph Salome Meraz, Desert River Site Supervisor Date temporary correction was implemented 2025-06-18 Date permanent correction will be complete 2025-06-18 Temporary Solution All-staff meeting was completed, and staff were told that all members have the right to privacy via communication. The security camera was removed from the conference room to provide privacy during family visitations. Permanent Solution Staff will ask members if it is alright to have the phone on speaker or if they would like privacy. To ensure privacy between members and their visitors, the visits will take place in conference room where the camera is removed. Monitoring During intake, guardians and members are informed about procedures during phone calls. The Site Supervisor will observe staff in practice daily to ensure compliance. Supervisor will ensure camera is off in the conference room where visits occur."
        },
        {
            "rule": "R9-10-716.A.7.b. Behavioral Health Services A. An administrator shall ensure that: 7. A resident does not: b. Share any space, participate in any activity or treatment, or verbally or physically interact with any other resident that may present a threat to the resident's health or safety, based on the other resident's documented diagnosis, treatment needs, developmental levels, social skills, verbal skills, and personal history.",
            "evidence": "Based on record review and interview, the administrator failed to ensure a resident did not share any space, or verbally or physically interact with any other resident who posed a threat to the resident\u2019s health or safety based on the other resident's documented diagnosis. The deficient practice posed a risk as R5 physically attacked R4.",
            "findings": "1. A review of facility documentation revealed security camera footage, dated in June 2025. The footage revealed R4 was physically attacked by R5 while E5 was present in the room. The footage revealed R4 was backed into the wall on multiple occasions while E5 followed behind R5. E5 was seen attempting to place themselves between R4 and R5 but was unsuccessful on multiple occasions. The footage also revealed at least three residents, who were not involved, watched R5 attack R4. R5 was seen, at one point, leaving the room and re-entering the room to continue attacking R4. 2. A review of R5\u2019s (admitted in April 2025) medical record revealed R5\u2019s behavioral health assessment, dated in April 2024. R5\u2019s assessment stated \u201cMother shared that members suicidal behaviors include statements stating that [R5] has shared that \u2018[R5] does not want to live past 18yo [sic]\u2019 and homicidal behaviors include consistent thoughts of wanting to \u2018kill us\u2019 and \u2018has jumped out of a window\u2019 due to thoughts of wanting to harm [R5\u2019s] brothers. Member has acted upon HI [homicidal ideations] towards brothers, to include chasing brother with a baseball bat stating that member reported \u2018I would have killed him if I caught up to him.\u201d Mother shared additionally incidents include holding a pillow over [R5\u2019s] older brothers face to the point where brother began \u2018struggling and waking up\u2019\u2026\u201d 3. In an interview, R4 reported R4 felt unsafe due to the incident. 4. In a joint interview, E1 and E2 reported this was the first they had seen the camera footage. E1 and E2 acknowledged, after watching the camera footage, R4 was allowed to share a space with R5 and R5 had a history of violence and homicidal ideations. 5. In an exit interview, the findings were discussed with E1, E2, E3 (virtually), and E4 (virtually) and no additional statements or documentation were provided. Plan of Correction Name, title and/or Position of the Person Responsible Joseph Salome Meraz, Desert River Site Supervisor Date temporary correction was implemented 2025-06-13 Date permanent correction will be complete 2025-08-05 Temporary Solution Member who was the aggressor in the mentioned event had an emergency CFT scheduled and was discharged to a DCS group home as parents did not feel safe with her at home. Permanent Solution Desert River will assess member behaviors as treatment progresses to address and arising safety concerns and refer out as appropriate. Monitoring Member pre-admit documentation will be reviewed to determine if said member is appropriate for Desert River and staffing completed to discuss dynamics or safety of all members should they admit."
        },
        {
            "rule": "R9-10-716.E.2.a. Behavioral Health Services E. An administrator shall ensure that: 2. Within 24 hours after an emergency safety response is used for a resident, the following information is entered into the resident medical record: a. The date and time the emergency safety response was used;",
            "evidence": "Based on documentation review, record review, and interview, the administrator failed to ensure within 24 hours after an emergency safety response was used for a resident, the date and time the emergency safety response was used was entered into the resident record, for one of four resident records sampled.",
            "findings": "1. A review of facility documentation revealed an incident report, dated in May 2025, revealed an emergency safety response was used on R1 in May 2025. 2. A review of R1\u2019s (admitted in May 2025) medical record revealed no documentation to include the date and time the emergency safety response was used. 3. In an interview, E2 reported E2 attempted two emergency safety holds and was unsuccessful on both attempts. E2 reported E2 utilized a bite release hold on R1 and was successful. 4. In a joint interview, E1 and E2 acknowledged R1\u2019s medical record did not include documentation of the date and time the emergency safety response was used. \ufeff5. In an exit interview, the findings were discussed with E1, E2, E3 (virtually) and E4 (virtually) and no additional statements or documentation were provided. Plan of Correction Name, title and/or Position of the Person Responsible Joseph Salome Meraz, Desert River Site Supervisor Date temporary correction was implemented 2025-06-18 Date permanent correction will be complete 2025-08-05 Temporary Solution All-staff meeting held and staff completed an IR training. Permanent Solution Staff will ensure that they are putting the times/dates/persons contacted or involved in reported incidents. Staff will ensure the date and time of the emergency safety response used is uploaded to health record within 24 hours of the when the emergency safety response was used. Monitoring Site supervisor is responsible for reviewing the previous day\u2019s IR and ensuring correct information entered and responses utilized."
        },
        {
            "rule": "R9-10-716.E.2.b. Behavioral Health Services E. An administrator shall ensure that: 2. Within 24 hours after an emergency safety response is used for a resident, the following information is entered into the resident medical record: b. The name of each personnel member who used an emergency safety response;",
            "evidence": "Based on documentation review, record review, and interview, the administrator failed to ensure within 24 hours after an emergency safety response was used for a resident, the name of each personnel member who used an emergency safety response was entered into the resident record, for one of four resident records sampled.",
            "findings": "1. A review of facility documentation revealed an incident report, dated in May 2025, revealed an emergency safety response was used on R1 in May 2025. 2. A review of R1\u2019s (admitted in May 2025) medical record revealed no documentation to include the name of each personnel member who used an emergency safety response on R1 in May 2025. 3. In an interview, E2 reported E2 attempted two emergency safety holds and was unsuccessful on both attempts. E2 reported E2 utilized a bite release hold on R1 and was successful. 4. In a joint interview, E1 and E2 acknowledged R1\u2019s medical record did not include documentation of each personnel member who used an emergency safety response on R1. 5. In an exit interview, the findings were discussed with E1, E2, E3 (virtually) and E4 (virtually) and no additional statements or documentation were provided. Plan of Correction Name, title and/or Position of the Person Responsible Joseph Salome Meraz, Desert River Site Supervisor Date temporary correction was implemented 2025-06-13 Date permanent correction will be complete 2025-06-18 Temporary Solution Staff who completed IR was asked to redo IR to add the names of personnel involved and submit the IR as a progress note so it is on members EHR. Permanent Solution Staff received an IR retraining and went over proper documentation, reporting and medical safety response. The name of each personnel member who used an emergency safety response\u2019s information will be uploaded to medical record within 24 hours of the use of the emergency safety response. Monitoring Site supervisor is responsible for reviewing the previous day\u2019s IR and ensuring correct information entered and responses utilized."
        },
        {
            "rule": "R9-10-716.E.2.c. Behavioral Health Services E. An administrator shall ensure that: 2. Within 24 hours after an emergency safety response is used for a resident, the following information is entered into the resident medical record: c. The specific emergency safety response used;",
            "evidence": "Based on documentation review, record review, and interview, the administrator failed to ensure within 24 hours after an emergency safety response was used for a resident, the specific emergency safety response used was entered into the resident record, for one of four resident records sampled.",
            "findings": "1. A review of facility documentation revealed an incident report, dated in May 2025, revealed an emergency safety response was used on R1 in May 2025. 2. A review of R1\u2019s (admitted in May 2025) medical record revealed no documentation to include the specific emergency safety response used on R1 in May 2025. 3. In an interview, E2 reported E2 attempted two emergency safety holds and was unsuccessful on both attempts. E2 reported E2 utilized a bite release hold on R1 and was successful. 4. In a joint interview, E1 and E2 acknowledged R1\u2019s medical record did not include documentation of the specific emergency safety response used on R1 in May 2025. \ufeff5. In an exit interview, the findings were discussed with E1, E2, E3 (virtually) and E4 (virtually) and no additional statements or documentation were provided. Plan of Correction Name, title and/or Position of the Person Responsible Joseph Salome Meraz, Desert River Site Supervisor Date temporary correction was implemented 2025-06-13 Date permanent correction will be complete 2025-08-05 Temporary Solution A follow up progress note was put into members EHR that stated the specific medical response used for member. Permanent Solution Staff received guidance and training from Residential Nurse that included the correct medical response and reporting procedures after major incidents. Another EMS response training was set for all staff as well. The progress not containing the specific emergency safety response used will be uploaded to medical record within 24 hours. Monitoring Site supervisor is responsible for reviewing the previous day\u2019s IR and ensuring correct information entered and responses utilized."
        },
        {
            "rule": "R9-10-716.E.2.d. Behavioral Health Services E. An administrator shall ensure that: 2. Within 24 hours after an emergency safety response is used for a resident, the following information is entered into the resident medical record: d. The personnel member or resident behavior, event, or environmental factor that caused the need for the emergency safety response; and",
            "evidence": "Based on documentation review, record review, and interview, the administrator failed to ensure within 24 hours after an emergency safety response was used for a resident, the personnel member or resident behavior, event, or environmental factor that caused the need for the emergency safety response was documented in the resident record, for one of four resident records sampled.",
            "findings": "1. A review of facility documentation revealed an incident report, dated in May 2025, revealed an emergency safety response was used on R1 in May 2025. 2. A review of R1\u2019s (admitted in May 2025) medical record revealed no documentation of the personnel member or resident behavior, event, or environmental factor that caused the need for the emergency safety response used on R1 in May 2025. 3. In an interview, E2 reported E2 attempted two emergency safety holds and was unsuccessful on both attempts. E2 reported E2 utilized a bite release hold on R1 and was successful. E2 reported R1 was upset as R1\u2019s parents dropped R1 off at the facility and R1\u2019s behavior escalated from there. 4. In a joint interview, E1 and E2 acknowledged R1\u2019s medical record did not include documentation of the personnel member or resident behavior, event, or environmental factor that caused the need for the emergency safety response used on R1 in May 2025. \ufeff5. In an exit interview, the findings were discussed with E1, E2, E3 (virtually) and E4 (virtually) and no additional statements or documentation were provided. Plan of Correction Name, title and/or Position of the Person Responsible Joseph Salome Meraz, Desert River Site Supervisor Date temporary correction was implemented 2025-08-06 Date permanent correction will be complete 2025-08-05 Temporary Solution All staff trained and made to document all environmental factors or behaviors leading up to incident within a timely manner. Permanent Solution Staff will ensure the proper documentation of events leading up to incidents and upload to member EHR within 24 hours. The residents name, behavior, and or event that caused the need of the emergency safety response is uploaded to the medical record within 24 hours of then the emergency safety response was used Monitoring Site supervisor is responsible for reviewing the previous day\u2019s IR and ensuring correct information entered and responses utilized."
        },
        {
            "rule": "R9-10-716.E.2.e. Behavioral Health Services E. An administrator shall ensure that: 2. Within 24 hours after an emergency safety response is used for a resident, the following information is entered into the resident medical record: e. Any injury that resulted from the use of the emergency safety response;",
            "evidence": "Based on documentation review, record review, and interview, the administrator failed to ensure within 24 hours after an emergency safety response was used for a resident, any injury that resulted from the use of the emergency safety response was documented in the resident record, for one of four resident records sampled.",
            "findings": "1. A review of facility documentation revealed an incident report, dated in May 2025, revealed an emergency safety response was used on R1 in May 2025. 2. A review of R1\u2019s (admitted in May 2025) medical record revealed no documentation of any injury that resulted from the use of the emergency safety response on R1 in May 2025. 3. In an interview, E2 reported E2 attempted two emergency safety holds and was unsuccessful on both attempts. E2 reported E2 utilized a bite release hold on R1 and was successful. E2 reported R1 did not sustain any injuries. 4. In a joint interview, E1 and E2 acknowledged R1\u2019s medical record did not include documentation of any injury that resulted from the use of the emergency safety response used on R1 in May 2025. \ufeff5. In an exit interview, the findings were discussed with E1, E2, E3 (virtually) and E4 (virtually) and no additional statements or documentation were provided. Plan of Correction Name, title and/or Position of the Person Responsible Joseph Salome Meraz, Desert River Site Supervisor Date temporary correction was implemented 2025-05-27 Date permanent correction will be complete 2025-08-05 Temporary Solution Member was assessed by residential nurse to determine if she was hurt or needed medical attention. Permanent Solution Staff will ensure that medical personnel are contacted and assess members after all holds or major incidents. Staff will document any injury that resulted from the use of the emergency safety response into the medical record within 24 hours of when the emergency safety response was used. Monitoring Site supervisor is responsible for reviewing the previous day\u2019s IR and ensuring correct information entered and responses utilized."
        }
    ]
}