{
    "legal_name": "INTERMOUNTAIN CENTERS FOR HUMAN",
    "facility_status": "Active",
    "address": "2502 North Dodge Boulevard, Suite 160, Tucson, AZ 85716",
    "license_status": "Active",
    "phone": "5207211887",
    "license_number": "BH7317",
    "max_licensed_capacity": "10",
    "license_effective_date": "1/30/2025",
    "chief_administrative_officer": "Rose Lopez",
    "license_expires_date": "1/31/2026",
    "owner_licensee": "INTERMOUNTAIN CENTERS FOR HUMAN",
    "inspection_number": "INSP-0073268",
    "inspection_date": "3/13/2023",
    "inspection_type": "Complaint",
    "certificate_number": "Initial Comments",
    "deficiencies": [
        {
            "rule": "G. An administrator shall provide written notification to the Department of a resident's: 2. Self-injury, within two working days after the resident inflicts a self-injury or has an accident that requires immediate intervention by an emergency medical services provider.",
            "evidence": "Based on documentation review and interview, the administrator failed to provide written notification to the Department of a resident's self-injury, within two working days after the resident inflicts a self-injury that requires immediate intervention by an emergency medical services provider.",
            "findings": "1. A review of Department documentation revealed evidence the Department was notified by BH7317 of a resident's self-injury requiring immediate intervention by an emergency medical services provider was not available for review. 2. A review of documents titled, \"Incident, Accident or Death Report,\" revealed one report dated January 15, 2023, which documented an incident of self-injury inflicted by R1, which required immediate intervention by an emergency medical service provider. Further document review revealed a similar incident report dated March 8, 2023, which documented a March 7, 2023, incident of self-injury inflicted by R3, which required immediate intervention by an emergency medical service provider. 3. In an interview, E2 acknowledged written notification to the Department of either incident was not provided within two days as required. Plan of Correction Name, title and/or Position of the Person Responsible Date temporary correction was implemented Date permanent correction will be complete 2023-03-17 Temporary Solution Permanent Solution Monitoring"
        },
        {
            "rule": "B. An administrator shall ensure that: 3. Sufficient personnel members are present on a behavioral health residential facility's premises with the qualifications, experience, skills, and",
            "evidence": "Based on documentation review, interview, and record review the administrator failed to ensure sufficient personnel members were present on the facility's premises with the knowledge necessary to: a. Provide the services in the behavioral health residential facility's scope of services, b. Meet the needs of a resident, and c. Ensure the health and safety of a resident. qualifications, experience, skills and knowledge necessary to meet the needs of a resident and ensure the health and safety of a resident. The deficient practice posed a risk as personnel members did not have the documented skills and knowledge to meet the needs of the residents and ensure the health and safety of the residents.",
            "findings": "1. A review of R1's medical record revealed a behavioral health assessment (dated December 16, 2022) which indicated R1 presented, in part, with concerns for \"aggression, self-harm, suicidal ideation, and property damage.\" The assessment included a section titled, \"Legal,\" which indicated R1 \"was placed in Detention after assaulting a staff at [a medical facility].\" 2. A review of documents titled, \"Incident, Accident or Death Report,\" revealed one report dated January 15, 2023, which documented an incident of self-injury inflicted by R1 on the morning of January 15, 2023. The report indicated R1 was able to push past a personnel member to gain access to, and in an apparent effort to self-harm, consume an abundance of R1's medications, which were identified as \"28 Concerta 18mg tabs, approximately 50 1/2 tabs of Trazodone 50mg, 14 Prazosin HCL 2mg caps, 28 Trazodone 100 mg tabs, and 42 melatonin 3mg tabs.\" The report identified E5 and E6 as being witness to the incident. 3. In an interview, E1 advised E5 was the personnel member R1 pushed past in order to gain access to R1's medications. E1 reported E5 was not able to prevent R1 from gaining access to all of R1's medications due to R1's physical size and threats of violence by R1 towards E5 and R1. 4. A review of the staffing schedule for the month of January 2023, revealed E8, E9 and E10 were the only personnel members scheduled to work from \"7a-9p\" on January 15, 2023. The schedule did not identify E5 or E6 as having worked at any time on January 15, 2023. 5. In an interview, E2 advised E8 had called out sick on January 15, 2023, E9 was late and did not arrive until after the documented incident, and E10 was not present for work on January 15, 2023. E2 acknowledged E5 and E6 were not able to ensure the health and safety of R1 due to R1's threats of violence. Plan of Correction Name, title and/or Position of the Person Responsible Temporary Solution Permanent Solution Date temporary correction was implemented Date permanent correction will be complete 2023-04-03 Monitoring"
        },
        {
            "rule": "G. An administrator shall ensure that a personnel record is maintained for each personnel member, employee, volunteer, or student that includes: 3. Documentation of: a. The individual's qualifications, including skills and knowledge applicable to the individual's job duties;",
            "evidence": "Based on document review, record review and interview, the administrator failed to ensure a personnel record was maintained for each personnel member, employee, volunteer or student that included documentation of the individual's qualifications, including skills and knowledge applicable to the individual's job duties.",
            "findings": "1. A review of payroll invoice documents (dated January 23, 2023) revealed, E4 worked at BH7317, from \"07:00A - 09:30P.\" 2. A review of E4's (date of hire July 16, 2021) personnel record revealed no evidence of documentation demonstrating verification of E4's skills and knowledge was available for review. 3. In an interview, E11 acknowledged no evidence of documentation of verification of E4's skills and knowledge was available for review. Plan of Correction Name, title and/or Position of the Person Responsible Date temporary correction was implemented Date permanent correction will be complete 2023-04-17 Temporary Solution Permanent Solution Monitoring"
        },
        {
            "rule": "G. An administrator shall ensure that a",
            "evidence": "Based on document review and interview, the personnel record is maintained for each personnel member, employee, volunteer, or student that includes: 3. Documentation of: c. The individual's completed orientation and in- service education as required by policies and procedures; administrator failed to ensure that a personnel record was maintained for each personnel member, employee, volunteer, or student that includes documentation of the individual's completed orientation and in-service education as required by policies and procedures.",
            "findings": "1. A review of E5's (date of hire December 19, 2022) personnel record revealed no evidence of documentation demonstrating E5 received orientation was available for review. 2. A review of E6's (date of hire May 24, 2022) personnel record revealed no evidence of documentation demonstrating E6 received orientation was available for review. 3. In an interview, E11 acknowledged no evidence of documentation E5 or E6 received orientation was available for review. This is a repeat deficiency from a compliance survey conducted on February 13, 2023. Plan of Correction Name, title and/or Position of the Person Responsible Date temporary correction was implemented Date permanent correction will be complete 2023-04-07 Temporary Solution Permanent Solution Monitoring"
        },
        {
            "rule": "K. An administrator shall ensure that: 3. There is a daily staffing schedule that: b. Includes documentation of the employees who work each calendar day and the hours worked by each employee; and",
            "evidence": "Based on documentation review and interview, the administrator failed to ensure a daily staffing schedule included documentation of the employees who work each calendar day and the hours worked by each employee.",
            "findings": "1. A review of the facility staffing schedule for the month of January 2023, revealed E8, E9, and E10 were the only personnel members scheduled to work from \"7a-9p\" on January 15, 2023. 2. A documentation review revealed an incident report dated January 15, 2023, which indicated E5 and E6 were witness to the incident event. The schedule did not identify E5 or E6 as having worked at any time on January 15. 3. A review of payroll documents revealed E6 worked on January 15, 2023, from \"6:57 AM-11:06 PM,\" at a facility other than BH7317. Further review revealed documentation indicating E9 worked at BH7317 on the same date from \"11:18 AM- 9:08 PM.\" In addition, a review of a payroll invoice, dated January 23, 2023, revealed E4 worked at BH7317, from \"07:00A - 09:30P.\" 4. In an interview, E1 advised E8 had called out sick on January 15, 2023, E9 was late and did not arrive until after the documented incident, and E10 was not present for work on January 15, 2023. E1 acknowledged that the schedule did not contain accurate documentation of which personnel members were actually working and the hours the personnel members worked. Plan of Correction Name, title and/or Position of the Person Responsible Date temporary correction was implemented Date permanent correction will be complete 2023-04-15 Temporary Solution Permanent Solution Monitoring"
        },
        {
            "rule": "A. An administrator shall ensure that a treatment plan is developed and implemented for each resident that: 4. Includes: a. The resident's presenting issue;",
            "evidence": "Based on record review and interview, the administrator failed to ensure a treatment plan was developed which included the resident's presenting issue, for three of three residents sampled.",
            "findings": "1. A review of R1's medical record revealed a behavioral health assessment dated December 16, 2022. The behavioral health assessment included a section titled, \"Presenting Condition,\" which stated: \"Member was referred...for the following: Aggression, self-harm, suicidal ideation, and property damage...Member has been in and out of hospitals due to unsafe behaviors. Member was placed at [a detention facility] for assault...Members behaviors have decreased since being placed at [a detention facility].\" 2. A review of R1's medical record revealed a treatment plan dated December 16, 2022. However, the treatment plan did not include the resident's presenting issue as detailed in the resident's behavioral health assessment. 3. A review of R2's medical record revealed a behavioral health assessment dated September 14, 2022. The behavioral health assessment included a section titled, \"Presenting Condition,\" which stated: \"Member was referred...for the following concerns: Aggression towards peers, self- injury, and running away. Member...[hears] a voice that tells [R2], 'you aren't worth it.'\" The presenting condition continues, \"Member has a history of self-harm, physical and verbal aggression...\" 4. A review of R2's medical record revealed a treatment plan dated September 14, 2022. However, the treatment plan did not include the resident's presenting issue as detailed in the resident's behavioral health assessment. 5. A review of R3's medical record revealed a behavioral health assessment dated February 16, 2023. The behavioral health assessment included a section titled, \"Presenting Concerns,\" which stated: \"Member was referred...for the following: suicidal ideation, substance use, self- harming behaviors, aggression, property damage, and angry outburst...[Per guardian] R3 has disclosed R3's goal is to use as many drugs as possible to eventually kill R3. Member regularly uses marijuana, fentanyl, and meth, member will occasionally use alcohol and tobacco, and has at least once tried ketamine, percoets, whip its, huffing agents in hospital setting, member is known to eat hand sanitizer.\" 6. A review of R3's medical record revealed a treatment plan dated February 16, 2023. However, the treatment plan did not include the resident's presenting issue as detailed in the resident's behavioral health assessment. 7. In an interview, E1 acknowledged the presenting issue included in R1's, R2's and R3's behavioral health assessment was not included in R1's, R2's and R3's treatment plan. Plan of Correction Name, title and/or Position of the Person Responsible Date temporary correction was implemented Date permanent correction will be complete 2023-03-14 Temporary Solution Permanent Solution Monitoring"
        }
    ]
}