{
    "legal_name": "INTERMOUNTAIN CENTERS FOR HUMAN",
    "facility_status": "Active",
    "address": "2502 North Dodge Boulevard, Suite 190a, Tucson, AZ",
    "license_status": "Active",
    "phone": "5207211887",
    "license_number": "BH9011",
    "max_licensed_capacity": "10",
    "license_effective_date": "11/29/2024",
    "chief_administrative_officer": "Rose Lopez",
    "license_expires_date": "11/28/2025",
    "owner_licensee": "INTERMOUNTAIN CENTERS FOR HUMAN",
    "inspection_number": "INSP-0073296",
    "inspection_date": "2/6/2025",
    "inspection_type": "Complaint",
    "certificate_number": "Initial Comments",
    "deficiencies": [
        {
            "rule": "A. An administrator shall ensure that: 7. A resident does not: a. Use or have access to any materials, furnishings, or equipment or participate in any activity or treatment that may present a threat to the resident's health or safety based on the resident's documented diagnosis, treatment needs, developmental levels, social skills, verbal skills, or personal history; or",
            "evidence": "Based on record review, documentation review, and interview, the administrator failed to ensure a residents did not have access to any materials to present a threat to the resident's health or safety based on the documented diagnosis for R1 and treatment needs for R1 and R2. The deficient practice posed a risk as residents had access to hand sanitizer while admitted into a behavioral health residential facility in contradiction with their behavioral health issue.",
            "findings": "1. A review of R1's (admitted in 2024) medical record revealed a behavioral health assessment (dated in November 2024). The assessment stated \" ...Assessment/Diagnosis...F10.10 Alcohol abuse, uncomplicated...F11.90 Opioid use, unspecified, uncomplicated...F12.99 Cannabis use w/ cannabis-induced disorder...F39 Unspecified mood [affective] disorder...\" 2. A review of documentation revealed an incident report (dated in February 2025). The incident report stated \"...During lunch staff questioned member about what was in [R1's] water bottle...Member became emotional and reported to this writer that [R1] had hand sanitizer in the water bottle...member reported that [R1] got it from the porta potty from the park. Member reported [R1] drank the whole bottle and later recanted that statement and stated that [R1] took the bottle yesterday from the park...\" 3. A review of R2's (admitted in 2025) medical record revealed a behavioral health assessment (dated in January 2025). The assessment stated \"...F12.10 Cannabis abuse, uncomplicated...F41.1 Generalized Anxiety Disorder...F41.9 Anxiety disorder, unspecified...F43.90 Adjustment disorder, unspecified...F90.2 Attention-deficit hyperactivity disorder...G47.00 Insomnia, unspecified...\" 4. A review of documentation revealed an incident report (dated in February 2025). The incident report stated \"...Staff observed member slurring [R2's] words, stumbling, and smelled of alcohol...Member admitted to staff that [R2] and another member were drinking hand sanitizer that they took from a park bathroom during an outing the day before. Member admitted to staff that [R2] and another member drank a small portion of the sanitizer the day before...Member admitted that [R2] drank more, informing staff that [R2] used [R2's] water bottle, put about 1.5 inches high with sanitizer and the rest with water. Member stated that [R2] and the other member finished the rest of the hand sanitizer bottle...\" 5. In an interview, E1 reported residents are searched upon returning from outings. However, E1 reported the water bottle was not found and it was unclear where R1 may have hid the water bottle. E1 reported it may have been in R1's underwear or waistband. 6. In a joint exit interview, E1, E2, and E3 acknowledged residents had access to materials to present a threat to the resident's health or safety based on the resident's documented diagnosis and treatment needs. This Rule was cite on January 27, 2025. A letter sent to the licensee, on February 12, 2025, stated \"...the Department requires that you make immediate corrections of violations that present a threat to the health or safety of a client, resident, patient or agency personnel and still requires that you make corrections to all violations noted in the SOD.\" Plan of Correction Name, title and/or Position of the Person Responsible Date temporary correction was implemented Date permanent correction will be complete Temporary Solution Permanent Solution Monitoring"
        }
    ]
}