{
    "legal_name": "INTERMOUNTAIN CENTERS FOR HUMAN",
    "facility_status": "Active",
    "address": "8571 East Tanque Verde Road, Tucson, AZ 85749",
    "license_status": "Active",
    "phone": "5207211887",
    "license_number": "BH1618",
    "max_licensed_capacity": "8",
    "license_effective_date": "9/1/2025",
    "chief_administrative_officer": "Rose Lopez",
    "license_expires_date": "8/31/2026",
    "owner_licensee": "INTERMOUNTAIN CENTERS FOR HUMAN",
    "inspection_number": "INSP-0158211",
    "inspection_date": "8/21/2025",
    "inspection_type": "Complaint",
    "certificate_number": "BH1618",
    "deficiencies": "no deficiencies"
}