{
    "legal_name": "INTERMOUNTAIN CENTERS FOR HUMAN",
    "facility_status": "Active",
    "address": "8571 East Tanque Verde Road, Tucson, AZ 85749",
    "license_status": "Active",
    "phone": "5207211887",
    "license_number": "BH1618",
    "max_licensed_capacity": "8",
    "license_effective_date": "9/1/2025",
    "chief_administrative_officer": "Rose Lopez",
    "license_expires_date": "8/31/2026",
    "owner_licensee": "INTERMOUNTAIN CENTERS FOR HUMAN",
    "inspection_number": "INSP-0073251",
    "inspection_date": "1/29/2025",
    "inspection_type": "Complaint",
    "certificate_number": "Initial Comments",
    "deficiencies": [
        {
            "rule": "A. An administrator shall ensure that: 7. A resident does not: a. Use or have access to any materials, furnishings, or equipment or participate in any activity or treatment that may present a threat to the resident's health or safety based on the resident's documented diagnosis, treatment needs, developmental levels, social skills, verbal skills, or personal history; or",
            "evidence": "Based on documentation review, record review, observation, and interview, an administrator failed to ensure a resident did not have access to any materials, furnishings, or equipment presenting a threat to the resident's health or safety based on the resident's documented diagnosis. The deficient practiced posed a risk to the physical health and safety of a resident. 1. A review of facility documentation revealed an incident report regarding R1. The incident reported stated, \"@ 830AM [R1] told staff [R1] wasn't feeling good and wanted to go to the CRC. Staff called crisis mobile out to evaluate [R1]. 10:20AM After evaluation, the crisis team felt [R1] didn't fit the criteria for the CRC based on [R1] reason of not wanting to be at the [facility]. 10:28AM [R1] became upset, screamed, threatened, did property damage, and hit the crisis worker with a chair. Stated: \"I don't want to be here!\" Staff removed the audience, gave expectations to be safe, and brought [R1] outside for a break. @10:35AM Police were called. 10:36AM [R1] was unresponsive to staff's help strategy, started throwing rocks, hit staff several times and staff instructed the crisis team to move their vehicle. [R1] threw rocks at the crisis team. @11AM [R1] threw rocks at the Rincon window, breaking them, staff continued to give expectations to be safe. @11:05 [R1] picked up glass and [R1] put it to [R1's] arm, staff went after the piece of glass, and [R1] ran while cutting [R1].\" 2. A review of R1's medical record revealed R1 had a recent history of suicidal ideation and self harm. However, R1 reportedly did not have serious indication of suicidal ideation or risk of self harm upon admittance to the facility. 3. The Compliance Officer observed maintenance staff replacing the windows R1 broke on-site. Maintenance staff showed the Compliance Officer photos of the previously shattered windows. The Compliance Officer observed every other window at the facility was made of plastic. 4. In an exit interview, E1 reported maintenance staff replaced the windows with new glass windows. However, R1 reported maintenance staff would put up metal bars over the windows to prevent the windows from shattering again. Plan of Correction Name, title and/or Position of the Person Responsible Date temporary correction was implemented Date permanent correction will be complete Temporary Solution Permanent Solution Monitoring",
            "findings": ""
        },
        {
            "rule": "C. If a behavioral health residential facility provides assistance in the self-administration of medication, an administrator shall ensure that: 6. Assistance in the self-administration of medication provided to a resident: a. Is in compliance with an order, and",
            "evidence": "Based on record review and interview, the administrator failed to ensure assistance in the self-administration of medication provided to a resident was in compliance with an order, for two of three residents sampled who received assistance in the self-administration of medication. The deficient practice posed a risk if a resident experienced a change in condition due to improper assistance in the self- administration of medication.",
            "findings": "1. A review of R1's medication administration record (MAR) revealed R1 received assistance in the self administration of medication for the following medications from R1's date of admission (January 2025) to date of discharge (January 2025): - Oxcarbazepine 300 mg tablet, take 1 tablet by oral route3 times every day; - Lurasidone 120 mg tablet, take 1 tablet by oral route at 6pm for mood; - Melatonin 3 mg tablet; and - Escitalopram 20 mg tablet, take 1 tablet by oral route every day. 2. A review of R1's medical record revealed R1 did not have a medication order for any of R1's medications. 3. A review of R2's MAR revealed R2 received assistance in the self administration of medication for the following medications from R2's date of admission (November 2024) to date of discharge (December 2024): - Dextroamphetamine- amphetamine 5 mg tablet, take 1/2 tablet by oral route daily after lunch for ADHD; - Sertraline 100 mg tablet, take 1 tablet by oral route daily for anxiety and depression; and - Aripiprazole 10 mg tablet, take 1 tablet by oral route daily in the morning for mood. 4. A review of R2's medical record revealed R2 did not have a current medication order for R2's medications. 5. In an exit interview, the Compliance Officer informed E1, E2, and E3 of the findings. E1, E2, and E3 did not provide any additional information. 4. A review of R2's medical record revealed R2 did not have a current medication order for R2's medications. 5. In an exit interview, the Compliance Officer informed E1, E2, and E3 of the findings. E1, E2, and E3 did not provide any additional information. Plan of Correction Name, title and/or Position of the Person Responsible Date temporary correction was implemented Date permanent correction will be complete Temporary Solution Permanent Solution Monitoring"
        }
    ]
}