{
    "legal_name": "INTERMOUNTAIN CENTERS FOR HUMAN",
    "facility_status": "Active",
    "address": "8571 East Tanque Verde Road, Tucson, AZ 85749",
    "license_status": "Active",
    "phone": "5207211887",
    "license_number": "BH1618",
    "max_licensed_capacity": "8",
    "license_effective_date": "9/1/2025",
    "chief_administrative_officer": "Rose Lopez",
    "license_expires_date": "8/31/2026",
    "owner_licensee": "INTERMOUNTAIN CENTERS FOR HUMAN",
    "inspection_number": "INSP-0073238",
    "inspection_date": "10/6/2022",
    "inspection_type": "Compliance (Annual)",
    "certificate_number": "Initial Comments",
    "deficiencies": [
        {
            "rule": "A. An administrator shall ensure that: 8. If a behavioral health assessment is conducted by a: a. Behavioral health technician or registered nurse, within 24 hours a behavioral health professional, certified or licensed to provide the behavioral health services needed by the resident, reviews and signs the behavioral health assessment to ensure that the behavioral health assessment identifies the behavioral health services needed by the resident; or",
            "evidence": "Based on record review and interview, the administrator failed to ensure when a behavioral health assessment was conducted by a behavioral health technician (BHT) or registered nurse, within 24 hours a behavioral health professional (BHP) certified or licensed to provide the behavioral health services needed by the resident, reviewed and signed the behavioral health assessment to ensure the behavioral health assessment identified the behavioral health services needed by the resident, for one of two residents sampled.",
            "findings": "1. A review of R1's medical record revealed a document titled \"Comprehensive Assessment Attestation.\" The behavioral health assessment was signed by E9, a BHT, on September 21, 2022 at 2:16 PM. The behavioral health assessment was signed by E4, a BHP, on September 23, 2022 at 9:07 AM, more than 24 hours after the assessment was conducted. 2. In an interview, E1 acknowledged R1's behavioral health assessment was not signed by a BHP within 24 hours after being completed by a BHT. This is a repeat deficiency from the previous on-site compliance inspection conducted on June 25, 2021. Plan of Correction Name, title and/or Position of the Person Responsible Temporary Solution Permanent Solution Date temporary correction was implemented Date permanent correction will be complete 2022-10-06 Monitoring"
        },
        {
            "rule": "A. An administrator shall ensure that a treatment plan is developed and implemented for each resident that: 5. If the treatment plan was completed by a behavioral health technician, is reviewed and signed by a behavioral health professional within 24 hours after the completion of the treatment plan to ensure that the treatment plan is complete and accurate and meets the resident's treatment needs; and",
            "evidence": "Based on record review and interview, the administrator failed to ensure a treatment plan was developed and implemented for each resident that, if completed by a behavioral health technician, was reviewed and signed by a behavioral health professional within 24 hours after the completion of the treatment plan to ensure that the treatment plan was complete and accurate and met the resident's treatment needs, for one of two sampled residents.",
            "findings": "1. A review of R1's medical record revealed a treatment plan titled, \"Integrated Service Plan.\" The treatment plan was signed by E9, a BHT, on September 21, 2022 at 2:35 PM. The treatment plan was signed by E4, a BHP, on September 23, 2022 at 9:17 AM, more than 24 hours after the treatment plan was developed. 2. In an interview, E1 acknowledged R1's treatment plan was not reviewed and signed by a behavioral health professional within 24 hours after the completion of the treatment plan to ensure the treatment plan was complete and accurate and met the resident's treatment needs. This is a repeat deficiency from the previous on-site compliance inspection conducted on June 25, 2021. Plan of Correction Name, title and/or Position of the Person Responsible Date temporary correction was implemented Date permanent correction will be complete 2022-10-06 Temporary Solution Permanent Solution Monitoring"
        },
        {
            "rule": "B. Except for an outdoor behavioral health care program provided by a behavioral health residential facility, an administrator shall ensure that: 1. A disaster plan is developed, documented, maintained in a location accessible to personnel members and other employees, and, if necessary, implemented that includes: a. When, how, and where residents will be relocated;",
            "evidence": "Based on documentation review and interview, the administrator failed to ensure a disaster plan include where residents would be relocated.",
            "findings": "1. A review of the facility's policies and procedures revealed a undated document titled, \"Intermountain Centers Residential Treatment Emergency and Disaster Plan 2021,\" which stated, \"10. If the emergency is expected to be resolved in less than 24 hours, members will be taken to another residential program within our continuum for temporary shelter...11. If the emergency extends 24 hours or longer, members will be placed at one or more of Intermountain Center's residential program sites.\" However, the disaster plan did not include any names, addresses, or locations for any relocation sites. 2. In an interview, E1 acknowledged the disaster plan did not include where residents would be relocated. Plan of Correction Name, title and/or Position of the Person Responsible Date temporary correction was implemented Date permanent correction will be complete 2022-11-28 Temporary Solution Permanent Solution Monitoring"
        },
        {
            "rule": "B. Except for an outdoor behavioral health care program provided by a behavioral health residential facility, an administrator shall ensure that: 4. A disaster drill for employees is conducted on each shift at least once every three months and documented;",
            "evidence": "Based on documentation review and interview, the administrator failed to ensure a disaster drill for employees was conducted on each shift at least once every three months. Findings include: 1. A review of facility documentation revealed a work schedule indicating the facility worked on two shifts; \"RBC,\" from 7:00 AM to 9:00 PM, and \"AAN,\" from 9:00 PM to 7:00 AM 2. A review of facility documentation revealed disaster drills were conducted on the RBC shift in September 2022, June 2022, and April 2022. However, no documentation of a disaster drill conducted on the RBC shift in January 2022 was available for review. 3. A review of facility documentation revealed disaster drills were conducted on the AAN shift in September 2022, and June 2022. However, no documentation of a disaster drill conducted on the AAN shift in March 2022 or in December 2021 were available for review. 4. In an interview, E1 acknowledged disaster drills were not conducted on each shift at least once every three months. This is a repeat deficiency from the previous on-site compliance inspection conducted on June 25, 2021. . Plan of Correction Name, title and/or Position of the Person Responsible Date temporary correction was implemented Temporary Solution Permanent Solution Monitoring Date permanent correction will be complete 2022-12-14",
            "findings": ""
        },
        {
            "rule": "B. Except for an outdoor behavioral health care program provided by a behavioral health residential facility, an administrator shall ensure that: 5. An evacuation drill for employees and residents on the premises is conducted at least once every six months on each shift;",
            "evidence": "Based on documentation review and interview, the administrator failed to ensure an evacuation drill for employees and residents was conducted at least once every six months on each shift.",
            "findings": "1. A review of facility documentation revealed a work schedule indicating the facility worked on two shifts; \"RBC,\" from 7:00 AM to 9:00 PM, and \"AAN,\" from 9:00 PM to 7:00 AM. 2. A review of facility documentation revealed an evacuation drill was conducted on the AAN shift in August 2022. However, an evacuation drill conducted on the AAN shift conducted on or after February 2022 was not available for review. 3. In an interview, E1 acknowledged evacuation drills were not conducted on each shift at least once every six months. Plan of Correction Name, title and/or Position of the Person Responsible Date temporary correction was implemented Date permanent correction will be complete 2023-03-16 Temporary Solution Permanent Solution Monitoring"
        }
    ]
}