{
    "legal_name": "INTERMOUNTAIN CENTERS FOR HUMAN",
    "facility_status": "Active",
    "address": "2502 North Dodge Boulevard, Suite 160, Tucson, AZ 85716",
    "license_status": "Active",
    "phone": "5207211887",
    "license_number": "BH7317",
    "max_licensed_capacity": "10",
    "license_effective_date": "1/30/2025",
    "chief_administrative_officer": "Rose Lopez",
    "license_expires_date": "1/31/2026",
    "owner_licensee": "INTERMOUNTAIN CENTERS FOR HUMAN",
    "inspection_number": "INSP-0073287",
    "inspection_date": "12/18/2024",
    "inspection_type": "Complaint",
    "certificate_number": "Initial Comments",
    "deficiencies": [
        {
            "rule": "G. An administrator shall provide written notification to the Department of a resident's: 2. Self-injury, within two working days after the resident inflicts a self-injury or has an accident that requires immediate intervention by an emergency medical services provider.",
            "evidence": "Based on documentation review and interview, the administrator failed to provide written notification to the Department of a resident's self-injury, within two working days after the resident inflicted a self-injury, or had an accident requiring immediate intervention by an emergency medical services provider. The deficient practice posed a risk as the Department was unable to determine if there was an immediate health and safety risk to other residents of the facility.",
            "findings": "1. A review of the facility's policies and procedures revealed a policy titled, \"Incident Reporting (revised September 14, 2023),\" which stated, \"For members placed at facilities licensed by the Bureau of Residential Facilities Licensing (BRFL), QI and Compliance must submit written notification of the following within indicated timelines:... 2. Self-injury requiring immediate intervention by an emergency services provider, within two working days of the event.\" 2. A review of facility documentation revealed a document titled, \"Incident, Accident, or Death Report,\" dated November 30, 2024. The report documented an incident of self-injury inflicted by R2 which required immediate intervention by an emergency medical services provider. The document stated \"Member became visibly upset by crying, engaging in loud, inappropriate language. Member self-reported feeling sad due to not being able to reach [their parent] the past few days. Member asked for a 1:1 break in Zen; member punched the wall with [their] right hand and started crying. Staff validated member's feelings and offered member [their] coping skill (drinking water) and a fidget toy. Member was able to deescalate using [their] coping skills. Staff coached member on practicing safe behaviors and encouraged member to continue asking for breaks when [they need] them. Staff gave member ice pack and offered member another fidget toy. On call was notified via phone at 11:19. Staff took member to TMC for x-rays. X- ray showed member having contusion of right hand. ER Doctor wrapped member's hand; practice RICE method and prescribed PRNs Tylenol 650mg and Ibuprofen 600mg. ER Doctor advised member to follow up in a week with Pediatrician. Guardian was notified via phone and left voicemail at 15:27. Staff will continue to monitor member's hand and offer 1:1 breaks and coping tools.\" 3. A review of facility documentation revealed an incident report dated November 30, 2024 which documented an incident of self-injury inflicted by R4 which required immediate intervention by an emergency medical services provider. The document stated \"Member was kicking a soccer ball outside. [Peers were] playing basketball and got in member's way. Peer threw the basketball at member's face, member then charged peer. Member started throwing punches, staff got between member and peer. Member grabbed staff's shirt and held on as they knew if they didn't, they would try and charge peer again. Staff was able to get member inside, member then punched a window and knocked it out. Staff was able to get member to the Zen room where member punched the wall a couple [times] and banged their head. Member was then moved into MPR when they were de-escalated. Member then complained that their hand hurt. Staff observed that it was swollen. Staff call on call at 14:53, on call told staff to take member to TMC urgent care. Member was taken to urgent care where they had an X-ray taken. The X-ray showed that nothing was broken or sprained. Member was prescribed of ibuprofen for the pain. Parent was contacted at 15:27.\" 4. A review of Department documentation revealed no evidence the Department was notified by the behavioral health residential facility of a resident's self-injury which required immediate intervention by an emergency medical services provider. 5. In an interview, O1 reported the facility began reporting applicable incidents to the Department beginning on December 3, 2024 due to a prior on-site complaint investigation. 6. In an exit interview, E1, O1, and O2 reviewed the findings and no additional statements or documentation was provided. This is a repeated deficiency from the complaint investigation conducted on March 13, 2023, and uncorrected deficiency from November 26, 2024. Plan of Correction Name, title and/or Position of the Person Responsible Date temporary correction was implemented Date permanent correction will be complete Temporary Solution Permanent Solution Monitoring"
        },
        {
            "rule": "A. Except for an outdoor behavioral health care program provided by a behavioral health residential facility, an administrator shall ensure that: 1. The premises and equipment are: a. Maintained in a condition that allows the premises and equipment to be used for the original purpose of the premises and equipment; b. Cleaned and, if applicable, disinfected according to policies and procedures designed to prevent, minimize, and control illness or infection; and c. Free from a condition or situation that may cause a resident or other individual to suffer physical injury;",
            "evidence": "Based on observation and interview, the administrator failed to ensure the premises and equipment were maintained in a condition which allowed the premises and equipment to be used for the original purpose of the premises and equipment, cleaned and disinfected, and free from a condition or situation which may have caused a resident or other individual to suffer physical injury. The deficient practice posed a risk to the physical health and safety of a resident. Findings include: 1. The Compliance Officer observed two large pools of dried urine, thrown sheets of paper, a used styrofoam drinking cup, torn shreds of cardboard, a belt, and articles of clothing sprawled throughout the floor of R3's bedroom. Additionally, R3's room contained two desktops and a shelf with pink container for storage of R3's personal items. One of the pink containers and a book were placed on the ground surrounded by additional articles of clothing. 2. The Compliance Officer observed two other bedrooms which contained clothing, linens, and other items laid on the floors of the rooms. 3. In an interview, E5 reported room checks were conducted by personnel several times a day for cleanliness and to ensure the physical health and safety of a resident. However, E5 acknowledged not being aware of the messes in R3's and the other resident's rooms due to E5 getting on shift. 4. In an exit interview, E5, O1, and O2 reviewed the findings and no additional statements were made. Plan of Correction Name, title and/or Position of the Person Responsible Date temporary correction was implemented Date permanent correction will be complete Temporary Solution Permanent Solution Monitoring",
            "findings": ""
        }
    ]
}