{
    "legal_name": "INTERMOUNTAIN CENTERS FOR HUMAN",
    "facility_status": "Active",
    "address": "2502 North Dodge Boulevard, Suite 190a, Tucson, AZ",
    "license_status": "Active",
    "phone": "5207211887",
    "license_number": "BH9011",
    "max_licensed_capacity": "10",
    "license_effective_date": "11/29/2024",
    "chief_administrative_officer": "Rose Lopez",
    "license_expires_date": "11/28/2025",
    "owner_licensee": "INTERMOUNTAIN CENTERS FOR HUMAN",
    "inspection_number": "INSP-0073295",
    "inspection_date": "1/27/2025",
    "inspection_type": "Complaint",
    "certificate_number": "Initial Comments",
    "deficiencies": [
        {
            "rule": "A. An administrator shall ensure that: 7. A resident does not: a. Use or have access to any materials, furnishings, or equipment or participate in any activity or treatment that may present a threat to the resident's health or safety based on the resident's documented diagnosis, treatment needs, developmental levels, social skills, verbal skills, or personal history; or",
            "evidence": "Based on observation, record review, and interview, the administrator failed to ensure a resident did not have access to any materials to present a threat to the resident's health or safety based on the resident's documented personal history. The deficient practice posed a risk as R1 had access to metal wire after a possible self-harming incident. Findings include: 1. The Compliance Officer observed located in a bin in R1's bedroom the following: a metal wire which contained sharp edges. 2. A review of R1's (admitted in 2024) medical record revealed a behavioral health assessment (dated in November 2024). The assessment stated \" ...Assessment/Diagnosis...F10.10 Alcohol abuse, uncomplicated...F11.90 Opioid use, unspecified, uncomplicated...F12.99 Cannabis use w/ cannabis-induced disorder...F39 Unspecified mood [affective] disorder...\" 3. A review of R1's electronic medical record revealed an individual counseling session note (dated in January 2025). The counseling note stated \"...member indicated it was because [R1] was 'tattooing' [R1's] hand. Member did not see carving [R1's] hand with an earring as self- harming other than just tattooing...denied any intent to hurt [R1's] self or SI...\" 4. In an interview, E1 reported R1 had a visit with R1's sister the day prior and R1's sister had a new tattoo by \"stick and poke\" and R1 expressed wanting to be like R1's sister. 5. In a joint exit interview, E1 and E2 acknowledged R1 had access to a sharp metal wire. Plan of Correction Name, title and/or Position of the Person Responsible Date temporary correction was implemented Date permanent correction will be complete Temporary Solution Permanent Solution Monitoring",
            "findings": ""
        }
    ]
}