{
    "legal_name": "INTERMOUNTAIN CENTERS FOR HUMAN",
    "facility_status": "Active",
    "address": "2502 North Dodge Boulevard, Suite 190a, Tucson, AZ",
    "license_status": "Active",
    "phone": "5207211887",
    "license_number": "BH9011",
    "max_licensed_capacity": "10",
    "license_effective_date": "11/29/2024",
    "chief_administrative_officer": "Rose Lopez",
    "license_expires_date": "11/28/2025",
    "owner_licensee": "INTERMOUNTAIN CENTERS FOR HUMAN",
    "inspection_number": "INSP-0073289",
    "inspection_date": "4/23/2024",
    "inspection_type": "Initial Monitoring",
    "certificate_number": "Initial Comments",
    "deficiencies": "no deficiencies"
}