{
    "legal_name": "INTERMOUNTAIN CENTERS FOR HUMAN",
    "facility_status": "Active",
    "address": "1310 North Speedway Place, Tucson, AZ 85715",
    "license_status": "Active",
    "phone": "5207211887",
    "license_number": "BH2914",
    "max_licensed_capacity": "8",
    "license_effective_date": "12/1/2024",
    "chief_administrative_officer": "ROSE LOPEZ",
    "license_expires_date": "11/30/2025",
    "owner_licensee": "INTERMOUNTAIN CENTERS FOR HUMAN",
    "inspection_number": "INSP-0073256",
    "inspection_date": "11/16/2023 - 11/20/2023",
    "inspection_type": "Change of Service",
    "certificate_number": "Initial Comments",
    "deficiencies": "no deficiencies"
}