{
    "legal_name": "INTERMOUNTAIN CENTERS FOR HUMAN",
    "facility_status": "Active",
    "address": "2502 North Dodge Boulevard, Suite 160, Tucson, AZ 85716",
    "license_status": "Active",
    "phone": "5207211887",
    "license_number": "BH7317",
    "max_licensed_capacity": "10",
    "license_effective_date": "1/30/2025",
    "chief_administrative_officer": "Rose Lopez",
    "license_expires_date": "1/31/2026",
    "owner_licensee": "INTERMOUNTAIN CENTERS FOR HUMAN",
    "inspection_number": "INSP-0073276",
    "inspection_date": "7/11/2024",
    "inspection_type": "Complaint;Compliance (Annual)",
    "certificate_number": "Initial Comments",
    "deficiencies": [
        {
            "rule": "36-420.01. Health care institutions; fall prevention and fall recovery; training programs; definition A. Each health care institution shall develop and administer a training program for all staff regarding fall prevention and fall recovery. The training program shall include initial training and continued competency training in fall prevention and fall recovery. A health care institution may use information and training materials from the department's Arizona falls prevention coalition in developing the training program.",
            "evidence": "Based on documentation review, record review, and interview, the health care institution failed to develop and administer a training program for all staff regarding fall prevention and fall recovery. The deficient practice posed a risk as organized instruction and information related to resident care and safety was not developed and implemented.",
            "findings": "1. A review of facility documentation revealed a training program for fall prevention and fall recovery was not available for review. 2. A review of E8's electronic personnel record revealed initial training dated in 2022. However, continued competency training in fall prevention and fall recovery was not available for review. 3. In an interview, E1 reported all personnel members are required to complete initial and annual fall prevention and recovery training. E1 reported BH7317 did not develop policies and procedures specific to fall prevention and fall recovery training. Plan of Correction Name, title and/or Position of the Person Responsible Temporary Solution Date temporary correction was implemented Date permanent correction will be complete 2024-08-23 Permanent Solution Monitoring"
        },
        {
            "rule": "C. An administrator shall ensure that: 1. Policies and procedures are established, documented, and implemented to protect the health and safety of a resident that: e. Cover cardiopulmonary resuscitation training including: i. The method and content of cardiopulmonary resuscitation training, which includes a demonstration of the individual's ability to perform cardiopulmonary resuscitation; ii. The qualifications for an individual to provide cardiopulmonary resuscitation training; iii. The time-frame for renewal of cardiopulmonary resuscitation training; and iv. The documentation that verifies that the individual has received cardiopulmonary resuscitation training;",
            "evidence": "Based on documentation review, record review, and interview, the administrator failed to implement policies and procedures to protect the health and safety of a resident to cover cardiopulmonary resuscitation (CPR) training to include a demonstration of the individual's ability to perform CPR. The deficient practice posed a risk if E8 was unable to meet a resident's needs during an emergency, accident, or injury; and the standards expected of employees were not followed.",
            "findings": "1. A review of the facility's policies and procedures revealed a policy titled \"Staff Qualifications\" (dated in December 2023). The policy stated \"...Staff providing in-person direct care services are required to show evidence of a valid, in-person CPR and First Aid certification upon hire and are required to continuously maintain certification throughout term of employment. Proof of skills demonstration is required...\" 2. A review of E8's electronic personnel record revealed documentation of CPR training from \"NationalCPRFoundation\" issued July 11, 2024 and valid until July 11, 2026. 3. A review of the NationalCPRFoundation website revealed courses were conducted online. The NationalCPRFoundation website stated \"Help Save Lives Today with Your Online CPR Certification Training!\" 4. A review of the facility's daily staffing schedules revealed no evidence E8 worked alone. 5. In an interview, E1 reported E8 had not worked alone. 6. In a joint interview, E1 and E2 acknowledged E8's CPR training did not include a demonstration of the individual's ability to perform CPR and the policy and procedure was not implemented. Plan of Correction Name, title and/or Position of the Person Responsible Date temporary correction was implemented Date permanent correction will be complete 2024-08-23 Temporary Solution Permanent Solution Monitoring"
        },
        {
            "rule": "A. An administrator shall ensure that a treatment plan is developed and implemented for each resident that: 4. Includes: b. The physical health services or behavioral health services to be provided to the resident;",
            "evidence": "Based on documentation review, record review. and interview, the administrator failed to ensure a treatment plan was developed for each resident to include the behavioral health services to be provided to the resident, for four of four current residents sampled, and for one of one discharged resident sampled. The deficient practice posed a risk if a resident did not receive treatment to cure, improve, or palliate their behavioral health issue at the health care institution.",
            "findings": "1. A review of R1's medical record revealed a treatment plan (dated in June 2024). The treatment plan did include the frequency of counseling to be provided to the resident. However, the treatment plan did not include the number of hours of counseling to be provided to R1. 2. A review of R2's medical record revealed a treatment plan (dated in June 2024). The treatment plan did include the frequency of counseling to be provided to the resident. However, the treatment plan did not include the number of hours of counseling to be provided to R2. 3. A review of R3's medical record revealed a treatment plan (dated in June 2024). The treatment plan did include the frequency of counseling to be provided to the resident. However, the treatment plan did not include the number of hours of counseling to be provided to R3. 4. A review of R4's medical record revealed a treatment plan (dated in April 2024). The treatment plan did include the frequency of counseling to be provided to the resident. However, the treatment plan did not include the number of hours of counseling to be provided to R4. 5. A review of R5's medical record revealed a treatment plan (dated in April 2024). The treatment plan did include the frequency of counseling to be provided to the resident. However, the treatment plan did not include the number of hours of counseling to be provided to R5. 6. In a joint interview, E1 and E2 acknowledged R1's, R2's, R3's, R4's, and R5's treatments plan did not include the number of hours of counseling to be provided to R1, R2, R3, R4, and R5. Plan of Correction Name, title and/or Position of the Person Responsible Date temporary correction was implemented Date permanent correction will be complete 2024-08-23 Temporary Solution Permanent Solution Monitoring"
        }
    ]
}