{
    "legal_name": "INTEGRITY YOUTH HOMES LLC",
    "facility_status": "Active",
    "address": "552 North Santa Anna, Mesa, AZ 85201",
    "license_status": "Active",
    "phone": "4805979700",
    "license_number": "BH9781",
    "max_licensed_capacity": "5",
    "license_effective_date": "6/20/2025",
    "chief_administrative_officer": "NATHANIEL SCOTT",
    "license_expires_date": "6/19/2026",
    "owner_licensee": "INTEGRITY YOUTH HOMES LLC",
    "inspection_number": "INSP-0073231",
    "inspection_date": "8/5/2024",
    "inspection_type": "Initial Monitoring",
    "certificate_number": "Initial Comments",
    "deficiencies": "no deficiencies"
}