{
    "legal_name": "INTERMOUNTAIN CENTERS FOR HUMAN",
    "facility_status": "Active",
    "address": "1310 North Speedway Place, Tucson, AZ 85715",
    "license_status": "Active",
    "phone": "5207211887",
    "license_number": "BH2914",
    "max_licensed_capacity": "8",
    "license_effective_date": "12/1/2024",
    "chief_administrative_officer": "ROSE LOPEZ",
    "license_expires_date": "11/30/2025",
    "owner_licensee": "INTERMOUNTAIN CENTERS FOR HUMAN",
    "inspection_number": "INSP-0136212",
    "inspection_date": "7/16/2025",
    "inspection_type": "Complaint",
    "certificate_number": "BH2914",
    "deficiencies": [
        {
            "rule": "R9-10-716.A.7.a. Behavioral Health Services A. An administrator shall ensure that: 7. A resident does not: a. Use or have access to any materials, furnishings, or equipment or participate in any activity or treatment that may present a threat to the resident's health or safety based on the resident's documented diagnosis, treatment needs, developmental levels, social skills, verbal skills, or personal history; or",
            "evidence": "Based on record review, and interview, the administrator failed to ensure a resident did not use or have access to any materials, furnishings, or equipment or participate in any activity or treatment which may have presented a threat to the resident's health or safety based on the resident's documented diagnosis, treatment needs, developmental levels, social skills, verbal skills, or personal history.",
            "findings": "1. A review of R1's medical record revealed R1 had a documented history of self-harm. 2. A review of R1's medical record revealed an incident report dated July 2025. The incident stated \"[R1] approached BHT [E8] at about 1945 to report that [R1] had a slip up with self-harm. BHT [E8] asked [R1] where [R1] had self-harmed and what with. [R1] said it was [R1's] left arm and that [R1] had what [R1] had self-harmed with was in [R1's] pocket. [R1] gave it to BHT [E8] when asked for it. It was a screw washer. BHT [E8] asked to see [R1's] left arm; [R1] refused. [E8] said [E8] would give [R1] a moment, but that would ultimately have to see [R1's] left arm in order to ensure [R1] was not in need of medical attention. Site Supervisor informed at 2022. Guardian informed at 2020. When [R1] showed [E8] [R1's] arm, there were several superficial cuts on both sides of the left arm. They looked a lot like road rash. On-call RN advised Angel House staff to transport [R1] to ED for medical clearance. A thorough safety search was done in [R1's] bedroom. BHT [E8] found three more screw washers and a thin piece of metal with a sharp edge on the shelf in the closet. A wooden BBQ skewer was found on the head of the door, and [R1] confessed to having a bent piece of metal as well as a piece of broken eyeglasses hidden beneath [R1's] bed. [R1] told BHT [R1] had hidden the last two of these items inside of [R1's] giant stuffed animal. The giant stuffed animal was checked for safety during inventory before it was given to [R1]. After the safety search, the stuffed animal was confiscated. All sharps were removed from the bedroom, including furnishings that had sharp objects [R1] could potentially be used to self-harm. [R1] was taken to emergency department]. After being triaged, [R1] was informed by an RN that [R1] would need a psychiatric evaluation, labs, urinalysis, and an EKG to be medically cleared to return to Angel House....\" 3. In an interview, R1 reported R1 found the identified screws in R1's bedroom. R1 reported R1 felt R1 could use any object to self-harm. R1 reported R1 felt safe at the facility and denied any current suicidal ideation or plans. 4. In an interview, E1 and E2 reported R1 and R1's belongings were thoroughly searched at admission. E1 and E2 acknowledged R1 had a history of self-harm and gained access to materials that R1 utilized to self-harm, requiring medical attention."
        }
    ]
}