{
    "legal_name": "INTERMOUNTAIN CENTERS FOR HUMAN",
    "facility_status": "Active",
    "address": "8571 East Tanque Verde Road, Tucson, AZ 85749",
    "license_status": "Active",
    "phone": "5207211887",
    "license_number": "BH1618",
    "max_licensed_capacity": "8",
    "license_effective_date": "9/1/2025",
    "chief_administrative_officer": "Rose Lopez",
    "license_expires_date": "8/31/2026",
    "owner_licensee": "INTERMOUNTAIN CENTERS FOR HUMAN",
    "inspection_number": "INSP-0073250",
    "inspection_date": "12/31/2024",
    "inspection_type": "Complaint",
    "certificate_number": "Initial Comments",
    "deficiencies": [
        {
            "rule": "B. An administrator shall ensure that: 1. A resident is treated with dignity, respect, and consideration;",
            "evidence": "Based on documentation review and interview, an administrator failed to ensure residents were treated with dignity, respect, and consideration. The deficient practice posed a risk to the physical health and safety of R2, R3, and R4.",
            "findings": "1. A review of facility documentation revealed four incident reports from December 28, 2024. Each incident report was for a different resident - R1, R2, R3, and R4, surrounding the arrest of R1 on December 28, 2024 due to R1's conduct toward other residents. 2. A review of R1's (admitted December 2024) incident report revealed the following information: \"The member that was involved was [R1]. Staff involved [E8] and [E7] and Tucson Police Department. Since [R1's] intake, [R1] has been touching [residents] and [personnel] inappropriately. [R1] has made sexual comments towards peers and would touch peers inappropriately and would ignore any cues or reminders of [facility] boundaries/expectations. On 12/27/2024, [R2] was using the bathroom. It was reported by [R2] that while [R2] was using the bathroom, [R1] opened the door and stared at [R2] while [R2] was naked, [R2] reported that [R1] needed many cues to please leave the bathroom. After several cues, [R1] complied and left the bathroom. [R2] told staff that [R1] has continuously been touching [R2] inappropriately and saying sexual comments such as 'If I make this basketball shot, I will make you suck my [body part]'. [R2] reported that [R1] has also said 'Would you like to go to pound town' and 'If you can please suck my [body part]', [R1] ignores staff cues for boundaries and the sexual comments. Around 9am on 12/28/24, [R2] wished to press charges on [R1] for sexual assault, after [R1] grabbed [R2]'s butt in passing. Tucson Police was called at 9:50a.m. and arrived at 10:15am. Police spoke with on-call supervisor and staff and other [residents] regarding [R1]'s behaviors. [R1's] guardian was spoke to directly and DCS voice message was left, On-Call and Supervisor was notified. [R1] was then arrested around 12pm by Tucson Police department and was removed off of the site, [R1] is currently in custody and will not be returning to [facility].\" 3. A review of R2's (admitted December 2024) incident report revealed the following information: \"The staff that was involved was [E8] and [E7] and Tucson Police Department. [R2] reported that [R1] has been touching [R2] inappropriately, sexually harassing [R2] and stating sexual comments towards[R2], [R2] reported that while [R2] was using the bathroom on 12/27/2024, [R1] stormed in and [R2] had to cue [R1] many times for [R1] to get out of the bathroom. [R2] reported that [R1] stayed in the bathroom and stared at [R2] ([R2] was naked during this time). [R1] finally complied after multiple cues [R2] reported. [R2] reported to the police officer that [R1] grabbed [R2]'s butt and during the time of [R2's] time at [the facility], [R1] has touched [R2's] leg, thigh, face and butt. [R2] reported that during a movie time [R1] would try to lay [R1's] head to [R2's] lap. [R2] would ask [R1] to please not touch [R2] and [R2] stated that [R2] would have to get up from the couch so [R1] can leave [R2] alone. [R2] reported that [R1] has stated to [R2] 'If I make this basketball shot, I will make you suck my [body part].' Tucson police was called at 9:50am and arrived at 10:15am. Police spoke with on call supervisor and staff and other [residents] regarding [R1's] behavior. [R2's] guardians were notified and decided to remove [R2] from the facilty...\" 4. A review of R3's (admitted December 2024) incident report revealed the following information: \"The staff that was involved was [E8] and [E7] and Tucson Police Department. [R3] reported to staff that [R1] was touching [R3] inappropriately and stating sexual comments towares [R3]. [R3] has reported to staff for the past two weeks that [R1] has been touching [R3] inappropriately (Thighs, legs, face) and [R3] would ask [R1] to please stop, [R1] did not comply. [R3] reported to staff that [R1] grabbed [R3's] face and forced a kiss on [R3's] cheek. Staff did not witness this interaction, but [R3] reported it to staff on 12/28/2024. [R3] decided to press charges on [R1] when Tucson Police Department was here for [R2] and asked to chat with [R3] if [R3] had any experience with [R1]. [R3's] guardian, on-call, and supervisor was notified.\" 5. A review of R4's (admitted December 2024) incident report revealed the following information: \"The staff that was involved was [E8] and [E7] and Tucson Police Department. [R4] reported to staff that [R1] has been touching [R4] inappropriately and stating inappropriate comments to [R4]. While Tucson Police Department was here for [R1] due to charges being pressed by [R2], police officer asked to speak with [R4] on [R4's] own experience with [R1]. [R4] stated that member has been touching [R4] (thighs, legs, arms) and went into [R4's] bedroom while [R4] was changing. When this incident happened, [R1] laughed for walking in while [R4] was changing and needed several cues to leave [R4's] bedroom. [R4] decide that [R4] would like to press charges on [R1]. [R4's] guardian, supervisor and on-call was notified.\" 6. In an interview with R3 and R4, R3 and R4 reported R3 and R4 were consistenly uncomfortable around R1 due to R1's behavior towards R2, R3, and R4. R3 and R4 reported R3 and R4 notified several different staff of this several times before December 28, 2024. The staff R3 and R4 informed included E6, E7, and E8. However, E3 and E4 reported E3 and E4 were dismissed by staff each time R3 and R4 spoke to staff about issues with R1. 7. In an exit interview, E1, E2, E3, and E4 were informed of the findings. E1, E2, E3, and E4 provided no additional information. Plan of Correction Name, title and/or Position of the Person Responsible Date temporary correction was implemented Date permanent correction will be complete Temporary Solution Permanent Solution Monitoring"
        },
        {
            "rule": "E. A resident has the following rights: 3. To receive privacy in treatment and care for personal needs, including the right not to be fingerprinted, photographed, or recorded without consent, except: c. For video recordings used for security purposes that are maintained only on a temporary basis;",
            "evidence": "Based on observation and interview, an administrator failed to ensure the behavioral health residential facility had a room providing privacy for a resident to receive treatment or visitors. The deficient practice posed a risk if the administrator was unable to ensure confidentiality in treatment as well as a resident's right for privacy in treatment and visitation.",
            "findings": "1. The Compliance Officer observed the facility had no privacy room for either individual nor group counseling. 2. In an interview, E1 reported the residents received individual counseling in their bedrooms. E1 reported the residents received group counseling in the living room, dining room, or kitchen. 3. The Compliance Officer observed four residents in the facility. The Compliance Officer observed each resident had their own bedroom. 4. The Compliance Officer observed security cameras in the living room, dining room, and kitchen. The security camera live footage was displayed on a television screen in an office, which was kept locked and available to facility staff. 5. In an exit interview, E1 reported there was rarely a situation in which the living room, dining room, or kitchen were not private to participants in the group counseling sessions and facility staff. However, when exiting the facility, the Compliance Officer walked through the living room and observed the residents in a group counseling session in the kitchen. Plan of Correction Name, title and/or Position of the Person Responsible Date temporary correction was implemented Date permanent correction will be complete Temporary Solution Permanent Solution Monitoring"
        }
    ]
}