{
    "legal_name": "LIFE IS A CIRCLE LLC",
    "facility_status": "Active",
    "address": "40879 North Coyote Road, San Tan Valley, AZ 85140",
    "license_status": "Active",
    "phone": "4802867703",
    "license_number": "BH7205",
    "max_licensed_capacity": "7",
    "license_effective_date": "2/11/2025",
    "chief_administrative_officer": "ROSE BERNARD",
    "license_expires_date": "2/10/2026",
    "owner_licensee": "LIFE IS A CIRCLE LLC",
    "inspection_number": "INSP-0133355",
    "inspection_date": "6/5/2025",
    "inspection_type": "Complaint;Compliance (Annual)",
    "certificate_number": "BH7205",
    "deficiencies": [
        {
            "rule": "R9-10-113.A.1-2. Tuberculosis Screening A. If a health care institution is subject to the requirements of this Section, as specified in an Article in this Chapter, the health care institution's chief administrative officer shall ensure that the health care institution establishes, documents, and implements tuberculosis infection control activities that: 1. Are consistent with recommendations in Tuberculosis Screening, Testing, and Treatment of U.S. Health Care Personnel: Recommendations from the National Tuberculosis Controllers Association and CDC, 2019, published by the U.S. Department of Health and Human Services, Atlanta, GA 30333, available at https://www.cdc.gov/mmwr/volumes/68/wr/m m6819a3.htm, incorporated by reference, on file with the Department, and including no future editions or amendments; and 2. Include: a. For each individual who is employed by the health care institution, provides volunteer services for the health care institution, or is admitted to the health care institution and who is subject to the requirements of this Section, screening, on or before the date specified in the applicable Article of this Chapter, that consists of: i. Assessing risks of prior exposure to infectious tuberculosis, ii. Determining if the individual has signs or symptoms of tuberculosis, and iii. Obtaining documentation of the individual's freedom from infectious tuberculosis according to subsection (B)(1); b. If an individual may have a latent tuberculosis infection, as defined in A.A.C. R9-6-1201: i. Referring the individual for assessment or",
            "evidence": "Based on record review and interview, the administrator failed to annually provide training and education related to recognizing the signs and symptoms of tuberculosis (TB). The deficient practice posed a TB exposure risk to residents.",
            "findings": "R9-10-113.B.1.c.(i-ii) B. A health care institution's chief administrative officer shall: 1. For an individual for whom baseline screening and documentation of freedom from infectious tuberculosis is required by an Article in this Chapter, as specified in subsection (A)(2) (a), obtain one of the following as evidence of freedom from infectious tuberculosis: c. If the individual had a positive Mantoux skin test or other tuberculosis screening test according to subsection (B)(1)(a) and does not have history of tuberculosis or documentation of latent tuberculosis infection, as defined in A.A.C. R9- 6-1201, a written statement: i. ii. That the individual is free from infectious tuberculosis, signed by a medical practitioner or local health agency, as defined in A.A.C. R9-6-101; and Dated within 12 months before the date the individual begins providing services at or on behalf of the health care institution or is admitted to the health care institution. 2. A review of E3's personnel record (hired June 2022) revealed documentation of TB signs and symptoms training was not available for review. treatment; and ii. Annually obtaining documentation of the individual's freedom from symptoms of infectious tuberculosis, signed by a medical practitioner, occupation health provider, as defined in A.A.C. R9-6-801, or local health agency, as defined in A.A.C. R9-6-101; c. Annually providing training and education related to recognizing the signs and symptoms of tuberculosis to individuals employed by or providing volunteer services for the health care institution; d. Annually assessing the health care institution's risk of exposure to infectious tuberculosis; e. Reporting, as specified in A.A.C. R9-6-202, an individual who is suspected of exposure to infectious tuberculosis; and f. If an exposure to infectious tuberculosis occurs in the health care institution, coordinating and sharing information with the local health agency, as defined in A.A.C. R9-6-101, for identifying, locating, and investigating contacts, as defined in A.A.C. R9-6-101. 3. A review of R2's medical record revealed a negative PPD skin test. However, documentation of assessing risks of prior exposure to infectious TB and determining if R2 had signs or symptoms of TB was not available for review. 4. In an exit interview, E1 reviewed the findings, and no additional documentation was provided for review."
        },
        {
            "rule": "R9-10-706.G.3.c. Personnel G. An administrator shall ensure that a personnel record is maintained for each personnel member, employee, volunteer, or student that includes: 3. Documentation of: c. The individual's completed orientation and in- service education as required by policies and procedures;",
            "evidence": "Based on documentation review, record review, and interview, the administrator failed to ensure a personnel record was maintained for each personnel member to include documentation of the individual's completed in-service education as required by policies and procedures. The deficient practice posed a risk to the health and safety of residents.",
            "findings": "1. A review of facility documentation revealed a policy titled, \"Orientation and In-Service Training.\" The policy stated, \"... CPI training will be provided upon hire and at least 12 months thereafter...\" 2. A review of E5's (hired March 2025) personnel record revealed no documentation of crisis prevention intervention (CPI) training was available for review. 3. In an exit interview, E1 reviewed the findings, and no additional documentation was provided for review. This is a repeat deficiency from the compliance and complaint investigation conducted on March 6, 2023, the compliance inspection conducted on May 2, 2024, and the complaint investigation conducted on May 15, 2024."
        },
        {
            "rule": "R9-10-706.K.3.a. Personnel K. An administrator shall ensure that: 3. There is a daily staffing schedule that: a. Indicates the date, scheduled work hours, and name of each employee assigned to work, including on-call personnel members;",
            "evidence": "Based on documentation review, observation, and interview, the administrator failed to ensure there was a daily staffing schedule that indicated the date, scheduled work hours, and name of each employee assigned to work, including on-call personnel members.",
            "findings": "1. A review of facility documentation revealed a staffing schedule dated June 2025. The schedule stated, \"... [E6] off...\" However, E6 was working in the facility and there was no change noted in the \"shift change\" column of the staffing schedule. 2. The Compliance Officer observed E6 playing and drawing with the residents. 3. In an exit interview, E1 reviewed the findings and reported that there was a scheduling error. This is a repeat deficiency from the compliance and complaint investigation conducted on March 6, 2023, and the complaint investigation conducted on October 23, 2024."
        },
        {
            "rule": "R9-10-707.A.10.b. Admission; Assessment A. An administrator shall ensure that: 10. If a behavioral health assessment that complies with the requirements in this Section is received from a behavioral health provider other than the behavioral health residential facility or if the behavioral health residential facility has a medical record for the resident that contains a behavioral health assessment that was completed within 12 months before the date of the resident's current admission: b. The review and update of the resident's assessment information is documented in the resident's medical record within 48 hours after the review is completed;",
            "evidence": "Based on record review and interview, the administrator failed to ensure a behavioral health assessment received from a behavioral health provider other than the behavioral health residential facility that was completed within 12 months before the date of the resident's current admission was reviewed, updated, and documented in the resident's medical record within 48 hours after the review was completed.",
            "findings": "1. A review of R1's medical record revealed a behavioral health assessment from a behavioral health provider other than BH7205. However, there was no documentation reflecting the assessment was reviewed and updated within 48 hours. 2. In a telephonic interview, E2 reported the assessment was reviewed at admission, but a note reflecting the review and update was not documented. 3. In an exit interview, E1 reviewed the findings, and no additional documentation was provided for review."
        },
        {
            "rule": "R9-10-712.C.15. Medical Records C. An administrator shall ensure that a resident's medical record contains: 15. Documentation of behavioral health services and physical health services provided to the resident;",
            "evidence": "Based on record review and interview, the administrator failed to ensure a resident's medical record contained documentation of behavioral health services provided to the resident. The deficient practice posed a risk to the health and safety of residents.",
            "findings": "1. A review of R2's medical record revealed a treatment plan dated in 2025. The plan stated, \"... Group counseling 5 to 7 days per week at Life is a Circle (LIAC); Additional services, 1:1 counseling with Grossman and Grossman 1-4xs a month; Behavioral coaching using CBT/REBT... Participate in therapy once a week: 1-4xs monthly... Meet with therapist weekly: identify and document specific psychosis symptoms including frequency and impact on daily life...\" 2. A review of R2's medical record revealed that no documentation of 1:1 counseling was available for review. 3. In an exit interview, E1 reviewed the findings and reported the facility has reached out multiple times to \"Grossman and Grossman\" for individual counseling documentation but has not received any documentation."
        }
    ]
}