{
    "legal_name": "LIFE IS A CIRCLE LLC",
    "facility_status": "Active",
    "address": "40879 North Coyote Road, San Tan Valley, AZ 85140",
    "license_status": "Active",
    "phone": "4802867703",
    "license_number": "BH7205",
    "max_licensed_capacity": "7",
    "license_effective_date": "2/11/2025",
    "chief_administrative_officer": "ROSE BERNARD",
    "license_expires_date": "2/10/2026",
    "owner_licensee": "LIFE IS A CIRCLE LLC",
    "inspection_number": "INSP-0073321",
    "inspection_date": "3/6/2023",
    "inspection_type": "Complaint;Compliance (Annual)",
    "certificate_number": "Initial Comments",
    "deficiencies": [
        {
            "rule": "36-420.01. Health care institutions; fall prevention and fall recovery; training programs; definition A. Each health care institution shall develop and administer a training program for all staff regarding fall prevention and fall recovery. The training program shall include initial training and continued competency training in fall prevention and fall recovery. A health care institution may use information and training materials from the department's Arizona falls prevention coalition in developing the training program.",
            "evidence": "Based on documentation review and interview, the health care institution failed to develop and administer a training program for all staff regarding fall prevention and fall recovery. The deficient practice posed a risk as the Department was unable to determine substantial compliance as the documentation was not available during the inspection, and the documentation was not provided within two hours after a Department request.",
            "findings": "1. A review of facility documentation revealed a policy and procedure to cover fall prevention and fall recovery was not available for review. 2. A review of facility documentation revealed a training program to cover fall prevention and fall recovery was not available for review. 3. In an interview, E1 reported the facility had not developed and administered a training program for all staff regarding fall prevention and fall recovery. Plan of Correction Name, title and/or Position of the Person Responsible Date temporary correction was implemented Date permanent correction will be complete 2023-05-10 Temporary Solution Permanent Solution Monitoring"
        },
        {
            "rule": "A. A governing authority shall: 5. Review and evaluate the effectiveness of the quality management program at least once every 12 months;",
            "evidence": "Based on documentation review and interview, the governing authority failed to review and evaluate the effectiveness of the quality management program at least once every 12 months. The deficient practice posed a risk as a quality management program documents the necessary information required to effectively manage services provided, the Department was unable to determine substantial compliance as the documentation was not available during the inspection, and the documentation was not provided within two hours after a Department request. Findings include: 1. A review of facility documentation revealed an undated policy and procedure titled \"Quality Management Plan and Procedure.\" The policy and procedure included a quality management program. 2. The Compliance Officer requested to review documentation indicating the governing authority had reviewed and evaluated the quality management program every 12 months. However, documentation was not provided for review. 3. In an interview, E1 acknowledged documentation the governing authority reviewed and evaluated the effectiveness of the quality management program at least once every 12 months was not available for review. Plan of Correction Name, title and/or Position of the Person Responsible Date temporary correction was implemented Date permanent correction will be complete 2023-05-10 Temporary Solution Permanent Solution Monitoring",
            "findings": ""
        },
        {
            "rule": "C. An administrator shall ensure that: 2. Policies and procedures for behavioral health services",
            "evidence": "Based on documentation review and interview, the administrator failed to establish and and physical health services are established, documented, and implemented to protect the health and safety of a resident that: t. Cover how the behavioral health residential facility will respond to a resident's sudden, intense, or out- of-control behavior to prevent harm to the resident or another individual; document policies and procedures for behavioral health services to protect the health and safety of a resident to cover how the behavioral health residential facility will respond to a resident's sudden, intense, or out- of-control behavior to prevent harm to the resident or another individual. The deficient practice posed a risk as policies and procedures reinforce and clarify standards expected of employees, the Department was unable to determine substantial compliance as the documentation was not available during the inspection, and the documentation was not provided within two hours after a Department request.",
            "findings": "R9-10-716.F.1.a. An administrator shall ensure that a personnel member whose job description included the ability to use an emergency safety response completes training in crisis intervention that includes techniques to identify personnel member and resident behaviors, events, and environmental factors that may trigger the need for the use of an emergency safety response; the use of nonphysical intervention skills, such as de-escalation, mediation, conflict resolution, active listening, and verbal and observational methods; and the safe use of an emergency safety response including the ability to recognize and respond to signs of physical distress in a client who is receiving an emergency safety response. 1. A review facility documentation revealed an undated policy and procedure titled \"Behavioral Health Program Descriptions.\" The policy and procedure stated \"Emergency Safety Response...Youth Development Services [sic] uses the nationally recognized Therapeutic Crisis Intervention approach to crisis management. Only staff trained in TCI may implement an ESR. The primary goals of this approach are preventing a crisis from occurring, de-escalating occurring conflicts, managing acute crisis phases and reducing potential and actual injury to clients and staff.\" 2. A review facility documentation revealed an undated policy and procedure titled \"Administrative Procedures.\" The policy and procedure stated \" ...Behavioral Health Technicians and Para-Professional ...Duties ...Establish supportive, motivational and therapeutic relationships with clients, ensuring an atmosphere of safety, security and responsible mental health care. Serve as a role model and coach for clients regarding developing and using effective problem solving, decision-making, conflict resolutions ...perform behavioral management interventions, as needed ...Knowledge of an ability to intervene appropriately in crisis prevention and de-escalation when necessary ...\" 3. The Compliance Officer requested to review the facility's policy and procedure to protect the health and safety of a resident to cover how the behavioral health residential facility will respond to a resident's sudden, intense, or out-of-control behavior to prevent harm to the resident or another individual. However, policies and procedures were not provided for review. 4. In an interview, E1 reported the facility did not have a policy and procedure to cover how the behavioral health residential facility will respond to a resident's sudden, intense, or out-of-control behavior to prevent harm to the resident or another individual. Plan of Correction Name, title and/or Position of the Person Responsible Date temporary correction was implemented Date permanent correction will be complete 2023-05-10 Temporary Solution Permanent Solution Monitoring"
        },
        {
            "rule": "C. An administrator shall ensure that: 5. Unless otherwise stated: a. Documentation required by this Article is provided to the Department within two hours after a Department request; and",
            "evidence": "Based on record review, documentation review, and interview, the administrator failed to ensure documentation required by this Article was provided to the Department within two hours after a Department request. The deficient practice posed a risk as the Department was unable to determine substantial compliance.",
            "findings": "1. A review of Department documentation revealed BH7205 was licensed for adults effective December 12, 2022. However, documentation the licensee submitted a request for approval of a modification to change the occupancy from adults to children. 2. The Compliance Officer requested to review documentation indicating the governing authority had reviewed and evaluated the quality management program every 12 months. However, documentation was not provided for review. 5. The Compliance Officer requested to review the facility's policy and procedure to protect the health and safety of a resident to cover how the behavioral health residential facility will respond to a resident's sudden, intense, or out-of-control behavior to prevent harm to the resident or another individual. However, policies and procedures were not provided for review. 6. A review of E2's personnel record revealed documentation to demonstrate E2's skills and knowledge were verified and documented was not available for review. 7. A review of E2's personnel record revealed a starting date of employment was not available for review. 8. A review of E2's personnel record revealed documentation of completed orientation and in-service education according to the facility's policies and procedures was not available for review. 9. A review of E2's and E4's personnel records revealed valid fingerprint clearance cards. However, documentation of compliance with A.R.S. \\'a7 36-411(C)(1) was not available for review. 10. The Compliance Officer requested to review a personnel record for E6 and O2. However, personnel records were not provided for review. 11. The Compliance Officer requested to review daily staffing schedules indicating the date, scheduled work hours, and name of each employee assigned to work, including on-call personnel members, including documentation of the employees who worked each calendar day and the hours worked by each employee.However, daily staffing scheduled were not provided for review. 12. A review of R2's medical record revealed documentation to indicate a medical history and physical examination or nursing assessment was completed within 30 calendar days before admission or within 72 hours after admission was not available for review. 13. A review of R1's and R2's medical records revealed behavioral health assessments were not available for review. 14. A review of R1's medical record revealed documentation R1 provided evidence of freedom from infectious tuberculosis (TB) before or within seven calendar days after R1's admission date was not available for review. 15. A review of R2's medical record revealed documentation R2 provided evidence of freedom from infectious TB before or within seven calendar days after R2's admission date was not available for review. 16. A review of R1's medical record revealed a treatment plan dated in February 2023. R1's treatment plan stated, \"Life is a Circle ...will be offering additional counseling to include life skills to fit [R1's] behavioral health needs.\" However, the treatment plan did not include the behavioral health services to be provided to R1. 17. A review of R2's medical record revealed a treatment plan dated in October 2022. R2's treatment plan stated, \"Life is a Circle will provide monitoring services...\" However, the treatment plan did not include the behavioral health services to be provided to R2. 18. A review of R1's medical record revealed a treatment plan dated in February 2023. The treatment plan included a signature and date page. However, the page did not include the signature of the resident or the resident's representative, and date signed, and the signature of the personnel member who developed the treatment plan and the date signed. 19. The Compliance Officer requested to review R1's and R2's individual and group counseling documentation. However, documentation was not provided for review. 20. A review of facility documentation revealed an undated policy and procedure titled \"Assistance in the Self-Administration of Medication.\" However, documentation to indicate the policy and procedure was reviewed and approved by a medical practitioner or registered nurse was not available for review. 21. A review of E1's personnel record revealed a document titled \"Training Sign-In Sheet ...Medication Administration\" dated July 1, 2022. The documentation revealed E1's name, signature, and title. However, the documentation did not include training in the assistance in the self- administration of medication to include a demonstration of the personnel member's skills and knowledge necessary to provide assistance in the self-administration of medication, identification of medication errors, and medical emergencies related to medication that required emergency medical intervention, and the process for notifying the appropriate entities when an emergency medical intervention was needed. 22. A review of E5's personnel record revealed a contract dated March 6, 2023 and electronically signed by E1. However, the contract was not signed and dated by E5. 23. A review of facility documentation revealed an undated disaster plan. However, documentation to indicate the disaster plan was reviewed at least once every 12 months was not available for review. 24. A review of facility documentation revealed disaster drills for employees were conducted on the following dates and times: -July 9, 2022 at 9:03AM; -October 18, 2022 at 6:02PM; and -January 28, 2023 at 10PM. However, documentation of disaster drills for employees conducted on each shift at least once every three months was not available for review. 25. A review of facility documentation revealed a training program to cover fall prevention and fall recovery was not available for review. 26. In an interview, E1 acknowledged documentation required by Article 7 was not provided to the Department within two hours after a Department request. Plan of Correction Name, title and/or Position of the Person Responsible Date temporary correction was implemented Date permanent correction will be complete 2023-05-10 Temporary Solution Permanent Solution Monitoring"
        },
        {
            "rule": "B. An administrator shall ensure that: 2. A personnel member's skills and knowledge are verified and documented: b. According to policies and procedures; and",
            "evidence": "Based on observation, documentation review, record review, and interview, the administrator failed to ensure a personnel member's skills and knowledge were verified and documented according to policies and procedures, for one of three behavioral health technicians (BHT) sampled. The deficient practice posed a risk if a BHT was unable to meet a resident's needs, the Department was unable to determine substantial compliance as the documentation was not in the personnel record during the inspection, and the documentation was not provided within two hours after a department request.",
            "findings": "1. The Compliance Officer observed E2 working alone on the premises upon arrival at 8:30AM. 2. A review of facility documentation revealed an undated policy and procedure titled \"Competency of Skills and Knowledge of Staff.\" The policy and procedure stated \"LIFE IS A CIRCLE YOUTH AND FAMILY SERVICES conducts initial skill and knowledge competency assessments that promote staff development and continued learning ...Skills and knowledge orientation training is completed prior to providing services and is verified ...Skills and Knowledge Verification Form is retained in the personnel file.\" 3. A review of E2's personnel record revealed documentation to demonstrate E2's skills and knowledge were verified and documented was not available for review. 4. In an interview, E1 acknowledged documentation to demonstrate E2's skills and knowledge were verified and documented according to policies and procedures was not available for review. Plan of Correction Name, title and/or Position of the Person Responsible Date temporary correction was implemented Date permanent correction will be complete 2023-05-10 Temporary Solution Permanent Solution Monitoring"
        },
        {
            "rule": "G. An administrator shall ensure that a personnel record is maintained for each personnel member, employee, volunteer, or student that includes: 2. The individual's starting date of employment or volunteer service and, if applicable, the ending date; and",
            "evidence": "Based on record review and interview, the administrator failed to ensure a personnel record was maintained to include the individual's starting date of employment, for one of five personnel members sampled. The deficient practice posed a risk as the Department was unable to determine substantial compliance as the documentation was not in the personnel record during the inspection, and the documentation was not provided within two hours after a Department request.",
            "findings": "1. A review of E2's personnel record revealed a starting date of employment was not available for review. 2. In an interview, E1 acknowledged the required information was not included in E2's personnel record. Plan of Correction Name, title and/or Position of the Person Responsible Date temporary correction was implemented Date permanent correction will be complete 2023-05-10 Temporary Solution Permanent Solution Monitoring"
        },
        {
            "rule": "G. An administrator shall ensure that a personnel record is maintained for each personnel member, employee, volunteer, or student that includes: 3. Documentation of: c. The individual's completed orientation and in- service education as required by policies and procedures;",
            "evidence": "Based on documentation review, record review, observation, and interview, the administrator failed to ensure a personnel record was maintained for each personnel member to include documentation of the individual's completed orientation and in- service education as required by policies and procedures, for two of five personnel members sampled.The deficient practice posed a risk as the Department was provided false and misleading documentation, the Department was unable to determine substantial compliance as the documentation was not in the personnel records during the inspection, and the documentation was not provided within two hours after a Department request.",
            "findings": "R9-10-101.115. \"In-service education\" means organized instruction or information that is related to physical health services or behavioral health services and that is provided to a medical staff member, personnel member, employee, or volunteer. R9-10-101.155. \"Orientation\" means the initial instruction and information provided to an individual before the individual starts work or volunteer services in a health care institution. 1. A review of facility documentation revealed an undated policy and procedure titled \"Training Plan/Policy.\" The policy and procedure stated \"...Orientation...All personnel...clinical contractors are required to complete an orientation training specific to their professional requirements and job description ...facility orientation is completed during the first week of employment.\" 2. A review of facility documentation revealed an undated policy and procedure titled \"Administrative Procedures.\" The policy and procedure stated \"...Employee Orientation and In-Service Education Policy...The orientation and in-service education will consist of...5. A registered nurse will provide training to a new employee, which is to include: The procedure for assisting clients' in self-administration of medications according to these policies and procedures ...\" 3. A review of E2's (unknown hire date) personnel record revealed documentation of completed orientation and in-service education according to the facility's policies and procedures was not available for review. 4. A review of E4's (hired in 2022) personnel record revealed documentation of completed orientation was not available for review. 5. A review of R1's medication administration record dated in March 2023 revealed E2 provided assistance in the self- administration of medication to R1 March 1, 2023 through March 5, 2023. 6. In an interview, E2 reported E2 completed four hours of orientation. 7. The Compliance Officer (CO)observed a training sign-in sheet, provided by E2. The training sign-in sheet had orientation marked off as being completed with E2's name documented. However, the orientation subject or topics covered per R9- 10-706.E.3.c. were not listed on the documentation. Additonally, the date on the sign-in sheet was not obtained as E2 only provided the sheet to the CO for review and would not allow the CO to review the sheet. 8. In an interview, E2 reported E2 would fix the issue. 9. The Compliance Officer observed E2 walk into the office of the facility where E1 was located. 10. The Compliance Officer observed E2 walk out of the office approximately three minutes later and handed the Compliance Officer a document titled \"EMPLOYMENT ORIENTATION CHECKLIST\" signed by both E1 and E2 and dated November 9, 2022. 11. In an interview, the Compliance Officer asked E2 if the document was created while the Compliance Officer was on-site. E2 stated \"I have no comment.\" 12. The Compliance Officer observed the ink was wet and smudged when the Compliance Officer ran the Compliance Officer's finger across E1's signature and dates on the \"EMPLOYMENT ORIENTATION CHECKLIST.\" 13. In an interview, E1 acknowledged E4's personnel record did not include documentation of the individual's completed orientation as required by policies and procedures. 14. In an interview, the findings of E2's orientation documentation were discussed with E1. E1 had nothing further to report. Plan of Correction Name, title and/or Position of the Person Responsible Date temporary correction was implemented Date permanent correction will be complete 2023-05-10 Temporary Solution Permanent Solution Monitoring"
        },
        {
            "rule": "G. An administrator shall ensure that a personnel record is maintained for each personnel member, employee, volunteer, or student that includes: 3. Documentation of: e. The individual's compliance with requirements in A.R.S. \u00a7\u00a7 36-411, 36-411.01, and 36-425.03, as applicable;",
            "evidence": "Based on record review, documentation review, and interview, the administrator failed to ensure a personnel record was maintained to include documentation of A.R.S. \\'a7 36- 411(C)(1), for two of five personnel members sampled. The deficient practice posed as a risk as the Department was unable to determine substantial compliance as the documentation was not in the personnel records during the inspection, and the documentation was not provided within two hours after a Department request.",
            "findings": "A.R.S. \\'a7 36-411(C) (1) states \"Owners shall make documented, good faith efforts to: Contact previous employers to obtain information or recommendations that may be relevant to a person's fitness to work in a residential care institution, nursing care institution or home health agency.\" 1. A review of E2's personnel record revealed a valid fingerprint clearance card. However, documentation of compliance with A.R.S. \\'a7 36-411(C)(1) was not available for review. 2. A review of E4's personnel record revealed a valid fingerprint clearance card. However, documentation of compliance with A.R.S. \\'a7 36-411(C)(1) was not available for review. 3. In an interview, E1 reported to be unsure why E2's and E4's personnel records did not contain compliance with A.R.S. \\'a7 36- 411(C)(1). Plan of Correction Name, title and/or Position of the Person Responsible Date temporary correction was implemented Date permanent correction will be complete 2023-05-10 Temporary Solution Permanent Solution Monitoring"
        },
        {
            "rule": "H. An administrator shall ensure that personnel",
            "evidence": "Based on record review, documentation records are: 1. Maintained: a. Throughout an individual's period of providing services in or for the behavioral health residential facility, and review, and interview, the administrator failed to ensure a personnel record was maintained throughout an individual's period of providing services in or for the behavioral health residential facility, for two personnel members. The deficient practice posed a risk as the Department was unable to verify required information for a registered nurse and a behavioral health professional, the Department was unable to determine substantial compliance as the personnel records were not available during the inspection, and the documentation was not provided within two hours after a Department request.",
            "findings": "1. A review of R1's medical record revealed a nursing note signed and dated by E6 in February 2023. 2. In an interview, E1 reported E6 was hired as the facility's registered nurse and provided services such as medication training for staff, interval nursing notes, and audits medication administration records. 3. A review of R1's treatment plan dated in February 2023 stated \"[O2] providing twice per week individual therapy sessions.\" 4. The Compliance Officer observed R1 in the facility office in an individual therapy session with O2 via zoom at 10AM. 5. The Compliance Officer requested to review a personnel record for E6 and O2. However, personnel records were not provided for review. 6. In an interview, E1 acknowledged a personnel record was not maintained throughout E6's and O2's period of providing services. Plan of Correction Name, title and/or Position of the Person Responsible Date temporary correction was implemented Date permanent correction will be complete 2023-05-10 Temporary Solution Permanent Solution Monitoring"
        },
        {
            "rule": "K. An administrator shall ensure that: 3. There is a daily staffing schedule that: a. Indicates the date, scheduled work hours, and name of each employee assigned to work, including on-call personnel members; b. Includes documentation of the employees who work each calendar day and the hours worked by each employee; and c. Is maintained for at least 12 months after the last date on the documentation;",
            "evidence": "Based on documentation review and interview, the administrator failed to ensure there was a daily staffing schedule indicating the date, scheduled work hours, and name of each employee assigned to work, including on-call personnel members; to include the behavioral health professional and the registered nurse, including documentation of the employees who worked each calendar day and the hours worked by each employee, and was maintained for at least 12 months after the last date on the documentation. The deficient practice posed a risk if there was no record to ensure shifts and tasks were covered, the Department was unable to determine substantial compliance as the documentation was not available during the inspection, and the documentation was not provided within two hours after a Department request.",
            "findings": "1. The Compliance Officer requested to review daily staffing schedules indicating the date, scheduled work hours, and name of each employee assigned to work, including on-call personnel members, including documentation of the employees who worked each calendar day and the hours worked by each employee. However, daily staffing scheduled were not provided for review. 2. In an interview, E1 reported E1 and E2 are the only staff members who work at BH7205. E1 reported E1 did not maintain daily staff schedules. Plan of Correction Name, title and/or Position of the Person Responsible Date temporary correction was implemented Date permanent correction will be complete 2023-05-10 Temporary Solution Permanent Solution Monitoring"
        },
        {
            "rule": "A. An administrator shall ensure that: 6. Except as provided in subsection (E)(1)(a), a medical",
            "evidence": "Based on record review and interview, the administrator failed to ensure a medical practitioner performs a medical history and physical examination or a registered nurse performs a nursing assessment on a resident within 30 calendar days before admission or within 72 hours after admission and documents the medical history and physical examination or nursing assessment in the resident's medical record within 72 hours after admission; practitioner performed a medical history and physical examination or a registered nurse performed a nursing assessment on a resident within 30 calendar days before admission or within 72 hours after admission, for one discharged resident. The deficient practice posed a risk as this information was required for the development and implementation of a treatment plan per R9-10-708.A.1., the Department was unable to determine substantial compliance as the documentation was not in the medical record during the inspection, and the documentation was not provided within two hours after a Department request.",
            "findings": "1. A review of R2's (admitted in 2022) medical record revealed documentation to indicate a medical history and physical examination or nursing assessment was completed within 30 calendar days before admission or within 72 hours after admission was not available for review. 2. In an interview, E1 reported to be unsure if medical history and physical examination or a nursing assessment was performed on R2. Plan of Correction Name, title and/or Position of the Person Responsible Date temporary correction was implemented Date permanent correction will be complete 2023-05-10 Temporary Solution Permanent Solution Monitoring"
        },
        {
            "rule": "A. An administrator shall ensure that: 11. A behavioral health assessment: c. Is documented in resident's medical record;",
            "evidence": "Based on record review and interview, the administrator failed to ensure a behavioral health assessment was documented in a resident's medical record for, one current resident and one discharged resident. The deficient practice posed a risk as the Department was unable to determine substantial compliance as the documentation was not in the medical records during the inspection, and the documentation was not provided within two hours after a Department request.",
            "findings": "1. A review of R1's medical record revealed a behavioral health assessment was not available for review. 2. A review of R2's medical record revealed a behavioral health assessment was not available for review. 3. In an interview, E1 reported R1's and R2's behavioral health assessments were completed by E4. However, E1 was unable to locate the documentation. Plan of Correction Name, title and/or Position of the Person Responsible Date temporary correction was implemented Date permanent correction will be complete 2023-05-10 Temporary Solution Permanent Solution Monitoring"
        },
        {
            "rule": "A. An administrator shall ensure that: 13. Except as provided in subsection (E)(1)(d), a resident provides",
            "evidence": "of freedom from infectious tuberculosis: a. Before or within seven calendar days after the resident's admission, and b. As specified in R9-10-113. Evidence Based on record review and interview, the administrator failed to ensure a resident provided evidence of freedom from infectious tuberculosis (TB) before or within seven calendar days after the resident's admission, for one current resident and one discharged resident. The deficient practice posed a TB exposure risk to resident's, the Department was unable to determine substantial compliance as the documentation was not in the medical records during the inspection, and the documentation was not provided within two hours after a Department request.",
            "findings": "1. A review of R1's medical record revealed documentation R1 provided evidence of freedom from infectious TB before or within seven calendar days after R1's admission date was not available for review. 2. A review of R2's medical record revealed documentation R2 provided evidence of freedom from infectious TB before or within seven calendar days after R2's admission date was not available for review. 3. In an interview, E1 reported R1 and R2 completed a TB test. However, E1 was unable to locate the documentation. Plan of Correction Name, title and/or Position of the Person Responsible Date temporary correction was implemented Date permanent correction will be complete 2023-05-10 Temporary Solution Permanent Solution Monitoring"
        },
        {
            "rule": "A. An administrator shall ensure that a treatment plan is developed and implemented for each resident that: 4. Includes: b. The physical health services or behavioral health services to be provided to the resident;",
            "evidence": "Based on record review and interview, the administrator failed to ensure a treatment plan was developed for each resident to include the frequency of behavioral health services to be provided to the resident, for one current resident and one discharged resident. The deficient practice posed a risk a resident did not receive treatment to cure, improve, or palliate their behavioral health issue at the health care institution, the Department was unable to determine substantial compliance as the documentation was not in the medical records during the inspection, and the documentation was not provided within two hours after a Department request. Findings include: 1. A review of R1's medical record revealed a treatment plan dated in February 2023. R1's treatment plan stated, \"Life is a Circle ...will be offering additional counseling to include life skills to fit [R1's] behavioral health needs.\" However, the treatment plan did not include the behavioral health services to be provided to R1. 2. A review of R2's medical record revealed a treatment plan dated in October 2022. R2's treatment plan stated, \"Life is a Circle will provide monitoring services ...\" However, the treatment plan did not include the behavioral health services to be provided to R2. 3. In an interview, E1 acknowledged R1's and R2's treatment plans did not include the frequency of behavioral health services to be provided to R1 and R2. Plan of Correction Name, title and/or Position of the Person Responsible Date temporary correction was implemented Date permanent correction will be complete 2023-05-10 Temporary Solution Permanent Solution Monitoring",
            "findings": ""
        },
        {
            "rule": "A. An administrator shall ensure that a treatment plan is developed and implemented for each resident that: 4. Includes: a. The resident's presenting issue; b. The physical health services or behavioral health services to be provided to the resident; c. The signature of the resident or the resident's representative, and date signed, or documentation of the refusal to sign; d. The date when the resident's treatment plan will be reviewed; e. If a discharge date has been determined, the treatment needed after discharge; and f. The signature of the personnel member who developed the treatment plan and the date signed;",
            "evidence": "Based on record review and interview, the administrator failed to ensure the treatment was developed and implemented for each resident which included the signature of the resident or the resident's representative, and date signed, and the signature of the personnel member who developed the treatment plan and the date signed, for one current resident. The deficient practice posed a risk as a treatment plan was not developed to articulate decisions and agreements of services to be provided, the Department was unable to determine substantial compliance as the documentation was not in the medical record during the inspection, and the documentation was not provided within two hours after a Department request.",
            "findings": "1. A review of R1's medical record revealed a treatment plan dated in February 2023. The treatment plan included a signature and date page. However, the page did not include the signature of the resident or the resident's representative, and date signed, and the signature of the personnel member who developed the treatment plan and the date signed. 2. In an interview, E1 reported the treatment plan was created and sent via email for signatures from the behavioral health professional and R1's guardian. E1 acknowledged requirements for R1's treatment plan was not in compliance with the Rule. Plan of Correction Name, title and/or Position of the Person Responsible Date temporary correction was implemented Date permanent correction will be complete 2023-05-10 Temporary Solution Permanent Solution Monitoring"
        },
        {
            "rule": "C. An administrator shall ensure that a resident's",
            "evidence": "Based on documentation review, record review medical record contains: 15. Documentation of behavioral health services and physical health services provided to the resident; and interview, the administrator failed to ensure a resident's medical record contained documentation of behavioral health services provided to the resident, for one current resident and one discharged resident. The deficient practice posed a risk if a resident did not receive treatment to cure, improve, or palliate their behavioral health issue at the health care institution, the Department was unable to determine substantial compliance as the documentation was not in the medical records during the inspection, and the documentation was not provided within two hours after a Department request. Findings include: A.R.S. \\'a7 36-401(11) \"Behavioral health services\" means services that pertain to mental health and substance use disorders and that are either: (a) Performed by or under the supervision of a professional who is licensed pursuant to title 32 and whose scope of practice allows for the provision of these services. (b) Performed on behalf of patients by behavioral health staff as prescribed by rule. 1. A review of facility documentation revealed an undated policy and procedure titled \"Behavioral Health Program Descriptions.\" The policy and procedure stated \" ...Counseling ...Therapists will lead weekly groups. BHTs will run daily psycho educational groups ... Individual therapy will be offered 2 days per week. Family counseling will also be offered 2 days per week. Psycho educational groups will occur daily ...\" 2. The Compliance Officer requested to review R1's and R2's individual and group counseling documentation. However, documentation was not provided for review. 3. In an interview, E1 reported O2 provided individual counseling to R1 via zoom two days per week and reported to not have access to those notes. 4. In an interview, E1 reported E1 and E2 conducted daily group counseling with residents. However, E1 was unable to locate the requested documentation. 5. In an interview, E1 acknowledged R1's and R2's medical records did not contain documentation of behavioral health services provided to R1 and R2. Plan of Correction Name, title and/or Position of the Person Responsible Date temporary correction was implemented Date permanent correction will be complete 2023-05-10 Temporary Solution Permanent Solution Monitoring",
            "findings": ""
        },
        {
            "rule": "C. If a behavioral health residential facility provides assistance in the self-administration of medication, an administrator shall ensure that: 3. Policies and procedures for assistance in the self-administration of medication are reviewed and approved by a medical practitioner or registered nurse;",
            "evidence": "Based on documentation review and interview, the administrator failed to ensure policies and procedures for assistance in the self- administration of medication were reviewed and approved by a medical practitioner or registered nurse. The deficient practice posed a risk as the Department was unable to determine substantial compliance as the documentation was not available during the inspection, and the documentation was not provided within two hours after a Department request.",
            "findings": "1. A review of facility documentation revealed an undated policy and procedure titled \"Assistance in the Self- Administration of Medication.\" However, documentation to indicate the policy and procedure was reviewed and approved by a medical practitioner or registered nurse was not available for review. 2. In an interview, E1 acknowledged the policy and procedure for assistance in the self-administration of medication had not been reviewed and approved by a medical practitioner or registered nurse. Plan of Correction Name, title and/or Position of the Person Responsible Date temporary correction was implemented Date permanent correction will be complete 2023-05-10 Temporary Solution Permanent Solution Monitoring"
        },
        {
            "rule": "C. If a behavioral health residential facility provides assistance in the self-administration of medication, an administrator shall ensure that: 4. Training for a personnel member, other than a medical practitioner or registered nurse, in assistance in the self-administration of medication: a. Is provided by a medical practitioner or registered nurse or an individual trained by a medical practitioner or registered nurse; and b. Includes: i. A demonstration of the personnel member's skills and knowledge necessary to provide assistance in the self- administration of medication, ii. Identification of medication errors and medical emergencies related to medication that require emergency medical intervention, and iii. The process for notifying the appropriate entities when an emergency medical intervention is needed;",
            "evidence": "Based on record review and interview, the administrator failed to ensure training in the assistance in the self-administration of medication included a demonstration of the personnel member's skills and knowledge necessary to provide assistance in the self- administration of medication, identification of medication errors, and medical emergencies related to medication that required emergency medical intervention, and the process for notifying the appropriate entities when an emergency medical intervention was needed, for one of three behavioral health technicians sampled. The deficient practice posed a risk as the Department was unable to determine substantial compliance as the documentation was not in the personnel record during the inspection, and the documentation was not provided within two hours after a Department request.",
            "findings": "1. A review of E1's personnel record revealed a document titled \"Training Sign-In Sheet ...Medication Administration\" dated July 1, 2022. The documentation revealed E1's name, signature, and title. However, the documentation did not include training in the assistance in the self- administration of medication to include a demonstration of the personnel member's skills and knowledge necessary to provide assistance in the self-administration of medication, identification of medication errors, and medical emergencies related to medication that required emergency medical intervention, and the process for notifying the appropriate entities when an emergency medical intervention was needed. 2. A review of R1's medication administration record (MAR) dated February 2023 revealed E1 provided assistance in the self-administration of medication to R1 on February 27, 2023. 3. In an interview, E1 acknowledged E1's personnel record did not include documentation of training in the assistance in the self- administration of medication as required. Plan of Correction Name, title and/or Position of the Person Responsible Date temporary correction was implemented Date permanent correction will be complete 2023-05-10 Temporary Solution Permanent Solution Monitoring"
        },
        {
            "rule": "A. Except for an outdoor behavioral health care program provided by a behavioral health residential facility, an administrator shall ensure that: 4. A registered dietitian is employed full- time, part-time, or as a consultant; and",
            "evidence": "Based on observation, record review and interview, the administrator failed to ensure a registered dietitian (RD) was employed full- time, part-time, or as a consultant. The deficient practice posed a risk as the Department was unable to determine substantial compliance as the documentation was not available during the inspection, and the documentation was not provided within two hours after a Department request.",
            "findings": "1. The Compliance Officer observed a posting in the kitchen stated \"CERTIFICATE of ACHIEVEMENT ...Life Is A Circle LLC successfully complies with the 2020-2025 DIETARY GUIDELINES ...VALID 12/15/2021 TO 12/14/2022\" signed by E5. 2. A review of E5's personnel record revealed E5 was hired as the facility's RD. 3. A review of E5's personnel record revealed a contract dated March 6, 2023 and electronically signed by E1. However, the contract was not signed and dated by E5. 4. In an interview, E1 acknowledged the contract was not signed by the RD. Plan of Correction Name, title and/or Position of the Person Responsible Date temporary correction was implemented Date permanent correction will be complete 2023-05-10 Temporary Solution Permanent Solution Monitoring"
        },
        {
            "rule": "R9-10-110. Modification of a Health Care Institution A. A licensee shall submit a request for approval of a modification of a health care institution when planning to make: 3. A change in a health care institution's licensed capacity, licensed occupancy, respite capacity, or the number of dialysis stations;",
            "evidence": "Based on documentation review, observation, record review, and interview, the licensee failed to submit a request for approval of a modification of the health care institution when planning to make: a change in the health care institution's licensed occupancy. The deficient practice posed a risk as the Department was unable to determine substantial compliance as the documentation was not available during the inspection, and the documentation was not provided within two hours after a Department request.",
            "findings": "1. A review of Department documentation revealed BH7205 was licensed for adults effective December 12, 2022. 2. The Compliance Officer observed R1 on the premises upon arrival at 8:30AM. 3. A review of R1's (admitted in 2023) medical record revealed R1 was under the age of 18 years old. 4. In an interview, E1 reported E1 had never admitted adult residents after December 12, 2022. E1 acknowledged the licensee had not submitted a request for approval of a modification of the health care institution when planning to make a change in the health care institution's licensed occupancy from adults to children. Plan of Correction Name, title and/or Position of the Person Responsible Date temporary correction was implemented Date permanent correction will be complete 2023-05-10 Temporary Solution Permanent Solution Monitoring"
        },
        {
            "rule": "B. Except for an outdoor behavioral health care program provided by a behavioral health residential facility, an administrator shall ensure that: 2. The disaster plan required in subsection (B)(1) is reviewed at least once every 12 months;",
            "evidence": "Based on documentation review and interview, the administrator failed to ensure the disaster plan was reviewed at least once every 12 months. The deficient practice posed a risk as a disaster plan reinforces and clarifies standards expected of employees, the Department was unable to determine substantial compliance as the documentation was not available during the inspection, and the documentation was not provided within two hours after a Department request.",
            "findings": "1. A review of Department documentation revealed the perpetual license for BH7205 was effective February 11, 2022. 2. A review of facility documentation revealed an undated disaster plan. However, documentation to indicate the disaster plan was reviewed at least once every 12 months was not available for review. 3. In an interview, E1 acknowledged the facility's disaster plan had not been reviewed at least once within the last 12 months. Plan of Correction Name, title and/or Position of the Person Responsible Date temporary correction was implemented Date permanent correction will be complete 2023-05-10 Temporary Solution Permanent Solution Monitoring"
        },
        {
            "rule": "B. Except for an outdoor behavioral health care program provided by a behavioral health residential facility, an administrator shall ensure that: 4. A disaster drill for employees is conducted on each shift at least once every three months and documented;",
            "evidence": "Based on documentation review and interview, the administrator failed to ensure a disaster drill for employees was conducted on each shift at least once every three months. The deficient practice posed a risk if employees were unable to implement a disaster plan, the Department was unable to determine substantial compliance as the documentation was not available during the inspection, and the documentation was not provided within two hours after a Department request.",
            "findings": "1. A review of Department documentation revealed the perpetual license for BH7205 was effective on February 11, 2022. 2. In an interview, E1 reported the facility maintained two shifts, 9AM-5PM and 5PM-9AM. 3. A review of facility documentation revealed disaster drills for employees were conducted on the following dates and times: -July 9, 2022 at 9:03AM; - October 18, 2022 at 6:02PM; and -January 28, 2023 at 10PM. However, documentation of disaster drills for employees conducted on each shift at least once every three months was not available for review. 4. In an interview, E1 acknowledged the facility had not conducted disaster drills with employees on every shift. Plan of Correction Name, title and/or Position of the Person Responsible Date temporary correction was implemented Date permanent correction will be complete 2023-05-10 Temporary Solution Permanent Solution Monitoring"
        },
        {
            "rule": "A. Except for an outdoor behavioral health care program provided by a behavioral health residential facility, an administrator shall ensure that: 1. The premises and equipment are: b.",
            "evidence": "Based on documentation review, observation, and interview, the administrator failed to ensure the premises and equipment were cleaned and if applicable, disinfected according Cleaned and, if applicable, disinfected according to policies and procedures designed to prevent, minimize, and control illness or infection; and to policies and procedures designed to prevent, minimize, and control illness or infection. The deficient practice posed a risk to the physical health and safety of a resident. Findings include: 1. A review of facility documentation revealed an undated policy and procedure titled \"Environmental/Safety Standards.\" The policy and procedure stated \"LIFE IS A CIRCLE YOUTH AND FAMILIES SERVICES residential house are cleaned by personnel daily...\" 2. The Compliance Officer observed two piles of dirty dishes in the kitchen sink, what appeared to be spaghetti sauce splashed on the stove, the garbage container in the kitchen had a cover, however, there was garbage coming out of the cover, and a bathroom in a resident bedroom contained a bowl with what appeared to be dried spaghetti sauce in it. 3. In an interview, E1 acknowledged the facility was not cleaned or disinfected according to policies and procedures. Plan of Correction Name, title and/or Position of the Person Responsible Date temporary correction was implemented Date permanent correction will be complete 2023-05-10 Temporary Solution Permanent Solution Monitoring",
            "findings": ""
        },
        {
            "rule": "A. Except for an outdoor behavioral health care program provided by a behavioral health residential facility, an administrator shall ensure that: 14. Poisonous or toxic materials stored by the behavioral health residential facility are maintained in labeled containers in a locked area separate from food preparation and storage, dining areas, and medications and are inaccessible to residents;",
            "evidence": "Based on observation and interview, the administrator failed to ensure poisonous or toxic materials stored by the behavioral health residential facility were in a locked area and inaccessible to residents. The deficient practice posed a risk to the physical health and safety of a resident.",
            "findings": "1. The Compliance Officer observed one resident on the premises. 2. The Compliance Officer observed the following in an unlocked laundry room: \"All\" laundry detergent and \"Fabric Softener.\" The items contained toxic warning labels. 3. The Compliance Officer observed the following in an unlocked garage: - \"Gain\" laundry detergent and \"Weed and Grass Killer.\" The items contained toxic warning labels. 4. In an interview, E1 acknowledged poisonous or toxic materials stored by the behavioral health residential facility were not in a locked area and inaccessible to residents. Plan of Correction Name, title and/or Position of the Person Responsible Date temporary correction was implemented Date permanent correction will be complete 2023-05-10 Temporary Solution Permanent Solution Monitoring"
        },
        {
            "rule": "A. Except for an outdoor behavioral health care program provided by a behavioral health residential facility, an administrator shall ensure that: 15. Combustible or flammable liquids and hazardous materials stored by a behavioral health residential facility are stored in the original labeled containers or safety containers in a locked area inaccessible to residents;",
            "evidence": "Based on observation and interview, the administrator failed to ensure combustible or flammable liquids and hazardous materials stored by a behavioral health residential facility were stored in a locked area inaccessible to residents.",
            "findings": "1. The Compliance Officer observed one resident on the premises. 2. The Compliance Officer observed the following in an unlocked garage: - \"Prestone\" antifreeze/coolant The can contained a flammable liquid label. 3. In an interview, E1 acknowledged the combustible or flammable liquid and hazardous material stored by the facility was accessible to the resident and was not locked. Plan of Correction Name, title and/or Position of the Person Responsible Date temporary correction was implemented Date permanent correction will be complete Temporary Solution Permanent Solution Monitoring 2023-05-10"
        }
    ]
}