{
    "legal_name": "LIFE IS A CIRCLE LLC",
    "facility_status": "Active",
    "address": "40879 North Coyote Road, San Tan Valley, AZ 85140",
    "license_status": "Active",
    "phone": "4802867703",
    "license_number": "BH7205",
    "max_licensed_capacity": "7",
    "license_effective_date": "2/11/2025",
    "chief_administrative_officer": "ROSE BERNARD",
    "license_expires_date": "2/10/2026",
    "owner_licensee": "LIFE IS A CIRCLE LLC",
    "inspection_number": "INSP-0073324",
    "inspection_date": "10/2/2024",
    "inspection_type": "Complaint",
    "certificate_number": "Initial Comments",
    "deficiencies": "no deficiencies"
}