{
    "legal_name": "LIFE CHANGE FAMILY SERVICES INC",
    "facility_status": "Active",
    "address": "20018 North Toledo Avenue, Maricopa, AZ 85138",
    "license_status": "Active",
    "phone": "5203740072",
    "license_number": "BH5008",
    "max_licensed_capacity": "5",
    "license_effective_date": "9/1/2025",
    "chief_administrative_officer": "CLAUDETTE WALKER-SIMON",
    "license_expires_date": "8/31/2026",
    "owner_licensee": "LIFE CHANGE FAMILY SERVICES INC.",
    "inspection_number": "INSP-0124401",
    "inspection_date": "4/11/2025",
    "inspection_type": "Complaint",
    "certificate_number": "BH5008",
    "deficiencies": [
        {
            "rule": "R9-10-706.G.3.e. Personnel G. An administrator shall ensure that a personnel record is maintained for each personnel member, employee, volunteer, or student that includes: 3. Documentation of: e. The individual's compliance with requirements in A.R.S. \u00a7\u00a7 36-411, 36-411.01, and 36-425.03, as applicable;",
            "evidence": "Based on record review and interview, the administrator failed to ensure a personnel record was maintained for each personnel member to include documentation of compliance with the requirements in Arizona Revised Statutes (A.R.S.) \u00a7 36-411(A) and A.R.S. \u00a7 36-425.03(E), for one of one personnel member sampled. The deficient practice posed a risk if E2 was a danger to a vulnerable population.",
            "findings": "A.R.S. \u00a7 36-411(A) states \"Except as provided in subsection F of this section, as a condition of licensure or continued licensure of a residential care institution, a nursing care institution or a home health agency and as a condition of employment in a residential care institution, a nursing care institution or a home health agency, employees and owners of residential care institutions, nursing care institutions or home health agencies, contracted persons of residential care institution, nursing care institutions or home health agencies or volunteers of residential care institutions, nursing care institutions or home health agencies who provide medical services, nursing services, behavioral health services, health-related services, home health services or direct supportive services and who have not been subject to the fingerprinting requirements of a health professional's regulatory board pursuant to title 32 shall have valid fingerprint clearance cards that are issued pursuant to title 41, chapter 12, article 3.1 or shall apply for a fingerprint clearance card within twenty working days of employment or beginning volunteer work or contracted work.\" A.R.S. \u00a7 36-425.03(E) states \"Children's behavioral health program personnel shall certify on forms that are provided by the department and notarized that they are not awaiting trial on or have never been convicted of or admitted in open court or pursuant to a plea agreement to committing any of the offenses listed in section 41-1758.03, subsection B or C in this state or similar offenses in another state or jurisdiction.\" 1. A review of Department documentation revealed BH5008 was licensed as a children's behavioral health residential facility, effective September 15, 2016. 2. A review of E2's fingerprint clearance card, provided by E2, revealed E2's fingerprint clearance card was issued on February 8, 2018 with an expiration date of February 8, 2024. However, a current fingerprint clearance card was not provided for review. 3. A review of the Arizona Department of Public Safety (AZDPS) fingerprint clearance card status website (https://psp.azdps.gov/services/cardStatusReq uest) revealed \"Current status: Expired\" for E2's fingerprint clearance card. 4. In an interview, E2 reported E2 had the documentation to apply for a new fingerprint clearance card; however, the documentation had not been submitted to AZDPS. 5. A review of E2's personnel record revealed documentation of compliance with A.R.S. \u00a7 36- 411(A) and A.R.S. \u00a7 36-425.03(E) was not available for review. 6. In an interview, E2 reported the documentation was in another folder from when E2 previously worked at BH5008. However, documentation of compliance with A.R.S. \u00a7 36-425.03(E) was not provided for review. 7. In a joint interview, E1 and E2 reported E2 would come into compliance with A.R.S. \u00a7 36- 425.03(E). 8. In a joint interview, E1 and E2 reported E1 and E2 were in the process of completing a new personnel record for E2 as E2 was a rehire and began working at BH5008 again in the first week of April. 9. In a joint exit interview, E1 and E2 acknowledged E2's personnel record was not maintained to include documentation of the requirements in A.R.S. \u00a7 36-411(A) and A.R.S. \u00a7 36-425.03(E)."
        }
    ]
}