{
    "legal_name": "LWB HOLLY HOUSE",
    "facility_status": "Active",
    "address": "8315 East Holly Street, Scottsdale, AZ 85257",
    "license_status": "Active",
    "phone": "(480)708-1187",
    "license_number": "BH10366",
    "max_licensed_capacity": "10",
    "license_effective_date": "11/12/2024",
    "chief_administrative_officer": "Jocelyn Negron",
    "license_expires_date": "11/11/2025",
    "owner_licensee": "LIV WELL BEHAVIORAL",
    "inspection_number": "INSP-0075207",
    "inspection_date": "11/8/2024",
    "inspection_type": "Compliance (Initial)",
    "certificate_number": "Initial Comments",
    "deficiencies": "no deficiencies"
}