{
    "legal_name": "MATTIES CARE HOUSE LLC",
    "facility_status": "Active",
    "address": "8015 South 23rd Drive, Phoenix, AZ 85040",
    "license_status": "Active",
    "phone": "6026860419",
    "license_number": "BH8438",
    "max_licensed_capacity": "5",
    "license_effective_date": "8/16/2025",
    "chief_administrative_officer": "LATOYA LEE",
    "license_expires_date": "8/15/2026",
    "owner_licensee": "MATTIE'S CARE HOUSE, LLC",
    "inspection_number": "INSP-0076897",
    "inspection_date": "10/3/2024",
    "inspection_type": "Complaint",
    "certificate_number": "Initial Comments",
    "deficiencies": "no deficiencies"
}