{
    "legal_name": "MATTIES CARE HOUSE LLC",
    "facility_status": "Active",
    "address": "6823 West Pleasant Lane, Laveen, AZ 85339",
    "license_status": "Active",
    "phone": "6026860419",
    "license_number": "BH4867",
    "max_licensed_capacity": "10",
    "license_effective_date": "6/1/2025",
    "chief_administrative_officer": "LATOYA LEE",
    "license_expires_date": "5/31/2026",
    "owner_licensee": "MATTIE'S CARE HOUSE, LLC",
    "inspection_number": "INSP-0076878",
    "inspection_date": "1/2/2024",
    "inspection_type": "Complaint",
    "certificate_number": "Initial Comments",
    "deficiencies": [
        {
            "rule": "A.R.S. \u00a7 36-407. Prohibited acts; required acts A. A person shall not establish, conduct or maintain in this state a health care institution or any class or subclass of health care institution unless that person holds a current and valid license issued by the department specifying the class or subclass of health care institution the person is establishing, conducting or maintaining. The license is valid only for the establishment, operation and maintenance of the class or subclass of health care institution, the type of services and, except for emergency admissions as prescribed by the director by rule, the licensed capacity specified by the license.",
            "evidence": "Based on observation, documentation review, and interview, the administrator failed to maintain a health care institution within the licensed capacity of 10 residents. The deficient practice posed a risk if the Department was unable to assess and approve an increased occupancy.",
            "findings": "1. The Compliance Officer observed 14 residents on the premises when the Compliance Officer arrived at 9:15AM. 2. The Compliance Officer observed one behavioral health technician, E2, alone and working on the premises when the Compliance Officer arrived at 9:15AM. 3. A review of Department documentation revealed BH4867 was approved for a licensed capacity of 10 residents (effective February 7, 2023). 4. In an interview, E2 reported BH4867 had a census of 9 residents. E2 reported the other 5 residents were from BH8438. E2 reported the residents were getting ready to go to the park. 5. In an interview, E2 reported the personnel member from BH8438 was scheduled to work the day shift. E2 reported a personnel member called in sick at BH8438 and the residents from BH8438 were brought to BH4867. 6. In an interview, E1 reported the personnel member from BH8438 was scheduled to work the day shift. E1 reported a personnel member called in sick at BH8438 and the residents from BH8438 were brought to BH4867. 7. In an interview, E1 acknowledged the facility failed to maintain the health care institution within the licensed capacity of 10 residents. Plan of Correction Name, title and/or Position of the Person Responsible Date temporary correction was implemented Date permanent correction will be complete 2024-01-02 Temporary Solution Permanent Solution Monitoring"
        },
        {
            "rule": "C. An administrator shall ensure that: 5. Unless otherwise stated: a. Documentation required by this Article is provided to the Department within two hours after a Department request; and",
            "evidence": "Based on documentation review and interview, the administrator failed to ensure documentation required by this Article was provided to the Department within two hours after a Department request.",
            "findings": "1. A review of facility documentation revealed documentation to demonstrate requirements regarding residents entering and exiting the premises was not available for review. 2. In an interview, E1 reported E1 had established and documented requirements regarding residents entering and exiting the premises. However, this documentation was not provided for review. 3. In an interview, the findings were reviewed with E1 and no additional comments or statements were provided regarding the findings. Plan of Correction Name, title and/or Position of the Person Responsible Date temporary correction was implemented Date permanent correction will be complete 2024-01-10 Temporary Solution Permanent Solution Monitoring"
        },
        {
            "rule": "K. An administrator shall: 1. Establish and document requirements regarding residents, personnel members, employees, and other individuals entering and exiting the premises;",
            "evidence": "Based on documentation review and interview, the administrator failed to establish and document requirements regarding residents entering and exiting the premises. Findings include: 1. A review of facility documentation revealed documentation to demonstrate requirements regarding residents entering and exiting the premises was not available for review. 2. In an interview, E1 reported E1 had established and documented requirements regarding residents entering and exiting the premises. However, this documentation was not provided for review. 3. In an interview, E1 acknowledged documentation to demonstrate requirements regarding residents entering and exiting the premises was not available for review Plan of Correction Name, title and/or Position of the Person Responsible Date temporary correction was implemented Date permanent correction will be complete 2024-01-10 Temporary Solution Permanent Solution Monitoring",
            "findings": ""
        },
        {
            "rule": "G. An administrator shall ensure that a personnel record is maintained for each personnel member, employee, volunteer, or student that includes: 3. Documentation of: e. The individual's compliance with requirements in A.R.S. \u00a7\u00a7 36-411, 36-411.01, and 36-425.03, as applicable;",
            "evidence": "Based on record review and interview, the administrator failed to ensure a personnel record was maintained for each personnel member to include documentation of compliance with the requirements in A.R.S. \\'a7\\'a7 36-425.03(E), for one of six personnel records sampled. The deficient practice posed a risk if E5 was a danger to a vulnerable population.",
            "findings": "A.R.S. \\'a7 36- 425.03(E) states \"Children's behavioral health program personnel shall certify on forms that are provided by the department and notarized that they are not awaiting trial on or have never been convicted of or admitted in open court or pursuant to a plea agreement to committing any of the offenses listed in section 41-1758.03, subsection B or C in this state or similar offenses in another state or jurisdiction.\" 1. A review of E5's (hire date unknown) personnel record revealed E5 was hired as a behavioral health technician (BHT). E5's personnel record revealed a valid fingerprint clearance card. However, notarized documentation E5 was not awaiting trial on or have never been convicted of or admitted in open court or pursuant to a plea agreement to committing any of the offenses listed in section 41-1758.03, subsection B or C in this state or similar offenses in another state or jurisdiction was not available for review. 2. In an interview, E1 reported E1 was not able to locate E5's notarized documentation. 3. In an interview, E1 acknowledged E5's personnel record was not maintained to include documentation of compliance with the requirements in A.R.S. \\'a7\\'a7 36-425.03(E). Plan of Correction Name, title and/or Position of the Person Responsible Date temporary correction was implemented Date permanent correction will be complete 2024-01-08 Temporary Solution Permanent Solution Monitoring"
        },
        {
            "rule": "G. An administrator shall ensure that a personnel record is maintained for each personnel member, employee, volunteer, or student that includes: 3. Documentation of: h. Cardiopulmonary resuscitation training, if required for the individual according to R9-10- 703(C)(1)(e); i. First aid training, if required for the individual according to this Article or policies and procedures; and",
            "evidence": "Based on documentation review, record review, and interview, the administrator failed to ensure a personnel record was maintained for each personnel member to include documentation of cardiopulmonary resuscitation (CPR) training, if required for the individual according to R9-10-703(C)(1)(e), and first aid training, for one of five behavioral health technicians (BHT) sampled. The deficient practice posed a risk if a BHT was unable to meet a resident's needs during an emergency, accident, or injury. Findings include: 1. A review of facility documentation revealed a policy and procedure titled \"ARS 36- 420.B.3 CARDIOPULMONARY RESUSCITATION (CPR) AND FIRST AID\" (dated January 31, 2023). The policy and procedure stated \" ... all MCH employees that provide direct support are required to possess and maintain a valid First Aid and CPR/AED certificate as a minimum requirement of their employment.\" 2. A review of facility documentation revealed daily staffing schedules for December 2023 and January 2024. The schedule revealed at least two behavioral health technicians were scheduled, and E4 was scheduled to work from 12:00AM to 8:00AM on the following dates: -December 1-3, 2023; -December 6, 2023; -December 8- 11, 2023; -December 13, 2023; -December 15- 18, 2023; -December 20, 2023; -December 22- 25, 2023; -December 27, 2023; -December 29- 31, 2023; -January 1, 2024; -January 3, 2024; and -January 5-7, 2024. 3. A review of E4's personnel record revealed E4 was hired as a BHT. E4's personnel record revealed documentation of CPR training and first aid training (issued October 7, 2021 and expired October 2023). However, documentation of current CPR training and first aid training was not available for review. 4. In an interview, E1 reported E1 was unaware E4's CPR training and first aid training was expired. E1 reported E4 does not have current CPR training and first aid training. 5. In an interview, E1 acknowledged E4's personnel record was not maintained to include documentation of current CPR training and first aid training. Plan of Correction Name, title and/or Position of the Person Responsible Date temporary correction was implemented Date permanent correction will be complete 2024-01-04 Temporary Solution Permanent Solution Monitoring",
            "findings": ""
        },
        {
            "rule": "B. An administrator shall ensure that: 4. Documentation is developed before an outing that includes: a. The name of each resident participating in the outing; b. A description of the outing; c. The date of the outing; d. The anticipated departure and return times; e. The name, address, and, if available, telephone number of the outing destination; and f. If applicable, the license plate number of each vehicle used to transport a resident;",
            "evidence": "Based on documentation review and interview, the administrator failed to ensure documentation was developed before an outing to include the name of each resident participating in the outing.",
            "findings": "1. A review of facility documentation revealed a policy and procedure titled \"Outings\" (date unavailable). The policy and procedure stated \" ...B. Outing logs: must be completed prior to leaving the house with the destination, date and time, license plate number, who is going ... When you come back you must enter the time you returned on the log.\" 2. A review of facility documentation revealed a document titled \"Outing Form\" (dated November 18, 2023). The document stated \"Dog Show (Back to the bully Rumble 3)\" with an anticipated departure time of 10:40AM and anticipated return time of 3:30PM. However, the name of each resident participating in the outing was not available for review. 3. In an interview, E1 acknowledged documentation was not developed before an outing to include the name of each resident participating in the outing. Plan of Correction Name, title and/or Position of the Person Responsible Date temporary correction was implemented Date permanent correction will be complete 2024-01-14 Temporary Solution Permanent Solution Monitoring"
        },
        {
            "rule": "An administrator shall ensure that a time-out: 1. Is provided to a resident who voluntarily decides to go in a time-out;",
            "evidence": "Based on documentation review and interview, the administrator failed to ensure a time-out was provided to a resident who voluntarily decided to go in a time-out.",
            "findings": "R9-10-101(235) \"Time-out\" means providing a patient a voluntary opportunity to regain self- control in a designated area from which the patient is not physically prevented from leaving. 1. A review of facility documentation revealed a document titled \"Youth Incident Report\" (dated October 17, 2023). The document stated \"Staff send [sic] client to bed and explained to [R2] that this is not acceptable behaviors.\" 2. A review of facility documentation revealed a document titled \"Youth Incident Report\" (dated November 8, 2023). The document stated \"Staff [E2] redirected client [R6] to go outside and take a 5 minute calm down.\" 3. A review of facility documentation revealed a document titled \"Youth Incident Report\" (dated December 7, 2023). The document stated \"Staff redirected client [R1] to go sit in the recreation room and client [R5] to go sit in the tv room. ... Staff redirected client [R1] again to have a seat in the recreation room.\" 4. In an interview, E1 reported sending residents to a different area is a method of separating residents when they have arguments or fights. 5. In an interview, the findings were reviewed with E1 and no additional comments or statements were provided regarding the findings. Plan of Correction Name, title and/or Position of the Person Responsible Date temporary correction was implemented Date permanent correction will be complete 2024-01-14 Temporary Solution Permanent Solution Monitoring"
        },
        {
            "rule": "A. Except for an outdoor behavioral health care program provided by a behavioral health residential facility, an administrator shall ensure that: 1. The premises and equipment are: c. Free from a condition or situation that may cause a resident or other individual to suffer physical injury;",
            "evidence": "Based on observation, record review, and interview, the administrator failed to ensure the premises and equipment were free from a condition or situation that may cause a resident or other individual to suffer physical injury. The deficient practice posed a risk as R1's treatment plan did not allow for R1 to be around non-shatter-proof mirrors. Findings include: 1. The Compliance Officer observed a common bathroom in an upstairs hallway. The Compliance Officer observed a large mirror in the bathroom. However, there was no evidence to indicate the mirrors were shatter-proof. The Compliance Officer observed an acrylic sheet placed over each mirror with an adhesive strip. However, the acrylic sheet peeled back when the Compliance Officer pulled at the corners of the sheet. 2. The Compliance Officer observed am unlocked common bathroom next to the front door. The Compliance Officer observed an oval-shaped mirror in the bathroom. However, there was no evidence to indicate the mirrors were shatter-proof. 3. A review of R1's (admitted in 2023) medical record revealed a behavioral health assessment (dated in 2023). The behavioral health assessment stated \" ... [R1] endorsed that [R1 sought treatment through behavioral health residential facility due to [R1's] ... SI/DTS/self- harming bxs. ... HX/previous suicide attempts, multiple SI attempts; attempted to run into traffic 2 x.\" 4. A review of R1's medical record revealed a current treatment plan (dated in 2023). The treatment plan stated \"NO, Client is not safe around nonshatterproof glass as there is HX of SI/DTS/HI/, and high impulsivity.\" 5. In an interview, the findings were reviewed with E1 and no additional comments or statements were provided regarding the findings. Plan of Correction Name, title and/or Position of the Person Responsible Date temporary correction was implemented Date permanent correction will be complete 2024-01-25 Temporary Solution Permanent Solution Monitoring",
            "findings": ""
        },
        {
            "rule": "B. An administrator shall ensure that: 5. A resident bathroom provides privacy when in use and contains: a. A shatter-proof mirror, unless the resident's treatment plan allows for otherwise;",
            "evidence": "Based on observation, record review, and interview, the administrator failed to ensure a resident bathroom contained shatter-proof mirrors, unless the resident's treatment plan allowed for otherwise. The deficient practice posed a risk as R1's treatment plan did not allow for R1 to be around non-shatter-proof mirrors.",
            "findings": "1. The Compliance Officer observed a master bedroom and a bathroom was observed in the master bedroom. The Compliance Officer observed a large mirror in the bathroom. However, there was no evidence to indicate the mirror was shatter-proof. The Compliance Officer observed an acrylic sheet placed over each mirror with an adhesive strip. However, the acrylic sheet peeled back when the Compliance Officer pulled at the corners of the sheet. The Compliance Officer observed the acrylic sheet did not cover the entire mirror. 2. A review of R1's (admitted in 2023) medical record revealed a behavioral health assessment (dated in 2023). The behavioral health assessment stated \" ... [R1] endorsed that [R1 sought treatment through behavioral health residential facility due to [R1's] ... SI/DTS/self- harming bxs. ... HX/previous suicide attempts, multiple SI attempts; attempted to run into traffic 2 x.\" 3. A review of R1's medical record revealed a current treatment plan (dated in 2023). The treatment plan stated \"NO, Client is not safe around nonshatterproof glass as there is HX of SI/DTS/HI/, and high impulsivity.\" 4. In an interview, the findings were reviewed with E1 and no additional comments or statements were provided regarding the findings. Plan of Correction Name, title and/or Position of the Person Responsible Date temporary correction was implemented Date permanent correction will be complete 2024-01-25 Temporary Solution Permanent Solution Monitoring"
        }
    ]
}