{
    "legal_name": "MATTIES CARE HOUSE LLC",
    "facility_status": "Active",
    "address": "6823 West Pleasant Lane, Laveen, AZ 85339",
    "license_status": "Active",
    "phone": "6026860419",
    "license_number": "BH4867",
    "max_licensed_capacity": "10",
    "license_effective_date": "6/1/2025",
    "chief_administrative_officer": "LATOYA LEE",
    "license_expires_date": "5/31/2026",
    "owner_licensee": "MATTIE'S CARE HOUSE, LLC",
    "inspection_number": "INSP-0076882",
    "inspection_date": "4/5/2024",
    "inspection_type": "Complaint",
    "certificate_number": "Initial Comments",
    "deficiencies": "no deficiencies"
}