{
    "legal_name": "MATTIES CARE HOUSE LLC",
    "facility_status": "Active",
    "address": "6823 West Pleasant Lane, Laveen, AZ 85339",
    "license_status": "Active",
    "phone": "6026860419",
    "license_number": "BH4867",
    "max_licensed_capacity": "10",
    "license_effective_date": "6/1/2025",
    "chief_administrative_officer": "LATOYA LEE",
    "license_expires_date": "5/31/2026",
    "owner_licensee": "MATTIE'S CARE HOUSE, LLC",
    "inspection_number": "INSP-0076879",
    "inspection_date": "1/10/2024",
    "inspection_type": "Complaint",
    "certificate_number": "Initial Comments",
    "deficiencies": [
        {
            "rule": "B. An administrator shall ensure that: 2. A personnel member's skills and knowledge are verified and documented: a. Before the personnel member provides physical health services or behavioral health services, and b. According to policies and procedures; and",
            "evidence": "Based on documentation review, record review and interview, the administrator failed to ensure a personnel member's skills and knowledge were verified and documented before the personnel member provided behavioral health services, for one of five behavioral health technicians sampled. The deficient practice posed a risk if E6 was unable to meet a resident's needs.",
            "findings": "1. A review of facility documentation revealed a daily staffing schedule, titled \"January 2024.\" The daily staffing schedule revealed E6 was scheduled to work on the following dates: - January 1, 2024 - 12 AM - 8 AM -January 3, 2024 - 12 AM - 8 AM -January 5, 2024 - 12 AM - 8 AM -January 6, 2024 - 12 AM - 8 AM - January 7, 2024 - 12 AM - 8 AM -January 8, 2024 - 12 AM - 8 AM 2. A review of E6's (hired in 2024) personnel record revealed E6 was hired as a behavioral health technician. A document, titled \"MCHL New Hire Skills and Knowledge Verification Checklist,\" was in E6's personnel record. However, the document was blank. 3. In an interview, E1 acknowledged skills and knowledge had not been verified for E6 prior to E6 providing behavioral health services. E1 acknowledged E6 had worked approximately six shifts in the facility. Plan of Correction Name, title and/or Position of the Person Responsible Date temporary correction was implemented Date permanent correction will be complete Temporary Solution Permanent Solution Monitoring"
        }
    ]
}