{
    "legal_name": "MATTIES CARE HOUSE LLC",
    "facility_status": "Active",
    "address": "6823 West Pleasant Lane, Laveen, AZ 85339",
    "license_status": "Active",
    "phone": "6026860419",
    "license_number": "BH4867",
    "max_licensed_capacity": "10",
    "license_effective_date": "6/1/2025",
    "chief_administrative_officer": "LATOYA LEE",
    "license_expires_date": "5/31/2026",
    "owner_licensee": "MATTIE'S CARE HOUSE, LLC",
    "inspection_number": "INSP-0076887",
    "inspection_date": "7/31/2024",
    "inspection_type": "Complaint",
    "certificate_number": "Initial Comments",
    "deficiencies": [
        {
            "rule": "C. An administrator shall ensure that: 1. Policies and procedures are established, documented, and implemented to protect the health and safety of a resident that: n. Cover a quality management program, including incident reports and supporting documentation;",
            "evidence": "Based on interview, documentation review, and interview, the administrator failed to implement policies and procedures to protect the health and safety of a resident to cover a quality management program, including incident reports and supporting documentation. The deficient practice posed a risk as the facility's standards were not followed.",
            "findings": "1. In an interview, E1 acknowledged investigations by Arizona Healthcare Cost Containment System and the Arizona Department of Health into allegations of a lack of food at the licensed facility within the previous month. 2. A request was made for the incident report, grievance or investigation into these allegations. None could be provided by the exit survey. 3. A request was made for a policy on investigations care concerns. A policy was produced titled \"Grievance Policy\" last reviewed on February 6, 2024, which revealed \"...Any complaint, concern, or dispute rendered by a Provider, Client, Client Family, or staff member is considered a grievance...If/when a grievance form is submitted to MCH (Matties Care House)...management will contact the concerned party to address the claim within 48 hours....\" 4. Another policy was produced titled \"Policy Implementation I. Encouragement of Reporting; Reporting Obligation\" last reviewed on February 6, 2024, which revealed \"...Mattie's Care House LLC (MCH) encourages employees of its community to report all information regarding any activity they reasonable believe to be wrongful or unlawful...circumstances of substantial, specific, or imminent danger to...students...safety; suspected child abuse and/or neglect....\" 5. Another policy was produced titled \"Reporting and Investigation Process\" last reviewed on February 6, 2024, which revealed \"...Reporting...Reports should be made as promptly as possible after the suspected wrongful or unlawful activity...occurs in order to facilitate investigation of the report. All reports will be handled as promptly and discreetly as possible, with facts made available only to those who need to know to investigate and resolve the matter....\" 6. In an interview, E1 acknowledged no investigation, grievance, or incident report was created or documented by the licensed facility based on the multiple investigations by outside agencies regarding resident food concerns in the previous month. Plan of Correction Name, title and/or Position of the Person Responsible Date temporary correction was implemented Date permanent correction will be complete 2025-01-31 Temporary Solution Permanent Solution Monitoring"
        },
        {
            "rule": "B. An administrator shall ensure that: 1. A resident is treated with dignity, respect, and consideration;",
            "evidence": "Based on observation, documentation review and interview, the administrator failed to ensure a resident was treated with dignity, respect and consideration. The deficient practice posed a risk as residents' rights were violated.",
            "findings": "1. Observation while on site revealed a prospective employee enter the licensed facility for an interview. The prospective employee walked past the residents who were in the living room and a table was set up in the dining room for an interview. Residents were in an out of the kitchen walking past the living room in plain sight of the prospective employee while starting the interview process. 2. A policy was requested on privacy in treatment. A policy was produced titled \"Rights for Children\" last reviewed on February 6, 2024, which revealed \"...The following list of rights is not all-inclusive and is not meant to limit the rights of our clients that are guaranteed under State and Federal laws...The right to privacy including during treatment and care of personal needs....\" 3. In an interview, E1 acknowledged the living room of the licensed facility was not an area where an interview with a prospective employee should have been conducted while residents were present. 4. In an interview, E1 acknowledged residents have a right to privacy while in treatment. Plan of Correction Name, title and/or Position of the Person Responsible Date temporary correction was implemented Date permanent correction will be complete 2025-01-31 Temporary Solution Permanent Solution Monitoring"
        }
    ]
}