{
    "legal_name": "MINDFIT 360",
    "facility_status": "Active",
    "address": "30175 West Fairmount Avenue, Buckeye, AZ 85396",
    "license_status": "Active",
    "phone": "4025154874",
    "license_number": "BH9628",
    "max_licensed_capacity": "5",
    "license_effective_date": "9/16/2024",
    "chief_administrative_officer": "R. JUSTICE BRAIMAH",
    "license_expires_date": "9/15/2025",
    "owner_licensee": "ICARE TOTAL HEALTH SERVICES, INC",
    "inspection_number": "INSP-0077602",
    "inspection_date": "9/12/2024",
    "inspection_type": "Compliance (Initial)",
    "certificate_number": "Initial Comments",
    "deficiencies": "no deficiencies"
}