{
    "legal_name": "MINGUS MOUNTAIN ESTATE RESIDENTIAL CENTER, INC",
    "facility_status": "Active",
    "address": "100 Dewey Road, Dewey, AZ 86327",
    "license_status": "Active",
    "phone": "6023352000",
    "license_number": "BH1122",
    "max_licensed_capacity": "9",
    "license_effective_date": "5/1/2025",
    "chief_administrative_officer": "SHAUN MOHON",
    "license_expires_date": "4/30/2026",
    "owner_licensee": "MINGUS MOUNTAIN ESTATE RESIDENTIAL CENTER, INC.",
    "inspection_number": "INSP-0077613",
    "inspection_date": "10/24/2024",
    "inspection_type": "Compliance (Annual)",
    "certificate_number": "Initial Comments",
    "deficiencies": "no deficiencies"
}