{
    "legal_name": "MINGUS MOUNTAIN ESTATE RESIDENTIAL CENTER, INC",
    "facility_status": "Active",
    "address": "3801 North Robert Road, Prescott Valley, AZ 86312",
    "license_status": "Active",
    "phone": "6023352000",
    "license_number": "BH1487",
    "max_licensed_capacity": "8",
    "license_effective_date": "5/1/2025",
    "chief_administrative_officer": "CHRIS BANKEN",
    "license_expires_date": "4/30/2026",
    "owner_licensee": "MINGUS MOUNTAIN ESTATE RESIDENTIAL CENTER, INC.",
    "inspection_number": "INSP-0077618",
    "inspection_date": "10/29/2024",
    "inspection_type": "Complaint",
    "certificate_number": "BH1487",
    "deficiencies": [
        {
            "rule": "A. An administrator shall ensure that: 7. A resident does not: a. Use or have access to any materials, furnishings, or equipment or participate in any activity or treatment that may present a threat to the resident's health or safety based on the resident's documented diagnosis, treatment needs, developmental levels, social skills, verbal skills, or personal history; or",
            "evidence": "Based on record review and interview, the administrator failed to ensure a resident did not have access to any materials, furnishings, or equipment or participate in any activity or treatment to present a threat to the resident's health or safety based on the resident's personal history. The deficient practice posed a risk as R1 had access to a razor l while admitted into a behavioral health residential facility in contradiction with R1 ' s personal history.",
            "findings": "1. A review of R1 ' s medical record revealed an incident report dated on October 17, 2024. The report indicated R1 attempted to self-harm while in the shower using a razor R1 requested from staff. 2. A review of R1 ' s medical record revealed an incident report dated on October 26, 2024. The report indicated R1 requested a razor when R1 was showering and was provided a razor by staff. The report indicated R1 used the razor to self-harm while in the shower and reported the incident to 3.The incident was documented by E2. The report indicated E2 and E3 provided first aid before E2 and E3 were advised by the facility ' s registered nurse (RN) to call 911. 3. A review of R1 ' s medical record revealed a behavioral health assessment dated on 2024. The assessment stated R1 was \"high risk\" for \"self- harm/suicide.\" 4. In an interview, E1 confirmed the razor was provided to R1 by staff. E1 acknowledged R1 had access to a razor that presented a threat to R1's health or safety based on R1 ' s personal history. Plan of Correction Name, title and/or Position of the Person Responsible Date temporary correction was implemented Date permanent correction will be complete 2025-01-07 Temporary Solution Permanent Solution Monitoring"
        }
    ]
}