{
    "legal_name": "MINGUS MOUNTAIN ESTATE RESIDENTIAL CENTER, INC",
    "facility_status": "Active",
    "address": "3801 North Robert Road, Prescott Valley, AZ 86312",
    "license_status": "Active",
    "phone": "6023352000",
    "license_number": "BH1487",
    "max_licensed_capacity": "8",
    "license_effective_date": "5/1/2025",
    "chief_administrative_officer": "CHRIS BANKEN",
    "license_expires_date": "4/30/2026",
    "owner_licensee": "MINGUS MOUNTAIN ESTATE RESIDENTIAL CENTER, INC.",
    "inspection_number": "INSP-0077616",
    "inspection_date": "10/18/2023",
    "inspection_type": "Compliance (Annual)",
    "certificate_number": "BH1487",
    "deficiencies": "no deficiencies"
}