{
    "legal_name": "MINGUS MOUNTAIN ESTATE RESIDENTIAL CENTER, INC",
    "facility_status": "Active",
    "address": "100 Dewey Road, Dewey, AZ 86327",
    "license_status": "Active",
    "phone": "6023352000",
    "license_number": "BH1122",
    "max_licensed_capacity": "9",
    "license_effective_date": "5/1/2025",
    "chief_administrative_officer": "SHAUN MOHON",
    "license_expires_date": "4/30/2026",
    "owner_licensee": "MINGUS MOUNTAIN ESTATE RESIDENTIAL CENTER, INC.",
    "inspection_number": "INSP-0131229",
    "inspection_date": "5/12/2025",
    "inspection_type": "Complaint",
    "certificate_number": "BH1122",
    "deficiencies": [
        {
            "rule": "R9-10-708.A.4.c. Treatment Plan A. An administrator shall ensure that a treatment plan is developed and implemented for each resident that: 4. Includes: c. The signature of the resident or the resident's representative, and date signed, or documentation of the refusal to sign;",
            "evidence": "Based on record review and interview, the administrator failed to ensure a treatment plan was developed to include the signature of the resident\u2019s representative, and date signed, or documentation of the refusal to sign, for two of two current residents sampled, and one of one discharged resident sampled. The deficient practice posed a risk if the resident's representatives were not required to sign.",
            "findings": "R9-10-101(165) \"Patient\u2019s representative\u201d means: a. A patient\u2019s legal guardian; b. If a patient is less than 18 years of age and not an emancipated minor, the patient\u2019s parent; c. If a patient is 18 years of age or older or an emancipated minor, an individual acting on behalf of the patient with the written consent of the patient or patient\u2019s legal guardian; or d. A surrogate as defined in A.R.S. \u00a7 36-3201.\" R9-10-101(196) \"Resident\u2019s representative\u201d means the same as \u201cpatient\u2019s representative\u201d for a resident. ARS 1-602(A) All parental rights are exclusively reserved to a parent of a minor child without obstruction or interference from this state, any political subdivision of this state, any other governmental entity or any other institution, including: 5. The right to make all health care decisions for the minor child, including rights pursuant to sections 15-873, 36-2271 and 36- 2272, unless otherwise prohibited by law. H. For the purposes of this section, \"parent\" means the natural or adoptive parent or legal guardian of a minor child. 1. A review of Department documentation revealed the facility was authorized to provide services to individuals under the age of 18. 2. A review of R1\u2019s (admitted in August 2024 and discharged in February 2025) medical record revealed documentation of R1's legal guardian and R1's treatment plan, dated in February 2025. R1 signed R1\u2019s treatment plan, however R1\u2019s treatment plan did not include R1\u2019s representative\u2019s signature, and date signed, or documentation of the refusal to sign. 3. A review of R2\u2019s (admitted in December 2024) medical record revealed documentation of R2's legal guardian, and R2's treatment plan, dated in December 2024. R2 signed R2\u2019s treatment plan, however, R2\u2019s treatment plan did not include R2\u2019s representative\u2019s signature, and date signed, or documentation of the refusal to sign. 4. A review of R3\u2019s (admitted in May 2024) medical record revealed documentation of R3's legal guardian, and R3's treatment plan, dated in February 2025. R3 signed R3\u2019s treatment plan, however, R3\u2019s treatment plan did not include R3\u2019s representative\u2019s signature, and date signed, or documentation of the refusal to sign. 5. In an interview, E1 reported residents were required to sign their treatment plan per The Joint Commission requirements, as the facility was accredited by The Joint Commission. E1 acknowledged the facility was licensed by the Department and not The Joint Commission. E1 reported the facility was in compliance as the regulation stated \u201cresident or resident\u2019s representative.\u201d E1 acknowledged residents at the behavioral health residential facility were under the age of eighteen. E1 acknowledged the rule requirements and definitions however E1 stated the facility was in compliance. E1 reported resident representatives signed the treatment for consents, which included the treatment plans. 6. In an exit interview, the findings were discussed with E2 and no additional statements or documentation were provided. Plan of Correction Name, title and/or Position of the Person Responsible Michelle Kyliavas, Clinical Director Date temporary correction was implemented Date permanent correction will be complete 2025-07-21 Temporary Solution Permanent Solution By 07/21/2025, all the parent(s)/guardian(s) of current clients will be enrolled in the patient portal for our Electronic Health Record (EHR). This will allow us to send the treatment plans to the parent(s)/guardian(s) for signature through the patient portal to sign the plan electronically. Plans that are not signed will be marked as such, and a record of attempts made will be maintained in the electronic health record. New admissions to the facility will have portal access set up during their intake to the program. Monitoring The internal audit (IAT) will review signatures on treatment plans in client files. This audit is performed monthly by a member of the Compliance and Quality department. The results of this audit are reported to the Performance Improvement Committee."
        },
        {
            "rule": "R9-10-716.A.7.a. Behavioral Health Services A. An administrator shall ensure that: 7. A resident does not: a. Use or have access to any materials, furnishings, or equipment or participate in any activity or treatment that may present a threat to the resident's health or safety based on the resident's documented diagnosis, treatment needs, developmental levels, social skills, verbal skills, or personal history; or",
            "evidence": "Based on record review and interview, the administrator failed to ensure a resident did not use or have access to any materials or participate in any activity that presented a threat to the resident\u2019s health or safety based on the resident\u2019s documented diagnosis, treatment needs, or personal history, for one of one discharged resident sampled. The deficient practice posed a risk as R1 was able to pierce R1\u2019s lip and nose with sharp materials.",
            "findings": "1. A review of R1\u2019s (admitted in August 2024 and discharged in February 2025) revealed an incident report dated in February 2025. R1\u2019s incident report stated \u201cDiagnoses\u2026Self- harming behavior \u2013 Diagnosed On 8/6/24\u2026 Suicide ideation \u2013 Diagnosed On 8/6/24\u2026 Incident Details on 2/18, a contraband check was completed in the house by staff members. A razor, a large needle tool from a clay set, an alcohol wipe, and several metal piercings were found in the room. Upon questioning, [R1] admitted to all the contraband items being [R1\u2019s] and also disclosed that [R1] utilized the items found to pierce [R1\u2019s] left nostril and inner lip area. [R1] was brought to nursing for an assessment and case manager and therapist were notified of the incidents. All contraband was removed from client\u2019s room and locked up/disposed of appropriately.\u201d 2. In an interview, E1 reported personnel members were unaware of how R1 brought the contraband into the facility. E1 reported residents attend the Mingus Mountain school and are accompanied by Mingus Mountain personnel members throughout the day. E1 acknowledged R1 had access to materials which posed a threat to R1\u2019s safety and R1 was able to use those materials to pierce R1\u2019s lip and nose. E1 reported school was not considered an outing and residents were only searched when returning from school if there was a reason to suspect contraband. 3. In an interview, E2 reported E2 received a report about a resident's visitor bringing in contraband but was unable to confirm or verify if R1 was the resident noted in the report. 4. In an exit interview, the findings were discussed with E2 and no additional statements or documentation were provided. Plan of Correction Name, title and/or Position of the Person Responsible Kevin Ullrich, Operations Director, BHRF Date temporary correction was implemented Temporary Solution A coaching session was provided to the BHRF supervisor on 6/19/2025 regarding the frequency of contraband check occurrences in the facility, which was set to occur twice weekly. 2025-06-19 Date permanent correction will be complete 2025-07-07 Permanent Solution The BHRF supervisor, or designee, will conduct contraband checks of the facility twice weekly and document them on the contraband log. Monitoring The contraband log will be submitted to the Risk Manager in the first week of the following month for auditing. Missed contraband checks will be reported to the Operations Director for accountability issuance. This monitoring will continue for 90 days after the plan of correction is accepted. Monitoring may continue after 90 days if necessary."
        }
    ]
}