{
    "legal_name": "MISS A'S LLC",
    "facility_status": "Active",
    "address": "8606 North 68th Lane, Peoria, AZ 85345",
    "license_status": "Active",
    "phone": "6236700039",
    "license_number": "BH5029",
    "max_licensed_capacity": "8",
    "license_effective_date": "12/1/2024",
    "chief_administrative_officer": "ALLISA DENEKE",
    "license_expires_date": "11/30/2025",
    "owner_licensee": "MISS A'S LLC",
    "inspection_number": "INSP-0077917",
    "inspection_date": "5/9/2024",
    "inspection_type": "Compliance (Annual)",
    "certificate_number": "Initial Comments",
    "deficiencies": [
        {
            "rule": "A.R.S. \u00a7 36-407. Prohibited acts; required acts A. A person shall not establish, conduct or maintain in this state a health care institution or any class or subclass of health care institution unless that person holds a current and valid license issued by the department specifying the class or subclass of health care institution the person is establishing, conducting or maintaining. The license is valid only for the establishment, operation and maintenance of the class or subclass of health care institution, the type of services and, except for emergency admissions as prescribed by the director by rule, the licensed capacity specified by the license.",
            "evidence": "Based on observation, documentation review, record review, and interview, the administrator failed to maintain a health care institution with the approved operations of the subclass of health care institution for which the Department issued a valid license. The deficient practice posed a risk as the licensed health care institution was not authorized to provide respite services.",
            "findings": "R9- 10-716(A)(1)(b) An administrator shall ensure that: 1. If a behavioral health residential facility is licensed to provide behavioral health services to individuals whose behavioral health issue limits the individuals' ability to function independently, a resident admitted to the behavioral health residential facility with limited ability to function independently receives: b. Continuous protective oversight. 1. The Compliance Officer observed three residents on the premises of BH5029 when the Compliance Officer arrived at 8:07AM. 2. The Compliance Officer observed three individuals arrive at and enter the premises at 8:12AM. 3. The Compliance Officer observed one of the residents from BH5029 leave the premises. 4. In an interview, E6 reported the 3 individuals who entered the premises at 8:12AM were from another licensed health care institution. E6 reported the three residents from another licensed health care institution came to BH5029 to do school online. 5. The Compliance Officer observed there were now five individuals on the premises of BH5029: two were residents of BH5029 and three were residents from another licensed health care institution. 6. A review of Department documentation revealed BH5029 was approved for a licensed capacity of eight residents under the age of 18 (effective December 8, 2016). 7. A review of Department documentation revealed BH5029 was not authorized to provide respite services. 8. A review of Department documentation revealed a confidential resident roster for BH6116. The roster revealed O1 was a resident at BH6116. 9. A review of facility documentation revealed a scope of services (date unavailable). The scope of services did not include respite services. 10. A review of resident medical records revealed medical records were not available for review for the three residents from BH6116. 11. In an interview, E1 reported behavioral health assessment were conducted for the three residents from BH6116 for their admission to BH6116. 12. In an interview, E1 reported BH5029 was never over capacity of eight residents. 13. In an interview, E1 reported the three residents from BH6116 come to BH5029 to do school online. 14. In an interview, E1 reported behavioral health services and personal care services were not provided to the three residents from BH6116. E1 reported there were no staffing concerns for the BH6116, however, E1 reported it was easier to bring the residents from BH6116 so the residents could be supervised by one personnel member instead of two. 15. In an interview, E1 reported E1 did not agree with the findings. Plan of Correction Name, title and/or Position of the Person Responsible Date temporary correction was implemented Date permanent correction will be complete 2024-05-09 Temporary Solution Permanent Solution Monitoring"
        },
        {
            "rule": "36-420.01. Health care institutions; fall prevention and fall recovery; training programs; definition A. Each health care institution shall develop and administer a training program for all staff regarding fall prevention and fall recovery. The training program shall include initial training",
            "evidence": "Based on documentation review, record review, and interview, the health care institution failed to develop a training program for all staff regarding fall prevention and fall recovery to include continued competency training.",
            "findings": "1. A review of facility and continued competency training in fall prevention and fall recovery. A health care institution may use information and training materials from the department's Arizona falls prevention coalition in developing the training program. documentation revealed a policy and procedure titled \"A.R.S. 26-420.01 - Fall Prevention and Fall Recovery\" (dated April 28, 2024). The policy and procedure stated \"Miss A's has developed and administered a training program for all staff regarding fall prevention and fall recovery. The training shall include initial training and continued competency training in fall prevention and fall recovery. ... Upon hire, all staff who work with the members at Miss A's BHRF will complete this training.\" However, the training program did not include continued competency training. 2. In an interview, the findings were reviewed with E1 and no additional comments or statements were provided regarding the findings. Plan of Correction Name, title and/or Position of the Person Responsible Date temporary correction was implemented Date permanent correction will be complete 2024-05-09 Temporary Solution Permanent Solution Monitoring"
        },
        {
            "rule": "C. An administrator shall ensure that: 1. Policies and procedures are established, documented, and implemented to protect the health and safety of a resident that: e. Cover cardiopulmonary resuscitation training including: i. The method and content of cardiopulmonary resuscitation training, which includes a demonstration of the individual's ability to perform cardiopulmonary resuscitation; ii. The qualifications for an individual to provide cardiopulmonary resuscitation training; iii. The time-frame for renewal of cardiopulmonary resuscitation training; and iv. The documentation that verifies that the individual has received cardiopulmonary resuscitation training;",
            "evidence": "Based on documentation review, record review, and interview, the administrator failed to implement policies and procedures to protect the health and safety of a resident to cover cardiopulmonary resuscitation (CPR) training, to include a demonstration of the individual's ability to perform cardiopulmonary resuscitation. The deficient practice posed a risk if E5 was unable to meet a resident's needs during an accident or emergency, and the facility's standards were not followed. Findings include: 1. A review of the facility's policies and procedures revealed a policy titled \"CPR and First Aid\" (dated April 28, 2024). The policy stated \"All Owners, Behavioral Health Professionals and Behavioral Health Technicians associated to Miss 's, will have the required cardiopulmonary resuscitation, (CPR) and first aid training that includes a demonstration during employee orientation of hands on training. ... Should a potential employee not have hands-on CPR and/or First Aid training the candidate will be enrolled in the hands-on class prior to being hired or will not work along; Class will be a hands-on training ... View demonstration of the CPR will be performed ensuring knowledge and ability.\" 2. A review of facility documentation revealed a daily staffing schedule for May 2024. The schedule revealed E5 was scheduled to work alone on the following dates and the following times: -10:00PM to 6:00AM: May 6-9, 2024. 3. A review of E5's (hired in 2022) personnel record revealed E5 was hired as a behavioral health technician (BHT). The record revealed documentation of CPR training from \"NationalCPRFoundation\" issued April 15, 2024. The document stated \"Valid for 2 years.\" 4. A review of the \"NationalCPRFoundation\" website revealed courses were conducted online. The \"NationalCPRFoundation\" website stated the following: -\"Help Save Lives Today with Your Online CPR Certification Training!\" - \"All courses can be completed online in just a few hours or less. Once you have completed an examination via our quick and easy online system, you will receive a PDF copy of your certificate immediately via email as well as your card within 2-5 business days;\" and - \"Online training is a legal and acceptable form of training, however, NCPRF\\'ae does not offer in-person training. Your employer or licensing board may require in-person training for \"special industries\". You should consult with your employer if you have questions about whether our certification will be accepted. Therefore, we cannot guarantee that our certification will be accepted in every situation.\" 5. In an interview, E1 reported E1 did not observe E5's demonstration of hands on [CPR] training. 6. In an interview, E1 reported E5 reported E5 went to an in-person demonstration after the CPR course. E1 reported this information was not documented. 7. In an interview, E8 reported E8 spoke with a representative from NationalCPRFoundation. E8 reported the representative reported individuals who take the course from NationalCPRFoundation do a demonstration after the course. E8 reported E8 would send this information to the Compliance Officer, however, this information was not provided for review. 8. In an interview, the findings were reviewed with E1 and no additional comments or statements were provided regarding the findings. Plan of Correction Name, title and/or Position of the Person Responsible Date temporary correction was implemented Date permanent correction will be complete 2024-05-21 Temporary Solution Permanent Solution Monitoring",
            "findings": ""
        },
        {
            "rule": "A. An administrator shall ensure that: 3. An order is: c. If the order is a verbal order, authenticated by the medical practitioner or behavioral health professional issuing the order;",
            "evidence": "Based on documentation review, record review, and interview, the administrator failed to ensure medication administered to a resident was administered in compliance with an order, for one of two residents sampled. The deficient practice posed a risk if the resident experienced a change in condition due to improper medication administration. Findings include: R9-10-101.26 \"Authenticate\" means to establish authorship of a document or an entry in a medical record by: a. A written signature; b. c. d. An individual ' s initials, if the individual ' s written signature appears on the document or in the medical record; A rubber- stamp signature; or An electronic signature code. 1. A review of facility documentation revealed a scope of services (date unavailable). The scope of services stated \" ... Miss A's stresses the importance of medication management to assist in challenging behaviors.\" 2. In an interview, E1 reported BH5029 does not provide assistance in the self-administration of medication. E1 reported medication administration was provided to residents. E1 updated the scope of services. 3. A review of facility documentation revealed an updated scope of services. The scope of service stated \" ... Miss A's stresses the importance of medication management to assist in challenging behaviors as well as medication administration.\" 4. A review of R2's medical record revealed a treatment plan (dated in 2024). However, R2's treatment plan did not include whether medication administration or assistance in the self-administration of medication was to be provided to R2. 5. A review of R2's medical record revealed \"Fluoxetine HCL 10mg\" was documented as provided on the following dates and the following times: -May 7, 2024: 5:53AM; -May 8, 2024: 5:55AM; and -May 9, 2024: 5:55AM. 6. A review of R2's medical record revealed \"Guanfacine 1mg\" was documented as provided on the following dates and the following times: -May 8, 2024: 5:55AM and 8:05PM; and -May 9, 2024: 5:55AM. 7. A review of R2's medical record revealed medication orders (dated March 4, 2024). The medication orders stated: -\"Fluoxetine 10mg 1xDaily 8AM;\" -\"Guanfacine 1mg 2x Daily 8AM/8PM.\" 8. In an interview, E1 reported R2 goes to school early in the morning so R2's medications were administered early. 9. In an interview, E1 reported this was not considered a medication error because R2's medical practitioner was aware R2 received R2's morning medications early. E1 reported R2's medical practitioner gave a verbal order for the aforementioned medications to be administered early. However, the verbal order was not documented and authenticated by the medical practitioner or behavioral health professional issuing the order. 10. In an interview, E1 acknowledged a verbal order was not authenticated by the medical practitioner or behavioral health professional issuing the order. Plan of Correction Name, title and/or Position of the Person Responsible Date temporary correction was implemented Date permanent correction will be complete 2024-05-09 Temporary Solution Permanent Solution Monitoring",
            "findings": ""
        },
        {
            "rule": "A. An administrator shall ensure that: 6. Before a resident participates in behavioral health services provided in a setting or activity with more than one resident participating, the diagnoses, treatment needs, developmental levels, social skills, verbal skills, and personal histories, including any history of physical or sexual abuse, of the residents participating are reviewed to ensure that the: a. Health and safety of each resident is protected, and",
            "evidence": "Based on observation, documentation review, record review, and interview, the administrator failed to ensure before a resident participated in behavioral health services provided in a setting or activity with more than one resident participating, the diagnoses, treatment needs, developmental levels, social skills, verbal skills, and personal histories, including any history of physical or sexual abuse, of the residents participating were reviewed to ensure the health and safety of each resident was protected. The deficient practice posed a risk as the licensed health care institution was not authorized to provide respite services.",
            "findings": "1. The Compliance Officer observed three residents on the premises of BH5029 when the Compliance Officer arrived at 8:07AM. 2. The Compliance Officer observed three individuals arrive at and enter the premises at 8:12AM. 3. The Compliance Officer observed one of the residents from BH5029 leave the premises. 4. In an interview, E6 reported the 3 individuals who entered the premises at 8:12AM were from another licensed health care institution. E6 reported the three residents from another licensed health care institution came to BH5029 to do school online. 5. The Compliance Officer observed there were now five individuals on the premises of BH5029: two were residents of BH5029 and three were residents from another licensed health care institution. 6. A review of Department documentation revealed BH5029 was approved for a licensed capacity of eight residents under the age of 18 (effective December 8, 2016). 7. A review of Department documentation revealed BH5029 was not authorized to provide respite services. 8. A review of Department documentation revealed a confidential resident roster for BH6116. The roster revealed O1 was a resident at BH6116. 9. A review of facility documentation revealed a scope of services (date unavailable). The scope of services did not include respite services. 10. A review of resident medical records revealed medical records were not available for review for the three residents from BH6116. 11. In an interview, E1 reported behavioral health assessment were conducted for the three residents from BH6116 for their admission to BH6116. 12. In an interview, E1 reported BH5029 was never over capacity of eight residents. 13. In an interview, E1 reported the three residents from BH6116 come to BH5029 to do school online. 14. In an interview, E1 reported behavioral health services and personal care services were not provided to the three residents from BH6116. E1 reported there were no staffing concerns for the BH6116, however, E1 reported it was easier to bring the residents from BH6116 so the residents could be supervised by one personnel member instead of two. 15. In an interview, E1 reported E1 did not agree with the findings. Plan of Correction Name, title and/or Position of the Person Responsible Date temporary correction was implemented Date permanent correction will be complete 2024-05-09 Temporary Solution Permanent Solution Monitoring"
        },
        {
            "rule": "B. If a behavioral health residential facility provides medication administration, an administrator shall ensure that: 3. A medication administered to a resident: a. Is administered in compliance with an order, and",
            "evidence": "Based on documentation review, record review, and interview, the administrator failed to ensure medication administered to a resident was administered in compliance with an order, for one of two residents sampled. The deficient practice posed a risk if the resident experienced a change in condition due to improper medication administration. Findings include: 1. A review of facility documentation revealed a scope of services (date unavailable). The scope of services stated \" ... Miss A's stresses the importance of medication management to assist in challenging behaviors.\" 2. In an interview, E1 reported BH5029 does not provide assistance in the self-administration of medication. E1 reported medication administration was provided to residents. E1 updated the scope of services. 3. A review of facility documentation revealed an updated scope of services. The scope of service stated \" ... Miss A's stresses the importance of medication management to assist in challenging behaviors as well as medication administration.\" 4. A review of R2's medical record revealed a treatment plan (dated in 2024). However, R2's treatment plan did not include whether medication administration or assistance in the self-administration of medication was to be provided to R2. 5. A review of R2's medical record revealed \"Fluoxetine HCL 10mg\" was documented as provided on the following dates and the following times: -May 7, 2024: 5:53AM; -May 8, 2024: 5:55AM; and -May 9, 2024: 5:55AM. 6. A review of R2's medical record revealed \"Guanfacine 1mg\" was documented as provided on the following dates and the following times: -May 8, 2024: 5:55AM and 8:05PM; and -May 9, 2024: 5:55AM. 7. A review of R2's medical record revealed medication orders (dated March 4, 2024). The medication orders stated: -\"Fluoxetine 10mg 1xDaily 8AM;\" -\"Guanfacine 1mg 2x Daily 8AM/8PM.\" 8. In an interview, E1 reported R2 goes to school early in the morning so R2's medications were administered early. 9. In an interview, E1 reported this was not considered a medication error because R2's medical practitioner was aware R2 received R2's morning medications early. E1 reported R2's medical practitioner gave a verbal order for the aforementioned medications to be administered early. However, the verbal order was not documented and authenticated by the medical practitioner or behavioral health professional issuing the order. 10. In an interview, E1 acknowledged medication administered to a resident was not administered in compliance with an order. Plan of Correction Name, title and/or Position of the Person Responsible Date temporary correction was implemented Date permanent correction will be complete 2024-05-09 Temporary Solution Permanent Solution Monitoring",
            "findings": ""
        }
    ]
}