{
    "legal_name": "MISS A'S LLC",
    "facility_status": "Active",
    "address": "8606 North 68th Lane, Peoria, AZ 85345",
    "license_status": "Active",
    "phone": "6236700039",
    "license_number": "BH5029",
    "max_licensed_capacity": "8",
    "license_effective_date": "12/1/2024",
    "chief_administrative_officer": "ALLISA DENEKE",
    "license_expires_date": "11/30/2025",
    "owner_licensee": "MISS A'S LLC",
    "inspection_number": "INSP-0077915",
    "inspection_date": "2/28/2023",
    "inspection_type": "Compliance (Annual)",
    "certificate_number": "Initial Comments",
    "deficiencies": [
        {
            "rule": "G. An administrator shall ensure that a personnel record is maintained for each personnel member, employee, volunteer, or student that includes: 3. Documentation of: j.",
            "evidence": "of freedom from infectious tuberculosis, if required for the individual according to subsection (F). Evidence Based on record review and interview, the administrator failed to ensure a personnel record was maintained for each personnel member to include documentation of evidence of freedom from infectious tuberculosis (TB), if required for the individual according to subsection (F), for one of seven personnel sampled. The deficient practice posed a risk to the health and safety of residents. Findings include: 1. A review of E6's (hired in February, 2022), personnel record revealed E6 was hired as an Registered Nurse (RN). However, evidence of freedom from infectious TB was not available for review. 2. In an interview, E1 acknowledged E6's personnel record did not include evidence of freedom from infectious TB. Plan of Correction Name, title and/or Position of the Person Responsible Date temporary correction was implemented Date permanent correction will be complete 2023-03-01 Temporary Solution Permanent Solution Monitoring",
            "findings": ""
        },
        {
            "rule": "A. Except for an outdoor behavioral health care",
            "evidence": "Based on observation and interview, the program provided by a behavioral health residential facility, an administrator shall ensure that: 1. The premises and equipment are: a. Maintained in a condition that allows the premises and equipment to be used for the original purpose of the premises and equipment; administrator failed to ensure the premises and equipment were maintained in a condition which allowed the premises and equipment to be used for the original purpose. Findings include: 1. During a facility tour with E2, the Compliance Officer observed a drawer in the kitchen that was broken. The master bedroom contained min blinds over the windows. The window facing the westside of the facility, contained a mini blind that had several slats missing. 2. In an interview, E2 acknowledged the broken drawer and broken mini blind and reported it would be fixed as soon as possible. Plan of Correction Name, title and/or Position of the Person Responsible Date temporary correction was implemented Date permanent correction will be complete 2023-03-01 Temporary Solution Permanent Solution Monitoring",
            "findings": ""
        },
        {
            "rule": "A. Except for an outdoor behavioral health care program provided by a behavioral health residential facility, an administrator shall ensure that: 14. Poisonous or toxic materials stored by the behavioral health residential facility are maintained in labeled containers in a locked area separate from food preparation and storage, dining areas, and medications and are inaccessible to residents;",
            "evidence": "Based on observation and interview, the administrator failed to ensure poisonous or toxic materials stored by the behavioral health residential facility were in a locked area and inaccessible to residents. The deficient practice posed a risk to the physical health and safety of a resident.",
            "findings": "1. The Compliance Officer observed three residents on the premises. 2. The Compliance Officer observed, in an unlocked storage area located under the stairwell, the following toxic materials: -Lysol; - Windex; and -PineSol The items contained toxic warning labels. 3. In an interview, E2 acknowledged poisonous or toxic materials stored by the behavioral health residential facility were not in a locked area and inaccessible to residents. Plan of Correction Name, title and/or Position of the Person Responsible Date temporary correction was implemented Date permanent correction will be complete 2023-03-01 Temporary Solution Permanent Solution Monitoring"
        }
    ]
}