{
    "legal_name": "MISS A'S, LLC",
    "facility_status": "Active",
    "address": "9143 North 82nd Lane, Peoria, AZ 85345",
    "license_status": "Active",
    "phone": "6236700039",
    "license_number": "BH6116",
    "max_licensed_capacity": "8",
    "license_effective_date": "3/12/2025",
    "chief_administrative_officer": "ALLISA DENEKE",
    "license_expires_date": "3/11/2026",
    "owner_licensee": "MISS A'S LLC",
    "inspection_number": "INSP-0077925",
    "inspection_date": "1/13/2025",
    "inspection_type": "Compliance (Annual)",
    "certificate_number": "Initial Comments",
    "deficiencies": [
        {
            "rule": "B. An administrator: 3. Except as provided in subsection (A)(6), designates, in writing, an individual who is present on the behavioral health residential facility's premises and accountable for the behavioral health residential facility when the administrator is not present on the behavioral health residential facility's premises.",
            "evidence": "Based on observation, documentation review, record review, and interview, the administrator failed to designate, in writing, an individual who was present on the behavioral health residential facility's premises and accountable for the behavioral health residential facility when the administrator was not present on the behavioral health residential facility's premises. The deficient practice posed a risk as E5 was not designated to act on behalf of the governing authority when E1 was not present on the behavioral health residential facility's premises.",
            "findings": "1. The Compliance Officer observed E5 on the premises and working alone when the Compliance Officer arrived at 8:20AM. 2. The Compliance Officer observed six residents on the premises. 3. The Compliance Officer observed E1 arrive on the premises at approximately 8:45AM. 4. A review of facility documentation revealed documentation to designate an individual who was present on the behavioral health residential facility's premises and accountable for the behavioral health facility when the administrator was not present on the premises was not available for review. 5. A review of E5's (hired in 2024) personnel record revealed E5 was hired as a behavioral health technician (BHT). However, documentation designating E5 to be present on the behavioral health residential facility's premises and accountable for the behavioral health facility when E1 was not present on the premises was not available for review. 6. In an interview, E1 reported documentation to designate E5 to be present on the behavioral health residential facility's premises and accountable for the behavioral health facility when the administrator was not present was not available for review. E1 reported E1 was unaware of the requirement. 7.In an exit interview, the findings were reviewed with E1 and no additional comments or statements were provided regarding the findings. Plan of Correction Name, title and/or Position of the Person Responsible Date temporary correction was implemented Date permanent correction will be complete Temporary Solution Permanent Solution Monitoring"
        },
        {
            "rule": "F. An administrator shall ensure that a personnel member, or an employee, a volunteer, or a student who has or is expected to have more than eight hours of direct interaction per week with residents, provides",
            "evidence": "of freedom from infectious tuberculosis: 1. On or before the date the individual begins providing services at or on behalf of the behavioral health residential facility, and 2. As specified in R9-10-113. Evidence Based on record review and interview, the administrator failed to ensure a personnel member provided evidence of freedom from infectious tuberculosis (TB) on or before the date the individual began providing services at or on behalf of the behavioral health residential facility, for one of seven personnel members sampled. The deficient practice posed a potential TB exposure risk to residents.",
            "findings": "1. A review of E5's (hired in 2024) personnel record revealed E5 was hired as a behavioral health technician (BHT). E5's personnel record revealed documentation of evidence of freedom from infectious TB dated approximately 49 days after E5's starting date of employment. 2. In an exit interview, the findings were reviewed with E1 and no additional comments or statements were provided regarding the findings. Plan of Correction Name, title and/or Position of the Person Responsible Date temporary correction was implemented Date permanent correction will be complete Temporary Solution Permanent Solution Monitoring"
        },
        {
            "rule": "J. An administrator shall ensure that the following personnel members have first-aid and cardiopulmonary resuscitation training specific to the populations served by the behavioral health residential facility: 1. At least one personnel member who is present at the behavioral health residential facility during hours of operation of the behavioral health residential facility, and",
            "evidence": "Based on documentation review, record review, and interview, the administrator failed to ensure at least one personnel member was present at the behavioral health residential facility during hours of operation of the behavioral health residential facility who had cardiopulmonary resuscitation (CPR) training specific to the populations served by the behavioral health residential facility. The deficient practice posed a risk if E6 was unable to meet a resident's needs during an emergency or during an accident. Findings include: 1. A review of facility documentation revealed a policy and procedure titled \"CPR and First Aid; R9-10-703.C.1.e and R9-10- 706.1\" (dated in August 19, 2024). The policy and procedure stated \"... Behavioral Health Technicians associated to Miss A's, will have the required cardiopulmonary resuscitation, (CPR) and first aid training that includes a demonstration during employee orientation of hands on training ... Ensure class was a hands- on training ... View demonstration of the CPR will be performed ensuring knowledge and ability.\" 2. A review of facility documentation revealed a daily staffing schedule for January 11-17, 2025. The schedule revealed E6 was scheduled to work alone from 10:00PM to 6:00AM on January 12, 2025 and January 17, 2025. 3. A review of E6's (hired in 2024) personnel record revealed E6 was hired as a behavioral health technician (BHT). The personnel record revealed a document titled \"HSI CPR AED All Ages (2020) - (Blended) - DC\" (dated December 17, 2023). The document stated \"[E6] has successfully completed HSI online training ... Completion Date: 09/12/2024\" and \"Blended learning consists of computer-based, online lessons, combined with hands-on skill practice and performance evaluation. This document confirms that the above-named individual has completed the required online lessons and is now eligible for hands-on skill and practice and performance evaluation by a current and properly authorized HSI Instructor.\" However, documentation of CPR training with demonstration was not available for review. 4. In an exit interview, the findings were reviewed with E1 and no additional comments or statements were provided regarding the findings. Plan of Correction Name, title and/or Position of the Person Responsible Date temporary correction was implemented Date permanent correction will be complete Temporary Solution Permanent Solution Monitoring",
            "findings": ""
        },
        {
            "rule": "A. Except for a behavioral health outdoor program, an administrator shall ensure that the premises and equipment are sufficient to accommodate: 1. The services in the behavioral health residential facility's scope of services, and",
            "evidence": "Based on documentation review, observation, and interview, the administrator failed to ensure the premises were sufficient to accommodate the behavioral health services in the facility's scope of services. Findings include: R9-10-101.52.a.\"Common area\" means licensed space in health care institution that is not a resident ' s bedroom or a residential unit R9-10-722.B.1.a. An administrator shall ensure that: 1. A behavioral health residential facility has a room that provides privacy for a resident to receive treatment or visitors R9-10-722.B.8.a. A resident bedroom complies with the following is not used as a common area; 1. A review of Department documentation revealed BH6116 was licensed for eight residents effective March 12, 2020. 2. The Compliance Officer observed the behavioral health residential facility had room to provide privacy for a resident to receive treatment or visitors. The Compliance Officer observed the room was also used as an office. The Compliance Officer observed two chairs, a large corner desk, a table with a large printer on top, and two large cabinets. 3. A review of facility documentation revealed a scope of services (dated August 19, 2024). The scope of services stated \"The scope of services stated \" ... Counseling - Individual, Group and Family.\" 4. In an interview, E6 reported individual counseling was conducted in the residents' bedrooms and group counseling was conducted in the facility's second floor loft. 5. The Compliance Officer observed the facility's second floor loft had couches and chairs. However, the loft did not provide privacy in treatment. 6. In an interview, E1 reported individual counseling was conducted in the residents' bedrooms and group counseling was conducted in the facility's second floor loft. 7. In an exit interview, the findings were reviewed with E1 and no additional comments or statements were provided regarding the findings. Plan of Correction Name, title and/or Position of the Person Responsible Date temporary correction was implemented Date permanent correction will be complete Temporary Solution Permanent Solution Monitoring",
            "findings": ""
        }
    ]
}