{
    "legal_name": "MISS A'S LLC",
    "facility_status": "Active",
    "address": "8606 North 68th Lane, Peoria, AZ 85345",
    "license_status": "Active",
    "phone": "6236700039",
    "license_number": "BH5029",
    "max_licensed_capacity": "8",
    "license_effective_date": "12/1/2024",
    "chief_administrative_officer": "ALLISA DENEKE",
    "license_expires_date": "11/30/2025",
    "owner_licensee": "MISS A'S LLC",
    "inspection_number": "INSP-0130527",
    "inspection_date": "5/1/2025",
    "inspection_type": "Compliance (Annual)",
    "certificate_number": "BH5029",
    "deficiencies": [
        {
            "rule": "R9-10-707.A.8.a. Admission; Assessment A. An administrator shall ensure that: 8. If a behavioral health assessment is conducted by a: a. Behavioral health technician or registered nurse, within 24 hours a behavioral health professional, certified or licensed to provide the behavioral health services needed by the resident, reviews and signs the behavioral health assessment to ensure that the behavioral health assessment identifies the behavioral health services needed by the resident; or",
            "evidence": "Based on record review and interview, the administrator failed to ensure if a behavioral health assessment was conducted by a behavioral health technician (BHT) or registered nurse, within 24 hours a behavioral health professional (BHP), certified or licensed to provide the behavioral health services needed by the resident, reviewed and signed the behavioral health assessment to ensure the behavioral health assessment identified the behavioral health services needed by the resident, for one of two residents sampled. The deficient practice posed a risk as an analysis of the resident's needs for behavioral health services was not reviewed within 24 hours to ensure the behavioral health assessment identified the behavioral health services needed by the resident.",
            "findings": "1. A review of R2's (admitted in 2025) medical record revealed a behavioral health assessment (dated in 2025). The assessment was signed and dated by E8, a BHT. However, the assessment was signed and dated by E2, the BHP, approximately three days after E8 conducted the assessment. 2. In an interview, E1 reported the date E2 signed the assessment may have been a mistake. 3. In a joint exit interview, the findings were reviewed with E1, E8, and E9 and no additional comments, statements, or documentation were provided regarding the findings."
        },
        {
            "rule": "R9-10-708.A.5. Treatment Plan A. An administrator shall ensure that a treatment plan is developed and implemented for each resident that: 5. If the treatment plan was completed by a behavioral health technician, is reviewed and signed by a behavioral health professional within 24 hours after the completion of the treatment plan to ensure that the treatment plan is complete and accurate and meets the resident's treatment needs; and",
            "evidence": "Based on record review and interview, the administrator failed to ensure a treatment plan completed by a behavioral health technician (BHT), was reviewed and signed by a behavioral health professional (BHP) within 24 hours after the completion of the treatment plan, for one of two residents sampled. The deficient practice posed a risk as a description of the resident's behavioral health services to be provided was not reviewed within 24 hours to ensure the treatment plan was complete and accurate.",
            "findings": "1. A review of R2's (admitted in 2025) medical record revealed a treatment plan (dated in 2025). The treatment plan was signed and dated by E8, a BHT. However, the treatment plan was signed and dated by E2, the BHP, approximately three days after E8 completed the assessment. 2. In an interview, E1 reported the date E2 signed the treatment plan may have been a mistake. 3. In a joint exit interview, the findings were reviewed with E1, E8, and E9 and no additional comments, statements, or documentation were provided regarding the findings."
        },
        {
            "rule": "R9-10-716.A.2.b. Behavioral Health Services A. An administrator shall ensure that: 2. If a behavioral health residential facility is licensed to provide behavioral health services to",
            "evidence": "Based on documentation review, record review, and interview, the administrator failed to ensure, if a behavioral health residential facility was licensed to provide behavioral individuals whose behavioral health issue limits the individuals' ability to function independently, a resident admitted to the behavioral health residential facility with limited ability to function independently receives: b. Continuous protective oversight; health services to individuals whose behavioral health issue limits the individuals' ability to function independently, a resident admitted to the behavioral health residential facility with limited ability to function independently received continuous protective oversight. The deficient practice posed a risk as residents, under the age of 18, did not receive continuous protective oversight.",
            "findings": "1. A review of Department documentation revealed BH5029 was licensed to provide behavioral health services to individuals whose behavioral health issue limits the individuals' ability to function independently (individuals under 18 years of age). 2. A review of facility documentation revealed a document titled \"Incident Report\" (dated in 2025). The report stated \" ... At approximately 5:50pm [R2] joined [R3] and [R2] and [R3] were observed jumping over the wall of the property going AWOL. BHRF followed AWOL protocol and attempted to redirect them back to the home; however, [R2] and [R3] ran to avoid staff redirection. BHRF followed AWOL protocol and called Glendale Police to the AWOL. \u2026 An officer arrived on site to gather more information regarding the member, [R3], and their potential location. [R3\u2019s] juvenile probation officer called the BHRF to inform them that [R2] and [R3] had arrived at [R3\u2019s] [parent\u2019s] house. PD was updated on the member\u2019s location and the member was returned to the BHRF at approximately 10:00PM. 3. A review of facility documentation revealed a daily staffing schedule. The staffing schedule revealed two personnel members were scheduled to work on the date and time of R2\u2019s and R3\u2019s unauthorized absence. 4. In an interview, E1 reported personnel members did not follow R2 and R3. E1 reported R2 and R3 ran away after a personnel member attempted to redirect the residents back to the facility. E1 reported facility protocol was to make notifications, attempt to locate and redirect the resident. E1 reported personnel members do not follow residents to prevent residents from running into the street. 5. In a joint exit interview, the findings were reviewed with E1, E8, and E9 and no additional comments, statements, or documentation were provided regarding the findings."
        },
        {
            "rule": "R9-10-716.A.7.a. Behavioral Health Services A. An administrator shall ensure that: 7. A resident does not: a. Use or have access to any materials, furnishings, or equipment or participate in any activity or treatment that may present a threat to the resident's health or safety based on the resident's documented diagnosis, treatment needs, developmental levels, social skills, verbal skills, or personal history; or",
            "evidence": "Based on observation, record review, and interview, the administrator failed to ensure a resident did not have access to any furnishing that may present a threat to the resident's health or safety based on the resident's personal history. The deficient practice posed a risk to the health and safety of R2 as the bunk bed posed a ligature hazard, R2 could jump off the bed, and both situations could cause R2 to suffer physical injury.",
            "findings": "1. The Compliance Officer observed a bunk bed in R2\u2019s bedroom. The bunk bed appeared to be made of solid wood. 2. A review of R2's (admitted in 2025) medical record revealed a behavioral health assessment (dated in 2025). The assessment stated \" ... member has attempted suicide multiple times. Member reported [R2] has attempted suicide by laying down on railroad tracks to be run over by a train, tried shooting [R2] with [R2\u2019s] [parent\u2019s] fun, and has jumped off roofs. \u2026 Member has been in [hospital] for approximately 1 month for suicidal ideation and self-harming (superficial cuts to [R2\u2019s] arm).\u201d 3. In a joint exit interview, the findings were reviewed with E1, E8, and E9 and no additional comments or statements were provided regarding the findings."
        }
    ]
}