{
    "legal_name": "MOHAVE MENTAL HEALTH CLINIC, INC - DIAMOND",
    "facility_status": "Active",
    "address": "3745 North Diamond Drive, Kingman, AZ 86409",
    "license_status": "Active",
    "phone": "9286815591",
    "license_number": "BH5202",
    "max_licensed_capacity": "10",
    "license_effective_date": "6/1/2025",
    "chief_administrative_officer": "DAWN D ABBOTT",
    "license_expires_date": "5/31/2026",
    "owner_licensee": "MOHAVE MENTAL HEALTH CLINIC, INC.",
    "inspection_number": "INSP-0077680",
    "inspection_date": "10/19/2022",
    "inspection_type": "Complaint",
    "certificate_number": "Initial Comments",
    "deficiencies": "no deficiencies"
}