{
    "legal_name": "Montare Behavioral Health",
    "facility_status": "Active",
    "address": "750 East Foothills Drive, Tucson, AZ 85718",
    "license_status": "Active",
    "phone": "5612470248",
    "license_number": "IFBH11256",
    "max_licensed_capacity": "22",
    "license_effective_date": "10/1/2024",
    "chief_administrative_officer": "JODDI JACOBSON",
    "license_expires_date": "9/30/2025",
    "owner_licensee": "CANYON BEHAVIORAL HEALTH LLC",
    "inspection_number": "INSP-0035805",
    "inspection_date": "12/18/2023 - 12/19/2023",
    "inspection_type": "Compliance (Annual)",
    "certificate_number": "Initial Comments",
    "deficiencies": [
        {
            "rule": "R9-10-303. Administration A. A governing authority shall: 7. Except as provided in subsection (A)(6), notify the Department according to \u00a7 A.R.S. \u00a7 36-425(I) when there is a change in the administrator and identify the name and qualifications of the new administrator.",
            "evidence": "Based on review of the facility's policies, licensing file and interview, the Department determined that the administrator failed to ensure the Department was notified of multiple changes in the Administrator since the facility commenced operation. By not notifying the Department of the current active Administrator, the Department does not have a current representative of the facility to ensure communications are received such as fingerprint clearance denials, changes to rules and regulations, and other regulatory contacts.",
            "findings": "The Department's licensing file for the facility revealed that Employee #26 was listed as the facility administrator. Policy titled \"Qualifications and Responsibilities of the Administrator\" revealed \"...In the event of a change in the Administrator state and federal regulatory agencies will be notified per established guidelines....\" Interview with Employee #1 and Employee #2 on December 18, 2023, revealed that neither of them knew who Employee #26 was or how long ago they were employed at the facility. The facility's current Administrator was Employee #1 and confirmed in an interview on December 18, 2023, that the facility did not notify the Department of changes in Administration since the original licensure Administrator, nor was the Department provided with the name and qualifications of the current administrator. Plan of Correction Name, title and/or Position of the Person Responsible Date temporary correction was implemented Date permanent correction will be complete 2024-02-07 Temporary Solution Permanent Solution Monitoring"
        },
        {
            "rule": "R9-10-304. Quality Management An administrator shall ensure that: 3. The report required in subsection (2) and the supporting documentation for the report are maintained for at least 12 months after the date the report is submitted to the governing authority.",
            "evidence": "Based on review of facility policy and procedure, facility documents, and the lack of presentation of any additional documentation prior to the exit conference and interview, the Department determined that the agency failed to maintain evidence of a 12 month report to the governing authority related to Quality Management, which poses a potential risk to the health and safety of patients if the facility did not submit a report to governing authority evaluating their services by identifying and tracking trends affecting patient care. Findings Include: Policy titled \"Performance Improvement\" states \"...The QAPI Plan will be reviewed and revised on an annual basis and an Action Plan will be developed for areas of improvement. The management team will review the quality improvement activities conducted during the year....\" A copy of the facility Quality Management report that is provided to the governing body for the prior 12 months of their Quality Management activities was requested. No Governing Body meeting minutes or Quality Management report was provided. Employee #2 confirmed during an interview conducted on December 18, 2023, that the facility Quality Management report reviewed by the governing authority was not available to review. Plan of Correction Name, title and/or Position of the Person Responsible Date temporary correction was implemented Date permanent correction will be complete 2024-02-07 Temporary Solution Permanent Solution Monitoring",
            "findings": ""
        },
        {
            "rule": "R9-10-311. Patient Rights A. An administrator shall ensure that: 2. At the time of admission, a patient or the patient's representative receives a written copy of the requirements in subsection (B) and the patient rights in subsection (D); and",
            "evidence": "Based on review of medical records and interview, the Department determined that the Administrator failed to ensure that patient's received a written copy of the patient rights at outlined in the rules. This deficient practice results in patients not being informed of their right and could result in patient rights violations as patients are not aware of their rights.",
            "findings": "Patient #1, 2, 3, 4, 5, 6, & 7's medical record revealed a copy of a patient rights that was missing the following patient rights afforded to patients in this article: The patient's right to be free from Abuse, Neglect, Coercion, Manipulation, Sexual Abuse, Sexual Assault, and Retaliation. Evidence that the above patients were notified of these rights was requested. None was provided. Interview with Employee #2 and #5 during medical records review on December 18 and December 19, 2023, confirmed, the patient rights patients that patients are provided during the intake process does not match the rights outlined in this article. Plan of Correction Name, title and/or Position of the Person Responsible Date temporary correction was implemented Date permanent correction will be complete 2024-02-07 Temporary Solution Permanent Solution Monitoring"
        },
        {
            "rule": "R9-10-312. Medical Records A. An administrator shall ensure that: 6. A patient ' s medical record is protected from loss, damage, or unauthorized use.",
            "evidence": "Based on facility tour and interview, the Department determined that the administrator failed to ensure a patient's medical record is protected from unauthorized use. This deficient practice violates a patients right to privacy.",
            "findings": "A tour of the facility on December 18, 2023, revealed a drawer in the patient milieu room that did not have any locking mechanism. Upon opening the drawer, paperwork was revealed. The first set of paperwork appeared to be patient homework sheets with patient names, goals and accounts of their day. The second paperwork were handwritten notes, with patient names and clinical assessments of the patients such as \"less anxiety\" etc. A policy regarding medical record storage and access was requested. None was provided. Interview with Employee #2 during the tour on December 18, 2023, confirmed that the medical records found in an unsecured area in a drawer that does not lock were completed by one of the facility's therapists and patients and should be in secure medical records. Plan of Correction Name, title and/or Position of the Person Responsible Date temporary correction was implemented Date permanent correction will be complete Temporary Solution Permanent Solution Monitoring 2024-02-07"
        },
        {
            "rule": "R9-10-315. Behavioral Health Services A. An administrator shall ensure that: 3. An acuity plan is developed, documented, and implemented for each unit in the behavioral health inpatient facility that: a. Includes: ii. A policy and procedure stating the steps the behavioral health inpatient facility will take to obtain or assign the necessary personnel members to address patient acuity;",
            "evidence": "Based on review of facility policy and procedure, document review, and interview, the Department determined that the administrator failed to ensure policies and procedures were developed, documented, and implemented outlining steps the facility would take to obtain or assign necessary personnel members to address patient acuity which poses a risk to the health and safety of patients if adequate staff are not added when needed to provide patient services.",
            "findings": "Policy titled \"Program Description-Scope of Services\" was provided and states \"All units are staffed with qualified Clinical staff according to the staff-to-resident ratios established for each unit, which are 1:6 during waking hours and 1:10 during sleeping hours...Staff assigned to monitor of supervise residents will be clearly listed on the assignment sheets....\" A request for patient acuity, unit staffing and assignment was requested. A nursing schedule with 1 RN during the day and 1 RN during the night was provided. No patient acuity policy, additional staffing assignment sheets or schedules were provided. Review of medical records revealed several patients on higher levels of observation and no evidence was produced that staffing levels were increased to meet the higher acuity patients needs for higher levels of observation. Employees #2 and 5, confirmed in an interview conducted on December 19, 2023, that the facility did not have patient acuity and staffing assignment sheets to provide. Plan of Correction Name, title and/or Position of the Person Responsible Date temporary correction was implemented Date permanent correction will be complete Temporary Solution Permanent Solution Monitoring 2024-02-07"
        },
        {
            "rule": "R9-10-322. Emergency and Safety Standards B. An administrator shall ensure that: 2. The disaster plan required in subsection (B)(1) is reviewed at least once every 12 months;",
            "evidence": "Based on review of facility documents, policy, and interview, the Department determined that the administrator failed to ensure that the facility's disaster plan was reviewed once every 12 months. This deficient practice poses a patient safety risk as the plan may no longer be appropriate or effective in the event of a disaster at the facility.",
            "findings": "The facility \"Emergency Operations Plan and Response Plans\" was dated May 1, 2022. It had a signature page for approval by the \"CEO, Governing Board, CMO, Nursing, Director Clinical Services, Human Resources, and Plant Operations Safety Officer.\" The page was not signed by any of the listed members. A disaster plan dated within the last 12 months or evidence of review and revision was requested. None was provided. Employee #2 confirmed that the \"Emergency Operations Plan and Response Plans\" had not been reviewed annually. Plan of Correction Name, title and/or Position of the Person Responsible Date temporary correction was implemented Date permanent correction will be complete 2024-02-07 Temporary Solution Permanent Solution Monitoring"
        },
        {
            "rule": "R9-10-322. Emergency and Safety Standards B. An administrator shall ensure that: 4. A disaster drill for employees is conducted on each shift at least once every three months and documented;",
            "evidence": "Based on review of facility documents, and interview, the Department determined that the administrator failed to ensure a disaster drill for employees was conducted on each shift at least once every three months. This deficient practice poses a patient safety risk if staff are not trained and competent in implementing the facility's disaster plan in the event of an internal or external disaster at the facility. This is a repeat deficiency from Event #8HE711 on November 22, 2022. Findings include: A policy regarding disaster drills was requested. None was provided. A request for all drills in the past year was requested on December 18, 2023 of Employee #2, #5 and #27, and again on December 19, 2023 of Employee #1 and Employee #2. None were provided. Employee #2 confirmed on December 19, 2023, that a disaster drill for staff has not been provided. Plan of Correction Name, title and/or Position of the Person Responsible Date temporary correction was implemented Date permanent correction will be complete 2024-02-07 Temporary Solution Permanent Solution Monitoring",
            "findings": ""
        },
        {
            "rule": "R9-10-322. Emergency and Safety Standards B. An administrator shall ensure that: 5. An evacuation drill for employees and patients: a. Is conducted at least once every six months; and",
            "evidence": "Based on observation, and interview, the Department determined that the administrator failed to ensure evacuation drills were conducted at least once every six months. Failure to ensure evacuation dills are conducted at least once every six months poses a patient safety risk staff do not appropriately respond in the event of an emergency at the facility.",
            "findings": "A policy regarding evacuation drills was requested. None was provided. A request for all drill in the past year was requested on December 18, 2023 of Employee #2, #5 and #27, and again on December 19, 2023 of Employee #1 and Employee #2. None were provided. Employee #2 confirmed on December 19, 2023, that evidence of evacuation drills has not been provided. Plan of Correction Name, title and/or Position of the Person Responsible Date temporary correction was implemented Date permanent correction will be complete 2024-02-07 Temporary Solution Permanent Solution Monitoring"
        },
        {
            "rule": "R9-10-322. Emergency and Safety Standards C. An administrator shall: 1. Obtain a fire inspection conducted according to the time- frame established by the local fire department or the State Fire Marshal,",
            "evidence": "Based on a review of facility policy and interview, the Department determined that the administrator failed to ensure that a fire inspection was conducted within the last 12 months as established by their local fire department, which poses the potential risk of staff and visitor harm if a fire event should occur. This is a repeat deficiency from Event #8HE711 on November 22, 2022. Findings include: A request was made for the last fire inspection. None was provided. Employee #2 and #26 confirmed on December 18, 2023, they did not have evidence of a fire inspection to provide. Plan of Correction Name, title and/or Position of the Person Responsible Date temporary correction was implemented Date permanent correction will be complete 2024-02-07 Temporary Solution Permanent Solution Monitoring",
            "findings": ""
        },
        {
            "rule": "R9-10-323. Environmental Standards A. An administrator shall ensure that: 1. The premises and equipment are: a. Cleaned and, if applicable, disinfected according to policies and procedures designed to prevent, minimize, and control illness or infection; and",
            "evidence": "Based on facility tour observation, and employee interview the Department determined that the administrator failed to ensure that the premises and equipment is cleaned and disinfected according to policies and procedures designed to prevent, minimize, and control illness or infection. This deficient practice poses a risk to the health and safety of the patients when the facility is not cleaned and disinfected.",
            "findings": "A cleaning/disinfection policy was requested but never received. Observations on tour conducted on December 18, 2023 and again on December 19, 2023, revealed the following cleaning and disinfection issues: Patient bathroom vents were more than 75% of the ventilation holes were covered in dust and debris and could not be seen due to the buildup of debris. Employee #2, confirmed during the tour that the patient vents in patient bathrooms had pervasive debris that need to be addressed and cleaned. Plan of Correction Name, title and/or Position of the Person Responsible Date temporary correction was implemented Date permanent correction will be complete 2024-02-07 Temporary Solution Permanent Solution Monitoring"
        },
        {
            "rule": "R9-10-323. Environmental Standards A. An administrator shall ensure that: 1. The premises and equipment are: b. Free from a condition or situation that may cause a patient or other individual to suffer physical injury;",
            "evidence": "Based on facility tour observation, and employee interview the Department determined that the administrator failed to ensure toilets and cabinets were properly installed in patient bathrooms to minimize and/or eliminate ligature risks. Failure to correctly install toilets and cabinets appropriately provide opportunities for patients to utilize these as tie off points thus presenting a health and safety risk for patients including possible death.",
            "findings": "A policy regarding ligatures was requested. None was provided. Observations on tour conducted on December 18, 2023, revealed patient bathrooms with metal plates from the toilet tank cover to the wall allowing for tie off points. The cabinets under the patient sinks in bathrooms were not secured shut and allowed access to plumbing. Furthermore, several that were secured shut, did not have tamper resistant screws and screws were observed not flush, missing or significantly out of the thread about to fall out. Employee #2 confirmed in an interview on December 18, 2023, that patient bathrooms had not been maintained in a manner to decrease patient safety risk. Plan of Correction Name, title and/or Position of the Person Responsible Date temporary correction was implemented Date permanent correction will be complete Temporary Solution Permanent Solution Monitoring 2024-02-07"
        },
        {
            "rule": "R9-10-323. Environmental Standards A. An administrator shall ensure that: 2. A pest control program that complies with A.A.C. R3-8-201(C) (4)is implemented and documented;",
            "evidence": "Based on a review of facility documents and interview, the Department determined that the administrator failed to ensure a pest control program that complies with A.A.C. R3- 8-201(C)(4) is implemented and documented. This poses a risk of patients and staff being exposed to illnesses and infections caused by bacteria and diseases carried by pests. A contract, receipt or invoice for pest control services was requested. None was provided. Employee #2 confirmed in an interview on December 18, 2023, that evidence of a pest control program was not able to be provided at the time of survey. Plan of Correction Name, title and/or Position of the Person Responsible Date temporary correction was implemented Date permanent correction will be complete 2024-02-07 Temporary Solution Permanent Solution Monitoring",
            "findings": ""
        },
        {
            "rule": "R9-10-324. Physical Plant Standards B. An administrator shall ensure that: 5. A patient bathroom complies with the following: g. Does not contain a towel bar, a shower curtain rod, or a lever handle that is not a specifically designed anti-ligature lever handle;",
            "evidence": "Based on facility tour, observation, and employee interview the Department determined that the administrator failed to ensure shower curtain rods that are specifically designed anti-ligature in patient bathrooms to minimize and/or eliminate ligature risks. Failure to have anti-ligature shower curtain rods provide opportunities for patients to utilize these as tie off points thus presenting a health and safety risk for patients including possible death.",
            "findings": "A policy regarding ligatures was requested. None was provided. Observation on December 18, 2023, revealed patient bathrooms with shower curtain rods that are standard tension rods and not specifically designed as anti-ligature. Employee #2 confirmed in an interview on December 18, 2023, that patient bathrooms had shower curtain rods that are standard tension rods and not specifically designed as anti-ligature. Plan of Correction Name, title and/or Position of the Person Responsible Date temporary correction was implemented Date permanent correction will be complete 2024-02-07 Temporary Solution Permanent Solution Monitoring"
        }
    ]
}