{
    "legal_name": "Montare Behavioral Health",
    "facility_status": "Active",
    "address": "750 East Foothills Drive, Tucson, AZ 85718",
    "license_status": "Active",
    "phone": "5612470248",
    "license_number": "IFBH11256",
    "max_licensed_capacity": "22",
    "license_effective_date": "10/1/2024",
    "chief_administrative_officer": "JODDI JACOBSON",
    "license_expires_date": "9/30/2025",
    "owner_licensee": "CANYON BEHAVIORAL HEALTH LLC",
    "inspection_number": "INSP-0052767",
    "inspection_date": "2/5/2025",
    "inspection_type": "Complaint",
    "certificate_number": "Initial Comments",
    "deficiencies": "no deficiencies"
}