{
    "legal_name": "Montare Behavioral Health",
    "facility_status": "Active",
    "address": "750 East Foothills Drive, Tucson, AZ 85718",
    "license_status": "Active",
    "phone": "5612470248",
    "license_number": "IFBH11256",
    "max_licensed_capacity": "22",
    "license_effective_date": "10/1/2024",
    "chief_administrative_officer": "JODDI JACOBSON",
    "license_expires_date": "9/30/2025",
    "owner_licensee": "CANYON BEHAVIORAL HEALTH LLC",
    "inspection_number": "INSP-0046695",
    "inspection_date": "8/5/2024",
    "inspection_type": "Complaint",
    "certificate_number": "Initial Comments",
    "deficiencies": [
        {
            "rule": "R9-10-303. Administration C. An administrator shall ensure that: 1. Policies and procedures are established, documented, and implemented to protect the health and safety of a patient that: m. Cover quality management, including incident reports and supporting documentation;",
            "evidence": "Based on review of medical records, facility policies and procedures, and interview, the Department determined the administrator failed to ensure policies and procedures were implemented for incident reporting. This deficient practice poses the potential risk that investigations may not take place and not be assessed which can result in patient harm. *This is a repeat deficiency from the Complaint Survey on December 19, 2023 Findings include: Review of policy titled \"Sentinel Events and Reporting\" dated November 6, 2023, requires \"...Adverse Event is a patient safety event that results in harm to a patient...1. Any employee...who is aware of an incident that may be an Adverse Event...is responsible for contacting the primary physician and the House Supervisor and for completing an Incident Report...designee will immediately compare the events reported against the Sentinel and Never Event criteria...2. The Quality and Risk Management department will begin the investigation immediately....\" Review of policy titled \"Level of Observation\" dated January 23, 2024, revealed \"...The psychiatrist shall order observation level at time of admission and may change the level of observation if the patient's condition warrants a change...Q 5-minute observation...a. As ordered by a Psychiatrist....\" Review of policy titled \"Room Searches\" dated January 23, 2024, requires \"...When there is reasonable cause to believe a client may possess an item that is potentially hazardous and (sic) room search may be conducted...Room searches should be done for specific client rooms where there is reasonable cause to believe the client may possess an item that is potentially dangerous....\" Interview with Employee #1 and review of electronic communication on February 4, 2024, revealed notification to Medical Director and Leadership regarding incident with Patient #2. Review of Patient #2's medical record revealed document titled \"Nursing Screen & Assessment\" dated January 30, 2024, that revealed \"...Initiate Q15 precautions....\" completed by a Registered Nurse. A request was made for a Psychiatrist's order that details Patient #2's observation level at time of admission, per policies and procedures. None was provided. A request was made for a Psychiatrist's order that reviews Patient #2's observation level following the incident of Patient #2 harming themselves, per policies and procedures. None was provided. Review of Patient #2's medical record revealed document titled \"Medical Progress Note\"s dated February 3, 2024, that revealed details of the incident of Patient #2 harming themselves by kicking a bench outside and sent off site for further assessment. Review of Patient #2's medical record revealed document titled \"Unusual Incident/Injury Report\" dated February 4, 2024, that revealed various details of the incident and transportation to a hospital via EMS following an assessment by an RN. A request was made for an internal investigation conducted by facility, per policies and procedures, for the incident with Patient #2. None was provided. Interview with Employee #1 and review of electronic communication revealed notification to Medical Director and Leadership regarding incident with Patient #1 on January 11, 2024. Review of Patient #1's medical record revealed \"Physician Assistant Order\" dated, January 5, 2024, that revealed \"...All staff to monitor patient q 5 for safety....\" A request was made for an order from a Psychiatrist, per policies and procedures. None were provided. A request was made for a Psychiatrist's order that details Patient #1's observation level at time of admission, per policies and procedures. None was provided. Review of Patient #1's medical record revealed \"Medical Progress Note\"s dated January 6, 2024 - January 10, 2024, that revealed Patient #1 remained on Q5 checks until discharge date of January 11, 2024. Review of Patient #1's medical record revealed \"Unusual Incident/Injury Report\" dated January 11, 2024, that revealed various details of the incident including\"...Patient #1 reports she has been purging all medications for the past 8-10 days. Staff has been aware of this...and pt was put on 30 minute lockout post meals and pt remains on q5 observation....\" Review of Patient #1's medical record revealed \"Therapeutic Intervention Note\" dated January 11, 2024, that revealed \"...Writer assisted BHT in transporting this client to ED...due to client's self harming....\" A request was made for an internal investigation conducted by facility, per policies and procedures, for the incident with Patient #1. None was provided. Employee #1 confirmed the following in an interview conducted on August 5, 2024: No internal investigation or room search was conducted, according to policies and procedures, for Patient #1 and #2, a Psychiatrist had not ordered levels of observation at admission for Patient #1 and #2, and a Psychiatrist had not ordered/reviewed levels of observation following the incidents with Patient #1 and #2, per policies and procedures. Plan of Correction Name, title and/or Position of the Person Responsible Date temporary correction was implemented Date permanent correction will be complete 2024-09-20 Temporary Solution Permanent Solution Monitoring",
            "findings": ""
        },
        {
            "rule": "R9-10-110. Modification of a Health Care Institution_x000D_ A. A licensee shall submit a request for approval of a modification of a health care institution when planning to make:_x000D_ 1. An addition or removal of an authorized service;_x000D_ _x000D_ _x000D_",
            "evidence": "Based on a review of Arizona Revised Statutes (A.R.S.), applications of licensure, medical records, staff interview, and observation, the Department determined the administrator failed to ensure a request for approval of a modification of a healthcare institution when planning to make an addition of an authorized service was provided to the Department as required by rule. This deficient practice poses the potential risk to patient health and safety if the facility is providing care for services they have not been approved for.",
            "findings": "Review of A.R.S. revealed: \"...A licensee shall submit a request for approval of a modification of a health care institution when planning to make an addition or removal of an authorized service....\" Review of the initial compliance survey for State Licensure dated October 21, 2021 and the modification survey on December 20, 2023, revealed the facilities approved scope of services, however, the following service was not listed on either survey: Clinical Laboratory Services. Review of Patient #4's medical record on August 5, 2024, revealed Patient #4 received blood glucose monitoring via fingerstick on July 21, 2024, July 22, 2024, and July 27, 2024. Review of Patient #5's medical record on August 5, 2024, revealed Patient #5 received blood glucose monitoring via fingerstick on July 22, 2024, July 23, 2024, and July 24, 2024. Interview with Employee #1 and Employee #10 on August 5, 2024, revealed the facility has provided other Clinical Laboratory services within the last 12 months. Observation on tour on August 5, 2024, revealed a Clinical Laboratory Improvement Amendment (CLIA) certificate with an expiration date of July 29, 2023. Employee #1 and #10 confirmed in an interview on August 5, 2024, that the facility was providing Clinical Laboratory Services and that the CLIA certificate expired on July 29, 2023. Plan of Correction Name, title and/or Position of the Person Responsible Date temporary correction was implemented Date permanent correction will be complete 2024-09-20 Temporary Solution Permanent Solution Monitoring"
        },
        {
            "rule": "R9-10-311. Patient Rights D. A patient has the following rights: 3. To receive privacy in treatment and care for personal needs, including the right not to be fingerprinted, photographed, or recorded without consent, except:",
            "evidence": "Based on observation and interview, the Department determined the administrator failed to ensure patient privacy was protected while in treatment within the licensed space. This deficient practice poses the potential risk of patients being viewed in treatment areas and having their rights to privacy in treatment violated.",
            "findings": "Observation on tour on August 5, 2024, revealed multiple rooms in a portable unit on the licensed facility's property. Further review revealed a patient receiving counseling/therapy services in one of the rooms in the portable unit with no privacy screen/covering on the window. Employee #1 confirmed during an interview on August 5, 2024, that the patient was receiving counseling/therapy services during the facility tour and there was no privacy screen/window covering on the window. Plan of Correction Name, title and/or Position of the Person Responsible Date temporary correction was implemented Date permanent correction will be complete 2024-09-20 Temporary Solution Permanent Solution Monitoring"
        },
        {
            "rule": "R9-10-323. Environmental Standards A. An administrator shall ensure that: 1. The premises and equipment are: b. Free from a condition or situation that may cause a patient or other individual to suffer physical injury;",
            "evidence": "Based on review of policies and procedures, observation and interview, the department determined the administrator failed to ensure the premises were free from a condition that could cause a patient to suffer physical injury. This deficient practices poses the potential risk of patient harm when patients are exposed to ligature risks and other items that could cause injury.",
            "findings": "Review of policy titled \"Client Belongings and Valuables\", dated January 23, 2024, revealed \"...The following items shall NOT be permitted on the unit...d. Cell phones...f. Electronic equipment....ii. Admission staff will ask the client to EMPTY their pockets. Do a check of ALL personal belongings for medications, valuables, and contraband. iii. Remove any...contraband and catalogue clearly in front of the client and secure in designated container(s)....\" Observation during facility tour on August 5, 2024, revealed various items in patient bedrooms that includes, but is not limited to: Multiple and/or All Rooms: Phone/Electronic chargers and a keyboard plugged in. Room 2: Exposed screws on the wall. Room 4: Electrical outlet cover that was chipped and loose. Room 7: A hole in the bathroom wall that contained broken tile with sharp edges, command hooks on the wall, multiple lighters on the dresser, and various rolled smoking products on the dresser. Room 8: Screw missing in the electrical outlet. Room 9: A vaping device on the nightstand. Multiple and/or All Patient Bathrooms: Toilet plumbing exposed and not contained in a tamper resistant enclosure. Further observation on tour revealed a patient talking on his cell phone. A request was made for a full list of contraband. None was provided. A request was made for evidence of room searches. None was provided. Employee #1 confirmed in an interview conducted on August 5, 2024, that the above items/actions were observed during the facility tour and that room searches are only conducted when there is reason a reasonable cause to believe a patient possess a potentially hazardous item. Employee #1 also confirmed that the findings above may not be all inclusive, as some patient bedrooms/bathrooms were occupied during survey. Plan of Correction Name, title and/or Position of the Person Responsible Date temporary correction was implemented Date permanent correction will be complete 2024-09-20 Temporary Solution Permanent Solution Monitoring"
        },
        {
            "rule": "R9-10-323. Environmental Standards B. An administrator shall ensure that: 1. Smoking tobacco products is not permitted within a behavioral health inpatient facility; and",
            "evidence": "Based on review of policies and procedures, observation, and interview, the Department determined that the administrator failed to ensure smoking products is prohibited and not accessible within the facility. This deficient practice poses the potential risk of physical harm to patients due to exposure to disease causing toxins and ignition sources near combustible chemicals.",
            "findings": "Review of policy titled \"Smoking Policy\", dated January 23, 2024, revealed \"...It is the policy of...to not allow smoking of any kind or tobacco use inside the facility, including vapes and e- cigarettes. Designated smoking areas are outside and acceptable only during break and meal periods...Smoking (including e-cigarettes, vape, tobacco, or others) is not allowed inside of the facility...No open flames are allowed....\" Observation on tour on August 5, 2024, revealed multiple lighters and various rolled smoking products on the dresser in Room 7. Further observation revealed a vaping device on the nightstand in Room 9. Employee #1 confirmed in an interview on August 5, 2024, that patients are allowed to hold smoking products and lighters in their rooms. Plan of Correction Name, title and/or Position of the Person Responsible Date temporary correction was implemented Temporary Solution Permanent Solution Monitoring Date permanent correction will be complete 2024-09-20"
        },
        {
            "rule": "R9-10-324. Physical Plant Standards B. An administrator shall ensure that: 5. A patient bathroom complies with the following: b. Contains: iii. Nonporous surfaces for shower enclosures and slip-resistant surfaces in tubs and showers;",
            "evidence": "Based on observation and interview, the Department determined that the administrator failed to ensure patient bathrooms contained slip-resistant surfaces in showers. This deficient practice poses the potential risk of patients slipping in the shower and causing physical injury.",
            "findings": "Observation on August 5, 2024, revealed multiple patient bathrooms that did not contain slip resistant surfaces in the shower. Employee #1 confirmed in an interview on August 5, 2024, that the observed shower surfaces, and others, were not slip-resistant. Plan of Correction Name, title and/or Position of the Person Responsible Date temporary correction was implemented Date permanent correction will be complete 2024-09-20 Temporary Solution Permanent Solution Monitoring"
        },
        {
            "rule": "R9-10-324. Physical Plant Standards B. An administrator shall ensure that: 5. A patient bathroom complies with the following: f. If a grab bar is provided, has the space between the grab bar and the wall filled to prevent a cord being tied around the grab bar;",
            "evidence": "Based on observation and interview, the Department determined that the administrator failed to ensure the grab bars in the patient bathroom were filled to prevent a cord being tied around the grab bar. This deficient practice poses the potential health and safety risk for patients including possible death.",
            "findings": "Observation on tour on August 5, 2024, revealed multiple grab bars in Room 2 that did not have the space between the grab bar and the wall filled. Employee #1 confirmed in an interview on August 5, 2024, that the grab bars in Room 2 were not filled. Plan of Correction Name, title and/or Position of the Person Responsible Date temporary correction was implemented Date permanent correction will be complete 2024-09-20 Temporary Solution Permanent Solution Monitoring"
        }
    ]
}