{
    "legal_name": "MONTE NIDO ROSEWOOD SCOTTSDALE",
    "facility_status": "Active",
    "address": "14138 East Peak View Road, Scottsdale, AZ 85262",
    "license_status": "Active",
    "phone": "4805206848",
    "license_number": "BH9530",
    "max_licensed_capacity": "10",
    "license_effective_date": "9/14/2024",
    "chief_administrative_officer": "RACHEL HOFFMAN",
    "license_expires_date": "9/14/2025",
    "owner_licensee": "ROSEWOOD RANCH, LP",
    "inspection_number": "INSP-0077945",
    "inspection_date": "9/13/2023 - 9/14/2023",
    "inspection_type": "Compliance (Initial)",
    "certificate_number": "Initial Comments",
    "deficiencies": "no deficiencies"
}