{
    "legal_name": "Montare Behavioral Health",
    "facility_status": "Active",
    "address": "750 East Foothills Drive, Tucson, AZ 85718",
    "license_status": "Active",
    "phone": "5612470248",
    "license_number": "IFBH11256",
    "max_licensed_capacity": "22",
    "license_effective_date": "10/1/2024",
    "chief_administrative_officer": "JODDI JACOBSON",
    "license_expires_date": "9/30/2025",
    "owner_licensee": "CANYON BEHAVIORAL HEALTH LLC",
    "inspection_number": "INSP-0035806",
    "inspection_date": "12/18/2023 - 12/19/2023",
    "inspection_type": "Complaint",
    "certificate_number": "Initial Comments",
    "deficiencies": [
        {
            "rule": "R9-10-303. Administration C. An administrator shall ensure that: 1. Policies and procedures are established, documented, and implemented to protect the health and safety of a patient that: h. Include a method to identify a patient to ensure the patient receives physical health and behavioral health services as ordered;",
            "evidence": "Based on review of policy and procedure, facility documents, medical records, and interview, the Department that the facility failed to ensure that (3) of (3) patients (Patients #6, #7 and #8) were under close observation as ordered. Failure to the follow the provider's order for close observation poses a potential risk to the health and safety of the patient including a patient engaging in self harm.",
            "findings": "The facility policy titled \"Level of Observation\" requires: \"...The monitoring protocol can be increased as needed during the course of treatment if it is determined through clinical screening and assessment that the client requires increased monitoring to maintain the client's safety. Increased observation shall be ordered by the doctor. Observations can be increased to every fifteen minutes (Q15), every ten minutes (Q10), every five minutes (Q5), continuous line of sight, or one on one (1:1) monitoring based on the assessment of risk. ....\" Patient #6 was ordered to be placed on \"Q5\" on February 24, 2023, at 10:15 p.m. due to self-injurious behavior. However, the first documented \"Q5\" rounds began February 25, 2023 at 11:55 a.m. Medical record documentation confirmed that patient was onsite and attending groups on the dates that no rounds were documented. Patient #7 was ordered to be placed on \"Line of Sight\" on December 13, 2023 due to suicidal ideation. Q5 checks were documented until December 18, 2023 at 10 a.m at which time Q15 checks began being documented. A request was made for a provider order discontinuing the checks. None were provided. The most recent provider order on December 15, 2023, stated \"...Remain on line of sight precautions....\" Medical record documentation confirmed that patient was onsite and attending groups on the dates that no rounds were documented. Patient #8 was ordered to be placed on \"Q5\" on October 29, 2023, due to suicidal ideation. Q5 checks were documented on October 29, 2023, but not on October 30 & 31, 2023 and not on November 1, 2023, and resumed being documented on November 2, 2023. Medical record documentation confirmed that patient was onsite and attending groups on the dates that no rounds were documented. Employee #5 confirmed during interviews conducted on December 18, & 19, 2023, that close observation forms were not available for the above dates. Plan of Correction Name, title and/or Position of the Person Responsible Date temporary correction was implemented Date permanent correction will be complete 2024-02-07 Temporary Solution Permanent Solution Monitoring"
        },
        {
            "rule": "R9-10-303. Administration C. An administrator shall ensure that: 1. Policies and procedures are established, documented, and implemented to protect the health and safety of a patient that: m. Cover quality management, including incident reports and supporting documentation;",
            "evidence": "Based on review of facility policy and procedure, incident reports, and employee interview the Department determined the Administrator failed to ensure policy and procedure was followed for completing incident reports. This deficient practice poses the potential risk to patient health and safety when incident reports are not reviewed timely for possible direct service and/or physical plant safety improvements.",
            "findings": "A policy regarding incident reporting was requested. None was provided. Review of patient medical records revealed Patient #6 and Patient #7 engaged in self harm incidents resulting in a hospital visit. Interview with Employee #5 on December 18, 2023, confirmed that both incidents should have resulted in an incident report being completed. Incident reports for Patient #6 & #7 were requested. None were provided. Employee #5 confirmed during an interview conducted on December 18, 2023, that the policy and procedure for completing incident reports was not followed for these two patients. Plan of Correction Name, title and/or Position of the Person Responsible Date temporary correction was implemented Date permanent correction will be complete 2024-02-07 Temporary Solution Permanent Solution Monitoring"
        },
        {
            "rule": "R9-10-303. Administration C. An administrator shall ensure that: 4. Policies and procedures are available to personnel members, employees, volunteers and students; and",
            "evidence": "Based on observation and interview, the Department determined that the administrator failed to ensure policies and procedures are available to personnel members, employees, volunteers, and students. This deficient practice can result in patient harm if employees do not know how to handle certain situations or how to get information to handle incidents. Findings include: Multiple requests for polices and procedures were made on December 18, 2023 and December 19, 2023. Employee #2 did not have access to medication policies. Employee #5 had to provide medication policies. Employee #5 did not have access to facility policies. No Employee provided facility policies during the course of the survey. Employee #2 and Employee #5 confirmed during an interview on December 18, 2023, that policies and procedures are not readily available to all personnel. Plan of Correction Name, title and/or Position of the Person Responsible Date temporary correction was implemented Date permanent correction will be complete 2024-02-07 Temporary Solution Permanent Solution Monitoring",
            "findings": ""
        },
        {
            "rule": "R9-10-303. Administration E. An administrator shall provide written notification to the Department of a patient ' s: 2. Self-injury, within two working days after the patient inflicts a self- injury that requires immediate intervention by an emergency medical services provider.",
            "evidence": "Based on medical record review and interview, the Department determined that the administrator failed to notify the Department of Patient #6 & 7's self harm attempts that resulted in EMS (emergency medical services) being called to provide intervention and transportation to the local Emergency Department (ED).",
            "findings": "Patient #6 & #7's medical record indicated that the patient engaged in self harm resulting in EMS service being called and the patient being transported to the ED. A request for documented evidence that the Department had been notified of the incident was requested. None was provided. Employee #2 confirmed that the Department was not notified of the two patient's self harm requiring emergency medical services as required in the rules for Inpatient Behavioral Health Facilities for which the facility is licensed. Plan of Correction Name, title and/or Position of the Person Responsible Date temporary correction was implemented Date permanent correction will be complete 2024-02-07 Temporary Solution Permanent Solution Monitoring"
        },
        {
            "rule": "R9-10-306. Personnel F. An administrator shall ensure that a personnel record is maintained for each personnel member, employee, volunteer, or student that includes: 3. Documentation of: c. The individual ' s completed orientation and in- service education as required by policies and procedures;",
            "evidence": "Based on review of facility policy and procedure, personnel records and interview, the Department determined the administrator failed to ensure that that require documentation of an individual's in-service education which poses the potential risk that employees are not completing appropriate annual training while providing medical services, nursing services, or health-related services to a patient. This deficient practice may result in a patient being subjected to abuse, neglect or harm.",
            "findings": "The facility policy titled \"Orientation and Training \" requires \" ...Clinical/Nursing Staff will receive additional training...in at least the following areas...Suicide risk assessment...CPR...Documentation requirements .... \" Documentation of training for Suicide Risk Assessment for Employees #21, 23, 24, and 25, was requested. None was provided. Documentation of Documentation Requirements training was requested for Employees #3, 5, 19, 20, 21, 22, 23, 24, and 25. None was provided. Interview with Employee #7 on December 19, 2023, confirmed that training's for Documentation and Suicide Risk Assessment had not been completed for the above employee's. Plan of Correction Name, title and/or Position of the Person Responsible Date temporary correction was implemented Date permanent correction will be complete 2024-02-07 Temporary Solution Permanent Solution Monitoring"
        },
        {
            "rule": "R9-10-306. Personnel F. An administrator shall ensure that a personnel record is maintained for each personnel member, employee, volunteer, or student that includes: 3. Documentation of: g. Cardiopulmonary resuscitation training, if required for the individual according to R9-10- 303(C)(1)(e);",
            "evidence": "Based on review of facility policy and procedure, personnel records reviewed, and staff interview, the Department determined that the administrator failed to ensure that personnel records contained documentation of current cardiopulmonary resuscitation (CPR). This deficient practice poses a risk to patient's health and safety if the facility cannot verify that personnel members are trained to current CPR standards.",
            "findings": "The facility policy titled \"Orientation and Training \" requires \" ...Clinical/Nursing Staff will receive additional training...in at least the following areas...Suicide risk assessment...CPR...Documentation requirements .... \" Documentation of CPR training was requested for Employee #11, 12, 13, 14, 15, 16, 20, 23 & 25. None was provided. Interview with Employee #7 on December 19, 2023, confirmed that CPR training for the above individuals had not been completed. Plan of Correction Name, title and/or Position of the Person Responsible Date temporary correction was implemented Date permanent correction will be complete 2024-02-07 Temporary Solution Permanent Solution Monitoring"
        },
        {
            "rule": "R9-10-306. Personnel H. An administrator shall ensure that: 1. A plan to provide orientation specific to the duties of a personnel member, an employee, a volunteer, and a student is developed, documented, and implemented;",
            "evidence": "Based on review of facility policy and procedures, personnel file review and interview, the Department determined the Administrator failed to ensure orientation specific to the duties of a personnel member, an employee, a volunteer, and a student is developed, documented, and implemented and that employees received orientation prior to providing patient care. This deficient practices poses the potential risk that staff would not be aware of the facility policies and procedures and be in compliance with their job descriptions. This deficient practice has the potential to cause patient harm if staff are not properly trained.",
            "findings": "Facility document titled \"Orientation and Training\" revealed: \"...Montare Behavioral Health provides comprehensive orientation and training to meet all applicable accreditation, federal and state regulations.......\" Orientation documentation was requested for Employee #8, 11, 12, 13, 14, 15, and 16. None was provided. Employee #7, in an interview conducted on December 19, 2023, confirmed that personnel records for employees #8, 11, 12, 13, 14, 15, and 16, did not contain documentation of an orientation. Plan of Correction Name, title and/or Position of the Person Responsible Date temporary correction was implemented Date permanent correction will be complete 2024-02-07 Temporary Solution Permanent Solution Monitoring"
        },
        {
            "rule": "R9-10-314. Physical Health Services A. An administrator shall ensure that: 2. Nursing services are provided c. To meet the needs of a patient based on the patient's acuity; and",
            "evidence": "Based on a review of medical records, observation and staff interview, it was determined the facility failed to document care provided to a patient who reported symptoms of chest pain. This deficient practice poses the potential risk of patient harm or death if a patient reports life threatening symptoms and no care is provided. .",
            "findings": "A review of the medical record of Patient #6 revealed \"...Patient reports chest pain radiating down left arm. Reported to nursing...\" documented by a Behavioral Health Technician on February 16, 2023. Documentation that the patient was seen by nursing for these symptoms was requested. None was provided. Medical record for Patient #6 revealed the patient was next seen on February 27, 2023. Employee #5 confirmed in an interview on December 19, 2023, that no documentation that an appropriate medical professional evaluated the patient's symptoms could be provided. Plan of Correction Name, title and/or Position of the Person Responsible Date temporary correction was implemented Date permanent correction will be complete 2024-02-07 Temporary Solution Permanent Solution Monitoring"
        },
        {
            "rule": "R9-10-115. Behavioral Health Paraprofessionals; Behavioral Health Technicians_x000D_ 4. A behavioral health technician receives clinical oversight at least once during each two week period, if the behavioral health technician provides services related to patient care at the health care institution during the two week period;_x000D_ _x000D_ _x000D_ _x000D_ _x000D_",
            "evidence": "Based on review of policy and procedure, facility documents, and interview, the Department determined the administrator failed to document that clinical oversight was provided to (5) of (5) behavioral health technicians (BHT) reviewed at least once each two-week period if the BHT provides services related to patient care at the health care institution during the two-week period. This deficient practice poses a potential risk that staff are not adequately supervised by behavioral health professionals (BHP) to provide services to patients.",
            "findings": "Documentation for clinical oversight for September, October and November 2023, was requested for Employees #21, 22, 23, 24, & 25. The following documentation was missing: Employee #21: No documentation was provided for clinical oversight for one of three sessions in October and one of two sessions in November. Employee #22: No documentation was provided for clinical oversight for one of three sessions in October and one of two sessions in November. Employee #23 No documentation was provided for clinical oversight for one of two sessions in November. Employee #24 No documentation was provided for clinical oversight for one of two sessions in September. Employee #25 No documentation was provided for clinical oversight for one of two sessions in September. Employee #2 confirmed in an interview on December 19, 2023, that the above missing clincial oversight documentation was not available to review. Plan of Correction Name, title and/or Position of the Person Responsible Date temporary correction was implemented Date permanent correction will be complete 2024-02-07 Temporary Solution Permanent Solution Monitoring"
        }
    ]
}