{
    "legal_name": "MS MIMI CARING HEART LLC",
    "facility_status": "Active",
    "address": "3466 West Sunshine Butte Drive, Queen Creek, AZ 85142",
    "license_status": "Active",
    "phone": "6026160039",
    "license_number": "BH10227",
    "max_licensed_capacity": "5",
    "license_effective_date": "11/20/2024",
    "chief_administrative_officer": "MIRLANDE BONNE-ANNE",
    "license_expires_date": "11/19/2025",
    "owner_licensee": "MS. MINI CARING HEART LLC",
    "inspection_number": "INSP-0078184",
    "inspection_date": "9/18/2024 - 11/19/2024",
    "inspection_type": "Compliance (Initial)",
    "certificate_number": "Initial Comments",
    "deficiencies": "no deficiencies"
}