{
    "legal_name": "NEW HOPE OF ARIZONA, INCORPORATED",
    "facility_status": "Active",
    "address": "10766 West Cambridge Avenue, Avondale, AZ 85392",
    "license_status": "Active",
    "phone": "6025355686",
    "license_number": "BH4385",
    "max_licensed_capacity": "3",
    "license_effective_date": "9/1/2025",
    "chief_administrative_officer": "MATTHEW J BEATY",
    "license_expires_date": "8/31/2026",
    "owner_licensee": "NEW HOPE OF ARIZONA, INCORPORATED",
    "inspection_number": "INSP-0078790",
    "inspection_date": "9/19/2024",
    "inspection_type": "Compliance (Annual)",
    "certificate_number": "Initial Comments",
    "deficiencies": "no deficiencies"
}