{
    "legal_name": "NEW HOPE OF ARIZONA, INC",
    "facility_status": "Active",
    "address": "3120 West Pollack Street, Phoenix, AZ 85041",
    "license_status": "Active",
    "phone": "6025355686",
    "license_number": "BH4921",
    "max_licensed_capacity": "4",
    "license_effective_date": "8/1/2025",
    "chief_administrative_officer": "MATTHEW J BEATY",
    "license_expires_date": "7/31/2026",
    "owner_licensee": "NEW HOPE OF ARIZONA, INCORPORATED",
    "inspection_number": "INSP-0135791",
    "inspection_date": "8/8/2025",
    "inspection_type": "Compliance (Annual)",
    "certificate_number": "BH4921",
    "deficiencies": "no deficiencies"
}