{
    "legal_name": "NEW HOPE OF ARIZONA, INC",
    "facility_status": "Active",
    "address": "8621 West Sonora Street, Tolleson, AZ 85353",
    "license_status": "Active",
    "phone": "6025355686",
    "license_number": "BH9223",
    "max_licensed_capacity": "4",
    "license_effective_date": "1/24/2025",
    "chief_administrative_officer": "MATTHEW BEATY",
    "license_expires_date": "1/23/2026",
    "owner_licensee": "NEW HOPE OF ARIZONA, INCORPORATED",
    "inspection_number": "INSP-0078782",
    "inspection_date": "12/30/2024",
    "inspection_type": "Compliance (Annual)",
    "certificate_number": "Initial Comments",
    "deficiencies": [
        {
            "rule": "A. An administrator shall ensure that: 7. A resident does not: a. Use or have access to any materials, furnishings, or equipment or participate in any activity or treatment that may present a threat to the resident's health or safety based on the resident's documented diagnosis, treatment needs, developmental levels, social skills, verbal skills, or personal history; or",
            "evidence": "Based on documentation review, record review, and interview, the administrator failed to ensure a resident did not have access to any materials, furnishings, or equipment or participate in any activity to present a threat to the resident's health or safety based on the resident's documented diagnosis, treatment needs, or personal history. The deficient practice posed a risk as residents had access to materials while admitted into a behavioral health residential facility.",
            "findings": "1. A review of the facilities policies and procedures revealed a policy titled \"Contraband Search.\" The policy stated \"...To ensure the safety of the clients/consumers, visitors and staff members: Upon entering the facility each client/ consumer shall be checked: 1. Pockets turned inside out, pant cuffs are turned up....\" 2. A review of R2's medical record revealed a document titled \"Incident Report\" dated September 22, 2024. The report stated \"Another member at respite informed DPS that [R2] had a vape pen in [R2] pocket. DPS confiscated Vape from [R2].\" 3. In phone interview, E6 reported E6 was notified by another resident R2 had a vape pen at the residential facility. E6 reported E6 did a search of R2's personal bag at arrival. However, E6 reported no additional searches were conducted to include pockets turned inside out. E6 acknowledged R2 had access to a vape pen at the behavioral health residential facility. Plan of Correction Name, title and/or Position of the Person Responsible Temporary Solution Permanent Solution Date temporary correction was implemented Date permanent correction will be complete 2025-01-14 Monitoring"
        }
    ]
}