{
    "legal_name": "NEW HOPE OF ARIZONA, INC",
    "facility_status": "Active",
    "address": "12545 West Woodland Avenue, Avondale, AZ 85323",
    "license_status": "Active",
    "phone": "6025355686",
    "license_number": "BH6883",
    "max_licensed_capacity": "4",
    "license_effective_date": "5/24/2025",
    "chief_administrative_officer": "MATTHEW J BEATY",
    "license_expires_date": "5/23/2026",
    "owner_licensee": "NEW HOPE OF ARIZONA, INCORPORATED",
    "inspection_number": "INSP-0078778",
    "inspection_date": "7/15/2024",
    "inspection_type": "Compliance (Annual)",
    "certificate_number": "Initial Comments",
    "deficiencies": [
        {
            "rule": "A. An administrator shall ensure that: 1. A resident is admitted based upon: a. The resident's primary condition for which the resident is admitted to the behavioral health residential facility being a behavioral health issue, and",
            "evidence": "Based on record review and interview, the administrator failed to ensure a resident was admitted based upon the resident's primary condition being a behavioral health issue, for two of three residents sampled who's primary condition was not a behavioral health issue. The deficient practice posed a risk if R1's primary condition was a physical health issue.",
            "findings": "R9-10-101.32. \"Behavioral health issue\" means an individual's condition related to a mental disorder, a personality disorder, substance abuse, or a significant psychological or behavioral response to an identifiable stressor or stressors. 1. A review of Department documentation revealed BH6883 was licensed as a Behavioral Health Residential Facility authorized to provide respite services. 2. A review of facility documentation revealed a policy and procedure titled \"Scope of Service.\" The policy and procedure stated, \"Behavioral Health Residential Services provides a structured treatment setting with 24 hour supervision and counseling or other therapeutic activities for members who do not require on site medical services, under the supervision of an on call behavioral health professional....\" 3. A review of R1's medical record revealed an Integrated Service Plan dated August 15, 2023. The Service Plan stated \"R1 will have a DSP referral sent in to request high needs case management services. R1 will have a DSP referral sent in to request DDD services... The Clinician recommends case management, CFT's, PCP and dental services yearly. Individual counseling and natural support from family. As well as psych evaluation, nursing assessment and medication management. The Clinician will also recommend a DSP referral for high needs case management, community resources for DDD services, and behavioral coaching in the community.\" 4. A review of R1's medical record revealed a Southwest Behavioral Health Services Assessment reflecting the following diagnoses; Attention-deficit hyperactivity disorder and Autistic Disorder dated 2023. 5. A review of R1's medical record revealed a behavioral health assessment (dated February 8, 2023). The assessment was conducted within twelve months of R1's admission and reviewed by the facility on January 26, 2024. A summary note of R1's behavioral health assessment completed by the facilities BHP reflected the following information; \"Member does not like taking morning medications and needs visual confirmation [R1] swallowed meds. Member does not like to be touched by others. Member does not like to eat, only eats what [R1] likes snacks. Member has ran out of the home when upset in the past. Member struggles manipulating others and lying to get way. Member will steal, barter and trade.\" 6. A review of R1's medical record revealed a document titled \"Case Management Progress Note.\" conducted by the residential facility. The note reflected \"Diagnoses Codes Autistic Disorder\" dated February 15, 2024. The note reflected no additional codes. 7. A review of R1's medical record revealed a Southwest Behavioral Health Services note dated March 20, 2024. The note reflected \"Presenting Concerns: The concerns for [R1] are intense, compulsive behaviors that affect [R1's] current and possible future self.. .Concerned that [R1] does things that are harmful to others (lying, stealing, being aggressive verbally and physically). Also, for medication management services to continue....Risk Assessment The last time [R1] harmed/injured someone intentionally was two weeks ago. [R1] will try to punch, hurt [R1's] [sibling]; recently threw a rock at [sibling] while upset. [R1] kicked [Grandparent] in the eye recently....[R1] is referred by DCS to continue services. [R1] has received individual animal assisted therapy, medication management, behavior coaching intake, high needs care coordination, a psychological evaluation. [R1] experiences mood dis-regulation, anger towards others and physical aggression towards others. [R1] is diagnosed with Attention-deficit hyperactivity disorder,combined type - F90.2 and Autistic disorder - F84.0 (SACE evaluation 11/18/22 completed by... : \"Due to deficits in verbal and nonverbal social communication, social- emotional reciprocity, and in developing, maintaining and understanding relationships causing impairments in functioning, meets criteria for level 1, in the social communication and social interaction domain. Due to insistence on sameness, difficultly with transitions, inflexible thinking, highly restricted and fixated, nonsocial interests that are abnormal, and hypersensitivity to sensory input causing impairment in functioning\") It is recommended that [R1] receive medication management, psychiatric evaluations yearly, RN assessments as needed, high needs care coordination, respite and MMWIA behavior coaching services.\" 8. In an interview, E1 reported E1 believed R1's diagnosis was a behavioral health diagnosis. E1 acknowledged R1's medical record reflected the identified diagnoses and concerns. E1 reported E1 believed R1 was appropriate for respite services offered with no behavioral issues during respite services. E1 acknowleged R1's medical record reflected a resident was not admitted based on the resident's primary condition for which the resident was admitted was a behavioral health issue. Plan of Correction Name, title and/or Position of the Person Responsible Date temporary correction was implemented Date permanent correction will be complete 2024-08-09 Temporary Solution Permanent Solution Monitoring"
        }
    ]
}