{
    "legal_name": "NEW HOPE OF ARIZONA INC",
    "facility_status": "Active",
    "address": "21615 West Watkins Street, Buckeye, AZ 85326",
    "license_status": "Active",
    "phone": "6025355686",
    "license_number": "BH4629",
    "max_licensed_capacity": "4",
    "license_effective_date": "5/1/2025",
    "chief_administrative_officer": "MATTHEW J BEATY",
    "license_expires_date": "4/30/2026",
    "owner_licensee": "NEW HOPE OF ARIZONA, INCORPORATED",
    "inspection_number": "INSP-0078723",
    "inspection_date": "2/23/2024",
    "inspection_type": "Complaint;Compliance (Annual)",
    "certificate_number": "Initial Comments",
    "deficiencies": [
        {
            "rule": "C. An administrator shall ensure that: 1. Policies and procedures are established, documented, and implemented to protect the health and safety of a resident that: m. Cover medical records, including electronic medical records;",
            "evidence": "Based on documentation review and interview, the administrator failed to establish and document policies and procedures to protect the health and safety of a resident to cover electronic medical records. The deficient practice posed a risk as policies and procedure reinforces and clarifies standards expected of employees.",
            "findings": "1. A review of facilities policies and procedures revealed no policies and procedures to cover electronic medical records were available for review. 2. In an interview, E1 acknowledged the facility maintained electronic personnel and resident records. E1 acknowledged the administrator failed to establish and document policies and procedures to protect the health and safety of a resident to cover electronic medical records. Plan of Correction Name, title and/or Position of the Person Responsible Date temporary correction was implemented Date permanent correction will be complete 2024-05-06 Temporary Solution Permanent Solution Monitoring"
        },
        {
            "rule": "G. An administrator shall provide written notification to the Department of a resident's: 2. Self-injury, within two working days after the resident inflicts a self-injury or has an accident that requires immediate intervention by an emergency medical services provider.",
            "evidence": "Based on record review, documentation review, and interview, the administrator failed to provide written notification to the Department of a resident's self-injury, within two working days after the resident inflicted a self-injury or had an accident requiring immediate intervention by an emergency medical services provider. The deficient practice posed a risk as the Department was unable to determine if there was an immediate health and safety risk to other residents of the facility.",
            "findings": "1. A review of R2's medical record revealed a document titled \"Youth Incident Report\" dated January 31, 2024. The report stated, \"...The member was screaming and yelling no one cared and to stay away. Member then started scratching horizontally with a piece of glass on their forearm... Member was taken to Mind 24/7 via EMT...\" On February 1, 2024, an incident report stated, \"... Member exhibited and indicated suicidal ideation behaviors ... member began scratching at their scars from previous incident... Member was evaluated at [hospital] for psychiatric inpatient. It was determined the member met criteria and was admitted due to DTS/DTO Behaviors.\" 2. A review of R4's medical record revealed a document titled \"Youth Incident Report.\" The report stated, \"... Writer found fresh blood on a tissue on the master bathroom floor... Writer conducted a contraband search in the master bedroom. Writer found a spiral notebook behind [R4] bed with wire sticking out. [R4] was crying and admitted to self harming with the metal object because [R4] didn't want to be there.\" 3. A review of facility documentation revealed no written notification to the Department of R2's or R4's self-injuries, within two working days after inflicting a self-injury or had an accident requiring immediate intervention by an emergency medical services provider. 4. In an interview, E1 acknowledged R2's and R4's medial records revealed incidents of self harm. E1 acknowledged the Department was not provided written notification of R2's or R4's self-injury, within two working days after R2 and R4 inflicted a self-injury or had an accident requiring immediate intervention by an emergency medical services provider. Plan of Correction Name, title and/or Position of the Person Responsible Date temporary correction was implemented Date permanent correction will be complete 2024-05-06 Temporary Solution Permanent Solution Monitoring"
        },
        {
            "rule": "I. If an administrator has a reasonable basis, according to A.R.S. \u00a7 13-3620 or 46-454, to believe abuse, neglect, or exploitation has occurred on the premises or while a resident is receiving services from a behavioral health residential facility's employee or personnel member, the administrator shall: 2. Report the suspected abuse, neglect, or exploitation of the resident: b. For a resident under 18 years of age, according to A.R.S. \u00a7 13-3620;",
            "evidence": "Based on documentation review and interview, the administrator failed to report suspected abuse, neglect, or exploitation of a resident under 18 years of age according to A.R.S. \\'a7 13-3620. The deficient practice posed a health and safety to residents as the facility had a reasonable basis to believe abuse had occurred on the premises, and it was not reported per A.R.S. \\'a7 13-3620.",
            "findings": "1. A.R.S. \\'a7 13-3620.A states \"A. Any person who reasonably believes that a minor is or has been the victim of physical injury, abuse, child abuse, a reportable offense or neglect that appears to have been inflicted on the minor by other than accidental means or that is not explained by the available medical history as being accidental in nature or who reasonably believes there has been a denial or deprivation of necessary medical treatment or surgical care or nourishment with the intent to cause or allow the death of an infant who is protected under section 36-2281 shall immediately report or cause reports to be made of this information to a peace officer, to the department of child safety or to a tribal law enforcement or social services agency for any Indian minor who resides on an Indian reservation, except if the report concerns a person who does not have care, custody or control of the minor, the report shall be made to a peace officer only...\" 2. Arizona Administrative Code (A.A.C.) R9-10-101(110) states \"Immediate\" means \"without delay.\" 3. A review of the facility's documentation revealed an incident report dated January 30, 2024. The incident report stated \" I [E2] arrived at Watkins at 10:00 pm. When conducting a room check, I found [R1] sitting on bed crying... [R1] said, at around 6:00 pm on 01/30/2024 [R1's] peer inappropriately touched [R1's] butt, as [R1] was walking down the hallway at the Watkins home. Youth said, [R1] moved and [R2] touched [R1's] butt a second time. The morning of 01/31/24, at 7:40 am, [R2] admitted to [E2] that [R2] touched [R1] on the butt. Persons Notified [E3] 1/30/24, at 11:00 pm, Guardian 1/30/24 at 10:55 pm, Referring Agency Case Manager 1/31/24, at 9:30 am, Police January 31, 2024, at 11:40 am, DCS 1/30/2024, at 9:30 am.\" 4. In an interview, E2 reported E2 called the house manager E3 and reported the allegations immediately on January 30, 2024. E2 reported that E2 did not believe any additional providers were contacted until the following day January 31, 2024. E2 reported E2 had no knowledge of the reporting requirements according to A.R.S. \\'a7 13-3620. 5. In an interview, E1 acknowledged the incident that occurred on January 30, 2024, involving R1 and R2 had not been reported according to A.R.S. \\'a7 13-3620. E1 acknowledged the incident report reflected DCS was contacted January 30, 2024, at 9:30 a.m., however this was prior to the incident occurring. E1 acknowledged the incident report reflected a documentation error and DCS was contacted on January 31, 2024, at 9:30 a.m. E1 acknowledged the administrator had reason to believe a minor had been a victim of abuse and failed to immediately report the abuse according to the reporting requirements according to A.R.S. \\'a7 13-3620. Plan of Correction Name, title and/or Position of the Person Responsible Date temporary correction was implemented Date permanent correction will be complete 2024-05-06 Temporary Solution Permanent Solution Monitoring"
        },
        {
            "rule": "K. An administrator shall: 8. Maintain a written log of unauthorized absences for at least 12 months after the date of a resident's absence that includes the: a. Name of a resident absent without authorization, b. Name of the individual to whom the report required in subsection (K)(7) was submitted, and c. Date of the report; and",
            "evidence": "Based on documentation review, record review, and interview, the administrator failed to maintain a log of unauthorized absences for at least 12 months after the date of a resident's absence to include the name of a resident absent without authorization, name of the individual to whom the report required in subsection (K)(7) was submitted, and the date of the report. The deficient practice posed a risk if this information was required to be reviewed under R9-10-704.",
            "findings": "1. A review of R4's medical record revealed incident reports of unauthorized absences on January 20, 2024, January 13, 2024, and January 8, 2024. 2. The Compliance Officer requested to review the facility's written log of unauthorized absences. However, a written log of unauthorized absences was not provided for review. 3. In an interview, E1 reported a written log of unauthorized absences was not available for review. Plan of Correction Name, title and/or Position of the Person Responsible Date temporary correction was implemented Date permanent correction will be complete 2024-05-06 Temporary Solution Permanent Solution Monitoring"
        },
        {
            "rule": "A. An administrator shall ensure that: 1. A resident is admitted based upon: b. The resident's behavioral health issue and treatment needs are within the behavioral health residential facility's scope of services;",
            "evidence": "Based on documentation review, record review, and interview, the administrator failed to ensure a resident's behavioral health issue and treatment needs were within the behavioral health residential facility's scope of services. The deficient practice posed a risk as a resident was admitted into a behavioral health residential facility who required a higher level of care.",
            "findings": "1. A review of the facility policies and procedures revealed their scope of services. The scope of services stated, \"...Behavioral Health Residential Services provides a structured treatment setting with twenty four hour supervision and counseling for individuals who do not require on site medical services...\" 2. A review of R2's medical record revealed a behavioral health assessment completed prior to R2's admission dated in October 2023. R2's assessment identified the following information, \"...Risk/History of Suicide Attempts?: Yes, client overdosed about a week ago on prescription meds. Attempted to hang self 2 x with a shower curtain, 2 years ago attempted to cut throat with glass. Current suicidal ideation, intent, plans, or access to means?: Yes, client denied any current intent or plan but said SI are still present.\" A review of R2's medical record revealed a signed attestation reviewing the identified behavioral health assessment on November 14, 2023 signed by facilities behavioral health professional. The attestation reflected \"No Update.\" 3. In an interview, E1 acknowledged the identified documents were included in R2's admission documentation. E1 acknowledged the October 2023, document identified R2's current concern of being a danger to self. E1 acknowledged the administrator failed to ensure a resident's behavioral health issue and treatment needs were within the behavioral health residential facility's scope of services. Plan of Correction Name, title and/or Position of the Person Responsible Date temporary correction was implemented Temporary Solution Permanent Solution Monitoring Date permanent correction will be complete 2024-05-06"
        },
        {
            "rule": "A. An administrator shall ensure that: 6. Except as provided in subsection (E)(1)(a), a medical practitioner performs a medical history and physical examination or a registered nurse performs a nursing assessment on a resident within 30 calendar days before admission or within 72 hours after admission and documents the medical history and physical examination or nursing assessment in the resident's medical record within 72 hours after admission;",
            "evidence": "Based on record review and interview, the administrator failed to ensure a medical practitioner performed a medical history and physical examination on a resident within 30 calendar days before admission or within 72 hours after admission, for one of four residents sampled. The deficient practice posed a risk as this information was required for the development and implementation of a treatment plan, per R9-10-708.A.1. Findings include: 1. A review of R2's electronic medical record revealed documentation of a medical history and physical examination was completed six days after R2's admission. 2. In an interview, E1 acknowledged R2's documentation of a medical history and physical examination or a nursing assessment was not completed within 30 calendar days before admission or within 72 hours after admission. Plan of Correction Name, title and/or Position of the Person Responsible Date temporary correction was implemented Date permanent correction will be complete 2024-05-06 Temporary Solution Permanent Solution Monitoring",
            "findings": ""
        },
        {
            "rule": "A. An administrator shall ensure that: 8. If a behavioral health assessment is conducted by a:",
            "evidence": "Based on record review and interview, the administrator failed to ensure a behavioral a. Behavioral health technician or registered nurse, within 24 hours a behavioral health professional, certified or licensed to provide the behavioral health services needed by the resident, reviews and signs the behavioral health assessment to ensure that the behavioral health assessment identifies the behavioral health services needed by the resident; or health assessment conducted by a behavioral health technician (BHT) or registered nurse, within 24 hours a behavioral health professional (BHP) certified or licensed to provide the behavioral health services needed by the resident, reviewed and signed the behavioral health assessment to ensure the behavioral health assessment identified the behavioral health services needed by the resident. The deficient practice posed a risk as an analysis of the resident's needs for behavioral health services to determine which services a health care institution would provide was not completed within 24 hours. Findings include: 1. A review of R3's medical record revealed a behavioral health assessment completed by E3, a BHT. The assessment revealed a BHP had not reviewed and signed the behavioral health assessment. 2. In an interview, E1 reviewed R3's behavioral health assessment. E1 acknowledged the assessment was completed by a BHT and did not include documentation a BHP reviewed and signed the behavioral health assessment. Plan of Correction Name, title and/or Position of the Person Responsible Date temporary correction was implemented Date permanent correction will be complete 2024-05-06 Temporary Solution Permanent Solution Monitoring",
            "findings": ""
        },
        {
            "rule": "A. An administrator shall ensure that: 13. Except as provided in subsection (E)(1)(d), a resident provides",
            "evidence": "of freedom from infectious tuberculosis: a. Before or within seven calendar days after the resident's admission, and b. As specified in R9-10-113. Evidence Based on record review and interview, the administrator failed to ensure a resident provided evidence of freedom from infectious tuberculosis (TB) before or within seven calendar days after the resident's admission. The deficient practice posed a TB exposure risk to residents.",
            "findings": "1. A review of R2's medical record revealed documentation a TB test had been administered. However, documentation of the TB test result and freedom from infectious TB was completed nine days after admission. 2. In an interview E1 acknowledged R2 did not provide evidence of freedom from infectious TB before or within seven calendar days after R2's admission. Plan of Correction Name, title and/or Position of the Person Responsible Date temporary correction was implemented Date permanent correction will be complete 2024-05-06 Temporary Solution Permanent Solution Monitoring"
        },
        {
            "rule": "A. An administrator shall ensure that a treatment plan is developed and implemented for each resident that: 6. Is reviewed and updated on an on-going basis: d. When a resident has a significant change in condition or experiences an event that affects treatment.",
            "evidence": "Based on record review and interview, the administrator failed to ensure a treatment plan was updated when a resident had a significant change in condition or experienced an event which affected treatment. The deficient practice posed a risk as a treatment plan directs the service to be provided to a resident.",
            "findings": "1. A review of R1's medical record revealed an incident report dated January 30, 2024, identifying allegations of abuse by another resident towards R1 at the facility. A review of R1's treatment plan revealed R1's treatment plan was not updated after the identified significant event. 2. A review of R4's medical record revealed incident reports of self harm and absences without leave from the facility occurring in January 2024. A review of R4's treatment plan revealed R4's treatment plan was not updated after these identified significant events. 3. In an interview, E1 acknowledged R1 and R4 experienced significant incidents affecting their treatment. E1 acknowledged the administrator failed to ensure a treatment plan was updated when R1 and R4 had a significant change in condition or experience which affected R1's or R4's treatment. Plan of Correction Name, title and/or Position of the Person Responsible Date temporary correction was implemented Date permanent correction will be complete 2024-05-06 Temporary Solution Permanent Solution Monitoring"
        },
        {
            "rule": "G. An administrator shall ensure that a discharge summary for a resident: 1. Is entered into the resident's medical record within 10 working days after a resident's discharge; and",
            "evidence": "Based on documentation review, record review, and interview, the administrator failed to ensure a discharge summary for a resident was entered into the resident's medical record within 10 working days after a resident's discharge.",
            "findings": "1. A review of R2's medical record revealed a discharge summary was completed twelve days after R2's discharge. 2. In an interview, E1 reviewed R2's electronic medical record. E1 acknowledged R2's medical record did not contain documentation of a discharge summary entered into the resident's medical record within 10 working days after a resident's discharge. Plan of Correction Name, title and/or Position of the Person Responsible Date temporary correction was implemented Date permanent correction will be complete 2024-05-06 Temporary Solution Permanent Solution Monitoring"
        },
        {
            "rule": "A. An administrator shall ensure that: 2. If a behavioral health residential facility is licensed to provide behavioral health services to individuals whose behavioral health issue limits the individuals' ability to function independently, a resident admitted to the behavioral health residential facility with limited ability to function independently receives: b. Continuous protective oversight;",
            "evidence": "Based on documentation review, record review, and interview, the administrator failed to ensure, if a behavioral health residential facility was licensed to provide behavioral health services to individuals whose behavioral health issue limits the individuals' ability to function independently, a resident admitted to the behavioral health residential facility with limited ability to function independently received continuous protective oversight. The deficient practice posed a risk to residents who required continuous protective oversight due to being minors under the age of 18. Findings include: 1. A review of R2's medical record revealed a document titled \"Youth Incident Report\" dated January 31, 2024. The report stated, \"... The member was screaming and yelling no one cared and to stay away. Member then started scratching horizontally with a piece of glass on their forearm... Member was taken to Mind 24/7 via EMT...\" On February 1, 2024, an incident report stated, \"... Member exhibited and indicated suicidal ideation behaviors... member began scratching at their scars from previous incident... Member was evaluated at [hospital] for psychiatric inpatient. It was determined the member met criteria and was admitted due to DTS/DTO Behaviors.\" 2. A review of R4's medical record revealed a document titled \"Youth Incident Report.\" The report stated, \"...Writer found fresh blood on a tissue on the master bathroom floor...Writer conducted a contraband search- in the master bedroom. Writer found a spiral notebook behind [R4] bed with wire sticking out. [R4] was crying and admitted to self harming with the metal object because they didn't want to be there.\" A review of R4's medical record revealed incident reports of unauthorized absences from the behavioral health facility on January 20, 2024, January 13, 2024, and January 8, 2024. 3. In an interview, E1 reviewed the identified incident reports. E1 acknowledged the facility was licensed to provide behavioral health services to individual who behavioral health issues limit their ability to function independently. E1 acknowledged the incident reports revealed R2 and R4 were not provided continuous protective oversight. Plan of Correction Name, title and/or Position of the Person Responsible Temporary Solution Permanent Solution Date temporary correction was implemented Date permanent correction will be complete 2024-05-06 Monitoring",
            "findings": ""
        },
        {
            "rule": "A. An administrator shall ensure that: 7. A resident does not: b. Share any space, participate in any activity or treatment, or verbally or physically interact with any other resident that may present a threat to the resident's health or safety, based on the other resident's documented diagnosis, treatment needs, developmental levels, social skills, verbal skills, and personal history.",
            "evidence": "Based on record review, documentation review, and interview, the administrator failed to ensure a resident did not share a space with another resident which may have presented a threat to the resident's health or safety, based on the other resident's documented diagnoses, treatment needs, and personal history. Finding: 1. A review of R1's medical record revealed a documented history of sexual abuse. 2. A review of the facility's documentation revealed an incident report dated January 30, 2024. The incident report stated: \"[E2] arrived at Watkins at 10:00 pm. When conducting a room check, I found [R1] sitting on bed crying.... [R1] said, at around 6:00 pm on 01/30/2024 [R1's] peer inappropriately touched [R1's] butt, as [R1] was walking down the hallway at the Watkins home. Youth said, [R1] moved and [R2] touched [R1's] butt a second time. The morning of 01/31/24, at 7:40 am, [R2] admitted to [E2] that [R2] touched [R1] on the butt. Persons Notified [E3] 1/30/24, at 11:00 pm, Guardian 1/30/24 at 10:55 pm, Referring Agency Case Manager 1/31/24, at 9:30 am, Police January 31, 2024, at 11:40 am, DCS 1/30/2024, at 9:30 am. \" 3. In an interview, E2 reported R1 and R2 shared a bedroom. E2 reported no action was taken after the reported incident to remove R1 and R2 from the same bedroom. E2 reported R1 eventually returned to R1's and R2's room to sleep the evening of the incident. E2 reported in the morning all of the residents ate breakfast together. E2 reported E2 was the only staff present at the facility. 4. In an interview, E1 acknowledged R1 and R2 shared a space which presented a threat to R1's health and safety based on R1's personal history. Plan of Correction Name, title and/or Position of the Person Responsible Date temporary correction was implemented Date permanent correction will be complete 2024-05-06 Temporary Solution Permanent Solution Monitoring",
            "findings": ""
        },
        {
            "rule": "E. An administrator shall ensure that: 2. Within 24 hours after an emergency safety response is used for a resident, the following information is entered into the resident medical record: a. The date and time the emergency safety response was used; b. The name of each personnel member who used an emergency safety response; c. The specific emergency safety response used; d. The personnel member or resident behavior, event, or environmental factor that caused the need for the emergency safety response; and e. Any injury that resulted from the use of the emergency safety response;",
            "evidence": "Based on record review and interview, the administrator failed to ensure within 24 hours after an emergency safety response (ESR) was used for a resident, the following information was entered into the resident medical record: the date and time the ESR was used, the name of each personnel member who used an ESR, the specific ESR used, the personnel member or resident behavior, event, or environmental factor that caused the need for the ESR, and any injury that resulted from the use of the ESR.",
            "findings": "1. A review of R2's medical record revealed an incident report dated February 1, 2024 and completed on February 3, 2024. The incident report stated \" [R2] exhibited and indicated suicidal ideation behaviors after returning to the home...[R2] became physically aggressive with the writer...Writer instantly placed the member in a children control position for 2 minutes. Member continued trying to swing. Writer placed member in another children's control position hold for 2 minutes.\" A review of R2's medical record revealed no additional documentation of the ESR. 2. In an interview, E1 confirmed an ESR was used for R2 on February 1, 2024. E1 acknowledged the documented report was not completed until February 3, 2024. E1 acknowledged the required information was not documented related to the ESR. Plan of Correction Name, title and/or Position of the Person Responsible Temporary Solution Permanent Solution Date temporary correction was implemented Date permanent correction will be complete 2024-05-06 Monitoring"
        },
        {
            "rule": "B. An administrator shall ensure that: 1. A behavioral health residential facility has a: a. Room that provides privacy for a resident to receive treatment or visitors; and",
            "evidence": "Based on observation and interview, the administrator failed to ensure the behavioral health residential facility had a room to provide privacy for a resident to receive treatment or visitors. The deficient practice posed a risk if the administrator was unable to ensure confidentiality in treatment as well as a resident's right to privacy in treatment and visitation.",
            "findings": "1. The Compliance Officer observed no privacy room available. The Compliance Officer observed an office with a posting which stated \"Watkins Office Staff Only.\" The office contained paint in an unlocked closet shelf and disinfectant wipes on the desk. 2. In an interview, E2 reported the residents received visitors or counseling at the dining room table or in their individual rooms. E2 reported that if a resident shares a room, the other residents are asked to leave. E2 reported the office is not used for visitation. 3. In an interview, E1 reported the \"Watkins Office Staff Only\" room is identified by the facility to provide privacy for residents to receive treatment or visitors. E1 acknowledged E2 reported E2 was unaware of this. E1 acknowledged the room contained toxic chemicals that would be accessible to residents using the room for treatment or visitors. E1 acknowledged the behavioral health residential facility did not have a room to provide privacy for a resident to receive treatment or visitors. Plan of Correction Name, title and/or Position of the Person Responsible Date temporary correction was implemented Date permanent correction will be complete 2024-05-06 Temporary Solution Permanent Solution Monitoring"
        }
    ]
}