{
    "legal_name": "NEW HOPE OF ARIZONA INC",
    "facility_status": "Active",
    "address": "1881 South 235th Drive, Buckeye, AZ 85326",
    "license_status": "Active",
    "phone": "6025355686",
    "license_number": "BH4630",
    "max_licensed_capacity": "4",
    "license_effective_date": "5/1/2025",
    "chief_administrative_officer": "MATTHEW J BEATY",
    "license_expires_date": "4/30/2026",
    "owner_licensee": "NEW HOPE OF ARIZONA, INCORPORATED",
    "inspection_number": "INSP-0078730",
    "inspection_date": "2/23/2024",
    "inspection_type": "Complaint",
    "certificate_number": "Initial Comments",
    "deficiencies": [
        {
            "rule": "B. An administrator shall ensure that: 3. Sufficient personnel members are present on a behavioral health residential facility's premises with the qualifications, experience, skills, and knowledge necessary to: a. Provide the services in the behavioral health residential facility's scope of services, b. Meet the needs of a resident, and c. Ensure the health and safety of a resident.",
            "evidence": "Based on observation, documentation review, record review, and interview, the administrator failed to ensure sufficient personnel members were present on a behavioral health residential facility's premises with the qualifications, experience, skills, and knowledge necessary to meet the needs of a resident, and ensure the health and safety of a resident. The deficient practice posed a risk if the facility was unable to meet the needs of the residents and ensure the resident's health and safety. Findings include: 1. The Compliance Officer observed R1 at BH4629 at 9:20 AM on February 23, 2024. 2. A review of the facilities staffing schedule for February 23, 2024, revealed no personnel member identified as working at the facility from 9:00 AM to 10:30 AM. 3. In an interview, E1 reported E1 received a phone call at 9:25 AM asking E1 to work. E1 reported E1 was on-call. 4. In an interview, R1 reported R1 was a resident of BH4630. R1 acknowledged E3 transported R1 to BH4629. R1 reported R1 remained at BH4629 until R1 was picked up by E1. 5. In an interview, E2 reported E3 brought R1, the only resident not scheduled to be in school, to BH4629 when E3's shift ended. E1 reported the facility believed R1 could remain at the other licensed facility. E1 acknowledged sufficient personnel members were not present at the behavioral health residential facility's premises to meet the needs of R1. Plan of Correction Name, title and/or Position of the Person Responsible Date temporary correction was implemented Date permanent correction will be complete 2024-04-18 Temporary Solution Permanent Solution Monitoring",
            "findings": ""
        }
    ]
}