{
    "legal_name": "NEW HOPE OF ARIZONA, INC",
    "facility_status": "Active",
    "address": "8710 West Watkins Street, Tolleson, AZ 85353",
    "license_status": "Active",
    "phone": "6025355686",
    "license_number": "BH6282",
    "max_licensed_capacity": "4",
    "license_effective_date": "5/29/2025",
    "chief_administrative_officer": "MATTHEW J BEATY",
    "license_expires_date": "5/28/2026",
    "owner_licensee": "NEW HOPE OF ARIZONA, INCORPORATED",
    "inspection_number": "INSP-0078763",
    "inspection_date": "6/27/2024",
    "inspection_type": "Compliance (Annual)",
    "certificate_number": "Initial Comments",
    "deficiencies": "no deficiencies"
}