{
    "legal_name": "NEW HOPE OF ARIZONA, INC",
    "facility_status": "Active",
    "address": "8621 West Sonora Street, Tolleson, AZ 85353",
    "license_status": "Active",
    "phone": "6025355686",
    "license_number": "BH9223",
    "max_licensed_capacity": "4",
    "license_effective_date": "1/24/2025",
    "chief_administrative_officer": "MATTHEW BEATY",
    "license_expires_date": "1/23/2026",
    "owner_licensee": "NEW HOPE OF ARIZONA, INCORPORATED",
    "inspection_number": "INSP-0078781",
    "inspection_date": "4/23/2024",
    "inspection_type": "Initial Monitoring",
    "certificate_number": "Initial Comments",
    "deficiencies": "no deficiencies"
}