{
    "legal_name": "NEW HOPE OF ARIZONA INC",
    "facility_status": "Active",
    "address": "1881 South 235th Drive, Buckeye, AZ 85326",
    "license_status": "Active",
    "phone": "6025355686",
    "license_number": "BH4630",
    "max_licensed_capacity": "4",
    "license_effective_date": "5/1/2025",
    "chief_administrative_officer": "MATTHEW J BEATY",
    "license_expires_date": "4/30/2026",
    "owner_licensee": "NEW HOPE OF ARIZONA, INCORPORATED",
    "inspection_number": "INSP-0158351",
    "inspection_date": "8/26/2025",
    "inspection_type": "Compliance (Annual)",
    "certificate_number": "BH4630",
    "deficiencies": "no deficiencies"
}