{
    "legal_name": "NEW HAVEN COMMUNITIES LLC",
    "facility_status": "Active",
    "address": "4379 West Allen Street, Laveen, AZ 85339",
    "license_status": "Active",
    "phone": "6024195244",
    "license_number": "BH8411",
    "max_licensed_capacity": "9",
    "license_effective_date": "3/31/2025",
    "chief_administrative_officer": "PATRICK NASSER-TAYLOR",
    "license_expires_date": "3/30/2026",
    "owner_licensee": "NEW HAVEN COMMUNITIES LLC",
    "inspection_number": "INSP-0078812",
    "inspection_date": "7/30/2024",
    "inspection_type": "Complaint",
    "certificate_number": "Initial Comments",
    "deficiencies": "no deficiencies"
}