{
    "legal_name": "NEW HOPE OF ARIZONA INC",
    "facility_status": "Active",
    "address": "1881 South 235th Drive, Buckeye, AZ 85326",
    "license_status": "Active",
    "phone": "6025355686",
    "license_number": "BH4630",
    "max_licensed_capacity": "4",
    "license_effective_date": "5/1/2025",
    "chief_administrative_officer": "MATTHEW J BEATY",
    "license_expires_date": "4/30/2026",
    "owner_licensee": "NEW HOPE OF ARIZONA, INCORPORATED",
    "inspection_number": "INSP-0078728",
    "inspection_date": "9/19/2023",
    "inspection_type": "Compliance (Annual)",
    "certificate_number": "Initial Comments",
    "deficiencies": [
        {
            "rule": "A. Except for an outdoor behavioral health care program provided by a behavioral health residential facility, an administrator shall ensure that: 4. Equipment used at the behavioral health residential facility is: a. Maintained in working order;",
            "evidence": "Based on observation, and interview, the administrator failed to ensure equipment used at the behavioral health residential facility was maintained in working order.",
            "findings": "1. The Compliance Officer observed the facilities kitchen contained a microwave with no door. The microwave was not maintained in working order. 2. In an interview, E2 reported the microwave was broken. E2 acknowledged equipment used at the behavioral health residential facility was not maintained in working order. Plan of Correction Name, title and/or Position of the Person Responsible Date temporary correction was implemented Date permanent correction will be complete 2023-09-21 Temporary Solution Permanent Solution Monitoring"
        }
    ]
}