{
    "legal_name": "NEW HOPE OF ARIZONA, INC",
    "facility_status": "Active",
    "address": "3120 West Pollack Street, Phoenix, AZ 85041",
    "license_status": "Active",
    "phone": "6025355686",
    "license_number": "BH4921",
    "max_licensed_capacity": "4",
    "license_effective_date": "8/1/2025",
    "chief_administrative_officer": "MATTHEW J BEATY",
    "license_expires_date": "7/31/2026",
    "owner_licensee": "NEW HOPE OF ARIZONA, INCORPORATED",
    "inspection_number": "INSP-0078739",
    "inspection_date": "7/26/2023",
    "inspection_type": "Complaint;Compliance (Annual)",
    "certificate_number": "Initial Comments",
    "deficiencies": [
        {
            "rule": "A. An administrator shall ensure that: 5. Behavioral health services listed in the behavioral health residential facility's scope of services are provided on the premises;",
            "evidence": "Based on documentation review, record review, and interview, the administrator failed to ensure behavioral health services listed in the behavioral health residential facility's scope of services were provided on the premises.",
            "findings": "1. A review of the facility policies and procedures reviewed July 1, 2020, revealed a scope of services. The scope of services stated, \"...Behavioral Health Residential Services provides a structured treatment setting with twenty four hour supervision and counseling...\" 2. A review of R1, R2, and R3's treatment plans revealed no documentation of counseling identified in the residents' medical record. 3. In an interview, E1 reported the identified facility residents receive respite services. E1 acknowledged the facility is licensed as a behavioral health residential facility. E1 acknowledged the behavioral health services listed in the behavioral health residential facility's scope of services were not provided on the premises. Plan of Correction Name, title and/or Position of the Person Responsible Date temporary correction was implemented Temporary Solution Permanent Solution Monitoring Date permanent correction will be complete 2023-08-14"
        },
        {
            "rule": "C. Except for an outdoor behavioral health care program provided by a behavioral health residential facility, an administrator shall ensure that food is obtained, prepared, served, and stored as follows: 4. A refrigerator contains a thermometer, accurate to plus or minus 3\u00b0 F, placed at the warmest part of the refrigerator;",
            "evidence": "Based on observation and interview, the administrator failed to ensure a refrigerator contained a thermometer, accurate to plus or minus 3\\'b0 F, placed at the warmest part of the refrigerator.",
            "findings": "1. The Compliance Officers observed a refrigerator in the kitchen contained food items. However, the refrigerator did not contain a thermometer. 2. In an interview, E1 reported the refrigerator was new and the thermometer was not transferred from the old fridge to the new fridge. E1 acknowledged the refrigerator did not contain a thermometer, accurate to plus or minus 3\\'b0 F. Plan of Correction Name, title and/or Position of the Person Responsible Date temporary correction was implemented Date permanent correction will be complete 2023-07-26 Temporary Solution Permanent Solution Monitoring"
        },
        {
            "rule": "A. Except for an outdoor behavioral health care program provided by a behavioral health residential facility, an administrator shall ensure that: 4. Equipment used at the behavioral health residential facility is: a. Maintained in working order;",
            "evidence": "Based on observation, documentation review and interview, the administrator failed to ensure equipment used at the behavioral health residential facility was maintained in working order. The deficient practice posed a risk to the physical health and safety of a resident.",
            "findings": "1. The Compliance Officer observed wires hanging from the ceiling where a smoke detector may have been removed, in a resident bedroom. 2. In an interview, E1 reported E1 was notified the smoke detector was removed in order to replace the batteries. At the time of the inspection, the smoke detector was not located at the facility. E1 acknowledged equipment used at the behavioral health residential facility was not maintained in working order. Plan of Correction Name, title and/or Position of the Person Responsible Date temporary correction was implemented Date permanent correction will be complete 2023-07-26 Temporary Solution Permanent Solution Monitoring"
        },
        {
            "rule": "B. An administrator shall ensure that: 2. At least one bathroom is accessible from a common area that: c. Contains the following: v. Paper towels in a dispenser or a mechanical air hand dryer,",
            "evidence": "Based on observation and interview, the administrator failed to ensure at least one bathroom was accessible from the common area and contained paper towels in a dispenser or a mechanical air hand dryer. The deficient practice posed a potential risk to infection control.",
            "findings": "1. The compliance officer observed one bathroom accessible from the common area. However, the bathroom did not contain paper towels in a dispenser or a mechanical air hand dryer. 2. In an interview, E1 acknowledged the administrator failed to ensure a bathroom accessible from the common area contained paper towels in a dispenser or a mechanical air hand dryer. Plan of Correction Name, title and/or Position of the Person Responsible Date temporary correction was implemented Date permanent correction will be complete 2023-07-26 Temporary Solution Permanent Solution Monitoring"
        }
    ]
}