{
    "legal_name": "NEXUS TEEN ACADEMY LLC",
    "facility_status": "Active",
    "address": "2695 East Saddle Mountain Road, Cave Creek, AZ 85331",
    "license_status": "Active",
    "phone": "6232564184",
    "license_number": "BH9428",
    "max_licensed_capacity": "10",
    "license_effective_date": "1/11/2025",
    "chief_administrative_officer": "TAYLOR WOOD",
    "license_expires_date": "1/10/2026",
    "owner_licensee": "NEXUS TEEN ACADEMY LLC",
    "inspection_number": "INSP-0079236",
    "inspection_date": "5/31/2024",
    "inspection_type": "Compliance (Annual)",
    "certificate_number": "Initial Comments",
    "deficiencies": "no deficiencies"
}