{
    "legal_name": "OPEN HEARTS",
    "facility_status": "Closed",
    "address": "21853 South 214th Street, Queen Creek, AZ 85142",
    "license_status": "License",
    "phone": "6022855550",
    "license_number": "License Effective",
    "max_licensed_capacity": "8",
    "license_effective_date": "License Expires",
    "chief_administrative_officer": "CHRISTOPHER KECK",
    "license_expires_date": "Closed Date",
    "owner_licensee": "OPEN HEARTS",
    "inspection_number": "INSP-0081179",
    "inspection_date": "1/2/2025 - 1/15/2025",
    "inspection_type": "Compliance (Initial)",
    "certificate_number": "Initial Comments",
    "deficiencies": "no deficiencies"
}