{
    "legal_name": "OUR HOUSE RESIDENTIALS",
    "facility_status": "Active",
    "address": "8910 West Monroe Street, Peoria, AZ 85345",
    "license_status": "Active",
    "phone": "6232484347",
    "license_number": "BH5607",
    "max_licensed_capacity": "10",
    "license_effective_date": "4/1/2025",
    "chief_administrative_officer": "KANESHA ANDERSON",
    "license_expires_date": "3/31/2026",
    "owner_licensee": "ANGEL KIDS ACADEMY LLC",
    "inspection_number": "INSP-0081381",
    "inspection_date": "5/30/2024",
    "inspection_type": "Complaint",
    "certificate_number": "Initial Comments",
    "deficiencies": [
        {
            "rule": "C. An administrator shall ensure that: 5. Unless otherwise stated: a. Documentation required by this Article is provided to the Department within two hours after a Department request; and",
            "evidence": "Based on record review and interview, the administrator failed to ensure documentation required by Article 7 was provided to the Department within two hours after a Department request. The deficient practice posed a risk as the Department was unable to determine compliance.",
            "findings": "1. A review of R2's medical record revealed documentation of a behavioral health assessment (per R9-10-707(A)(11) was not available for review. 2. The Compliance Officer requested, on May 30, 2024 at 8:50AM, to review R2's behavioral health assessment (per R9-10-707(A)(11)). However, R2's behavioral health assessment (per R9-10-707(A)(11) was not provided for review within two hours after a Department request. 3. In an interview, E1 acknowledged R2's behavioral health assessment (per R9-10-707(A)(11) was not provided to the Department within two hours after a Department request. Plan of Correction Name, title and/or Position of the Person Responsible Date temporary correction was implemented Date permanent correction will be complete 2024-07-08 Temporary Solution Permanent Solution Monitoring"
        },
        {
            "rule": "A. An administrator shall ensure that a treatment plan is developed and implemented for each resident that: 2. Is completed: b. Before the resident receives physical health services or behavioral health services or within 48 hours after the assessment is completed;",
            "evidence": "Based on record review and interview, the administrator failed to ensure a treatment plan was developed for each resident and was completed before the resident received behavioral health services, for one of three residents sampled. The deficient practice posed a risk as a treatment plan was not developed to articulate decisions and agreements before treatment was initiated.",
            "findings": "1. A review of R3's (admitted in 2024) medical record revealed a treatment plan (dated approximately seventeen days after R3's date of admission). 2 A review of R3's medical record revealed medication administration records (MAR) for March 2024 and April 2024. The MARs documented R3 received medication services. 3. In an interview, E1 reported the treatment plan in R3's medical record was the initial treatment plan. E1 acknowledged a treatment plan was not developed and completed before the resident received behavioral health services. Plan of Correction Name, title and/or Position of the Person Responsible Date temporary correction was implemented Date permanent correction will be complete 2024-07-08 Temporary Solution Permanent Solution Monitoring"
        },
        {
            "rule": "A. An administrator shall ensure that a treatment plan is developed and implemented for each resident that: 4. Includes: a. The resident's presenting issue; b. The physical health services or behavioral health services to be provided to the resident; c. The signature of the resident or the resident's representative, and date signed, or documentation of the refusal to sign; d. The date when the resident's",
            "evidence": "Based on record review and interview, the administrator failed to ensure a treatment was developed for each resident to include the behavioral health services to be provided to the resident; the signature of the resident or the resident's representative, and date signed, or documentation of the refusal to sign; and the date when the resident's treatment plan will be reviewed; for three of three residents treatment plan will be reviewed; e. If a discharge date has been determined, the treatment needed after discharge; and f. The signature of the personnel member who developed the treatment plan and the date signed; sampled. The deficient practice posed a risk as a treatment plan was not developed to articulate accurate decisions and agreements of services to be provided.",
            "findings": "1. A review of R1's (admitted in 2024) medical record revealed a treatment plan (dated in March 2024). However, the treatment plan did not include the signature of the resident or the resident's representative, and date signed, or documentation of the refusal to sign; and the date when the resident's treatment plan will be reviewed. 2. A review of R2's (admitted in 2024) medical record revealed a treatment plan (dated in April 2024). However, the treatment plan did not include the behavioral health services to be provided to the resident; the signature of the resident or the resident's representative, and date signed, or documentation of the refusal to sign; and the date when the resident's treatment plan will be reviewed. 3. A review of R3's (admitted in 2024) medical record revealed a treatment plan (dated in March 2024). However, the treatment plan did not include the behavioral health services to be provided to the resident; the signature of the resident or the resident's representative, and date signed, or documentation of the refusal to sign; and the date when the resident's treatment plan will be reviewed. 4. In a joint interview, E1 and E2 acknowledged treatment plans were not developed for each resident to include the behavioral health services to be provided to the resident; the signature of the resident or the resident's representative, and date signed, or documentation of the refusal to sign; and the date when the resident's treatment plan will be reviewed Plan of Correction Name, title and/or Position of the Person Responsible Date temporary correction was implemented Date permanent correction will be complete 2024-07-08 Temporary Solution Permanent Solution Monitoring"
        },
        {
            "rule": "C. An administrator shall ensure that a resident's medical record contains: 11. Assessment;",
            "evidence": "Based on record review and interview, the administrator failed to ensure a resident's medical record contained an assessment, for one of two discharged residents sampled. The deficient practice posed a risk if an analysis of the resident's needs for behavioral health services to determine which services a health care institution would provide was not completed.",
            "findings": "1. A review of R2's (admitted in 2024) medical record revealed a behavioral health assessment (per R9-10-707(A)(11)) was not available for review. 2. A review of R2's medical record revealed a document titled \"Clinical Recommendations\" (dated in 2024). The document stated \"Upon review of clinical documentation, the client is an appropriate for treatment at OHR Therapeutic Group Home. Per clinical documentation youth will need support ...\" However, documentation of a behavioral health assessment in compliance with the requirements in R9-10-707(A)(11) was not available for review. 3. A review of R2's medical record revealed documents titled \"Adult/Child and Family Meeting Summary\" (dated in 2024). However, documentation of a behavioral health assessment in compliance with the requirements in R9-10-707(A)(11) was not available for review. 4. In an interview, E1 reported the facility's behavioral health professional reviewed R2's clinical documentation before admitting R2. 5. In an interview, E1 reported R2's behavioral health assessment was completed by the behavioral health professional but was not available for review. Plan of Correction Name, title and/or Position of the Person Responsible Date temporary correction was implemented Date permanent correction will be complete 2024-07-08 Temporary Solution Permanent Solution Monitoring"
        },
        {
            "rule": "C. If a behavioral health residential facility provides assistance in the self-administration of medication, an administrator shall ensure that: 6. Assistance in the self-administration of medication provided to a resident: a. Is in compliance with an order, and",
            "evidence": "Based on documentation review, record review, and interview, the administrator failed to ensure assistance in the self-administration of medication provided to a resident was in compliance with an order, for one of three residents sampled. The deficient practice posed a risk if the resident experienced a change in condition due to improper assistance in the self-administration of medication.",
            "findings": "R9-10-101(24) \"Assistance in the self-administration of medication\" means restricting a patient's access to the patient's medication and providing support to the patient while the patient takes the medication to ensure that the medication is taken as ordered. 1. A review of facility documentation revealed a scope of services (date unavailable). The scope of services stated \"... Our House Will Provide: 1. Assistance in the self- administration of medication.\" 2. A review of R3's (admitted in 2024) medical record revealed a treatment plan (dated in March 2024). However, the treatment plan did not include whether assistance in the self- administration of medication was to be provided to the resident. 3. A review of R3's medical record revealed medication administration records (MAR) for March 2024 and April 2024. The MARs documented R3 received medication services on the following dates: -\"Clonidine HCL 0.1mg Take 1 tablet by mouth daily:\" March 14-30, 2024; April 3-30, 2024; -\"Dextroamp-amphethamin [generic for Adderall] 5mg Take 1 tablet by mouth daily:\" March 14, 2024; March 16-23, 2024; March 25-30, 2024; April 3-12, 2024; April 14-15, 2024; -\"Dextroamp-amphethamin [generic for Adderall] 10mg Take 1 tablet by mouth daily:\" March 14, 2024; March 16-30, 2024; April 3- 30, 2024; -\"Divalproex 250mg Take 1 tablet by mouth daily:\" March 14, 2024; March 16-30, 2024; and -\"Divalproex 250mg Take 1 tablet in AM & 2 tablets PM by mouth daily:\" April 4-30, 2024 (1 tablet in AM); April 3-30, 2024 (2 tablets in PM). However, medication orders for the aforementioned medications were not available for review. 4. A review of R3's medical record revealed medication orders (dated February 21, 2024) for the following medications: -\"Adderall XR 20mg capsule, extended release take 1 capsule by oral route every day in the morning upon awakening;\" and -\"Clonidine HCl 0.1mg tablet take \\'bd tablet by oral route in the morning, \\'bd at noon, and 1 tablet after school;\" However, documentation to demonstrate R3 was provided Adderall 20mg in the morning and Clonidine 0.1mg, \\'bd tablet in the morning, \\'bd tablet at noon, and 1 tablet after school was not available for review. 5. In an interview, E1 acknowledged assistance in the self-administration of medication provided to R3 was not in compliance with an order. Plan of Correction Name, title and/or Position of the Person Responsible Date temporary correction was implemented Date permanent correction will be complete 2024-07-08 Temporary Solution Permanent Solution Monitoring"
        },
        {
            "rule": "B. An administrator shall ensure that: 8. A resident bedroom complies with the following: b. Is not used as a passageway to another bedroom or bathroom unless the bathroom is for the exclusive use of an individual occupying the bedroom;",
            "evidence": "Based on observation and interview, the administrator failed to ensure a resident bedroom was not used as a passageway to another bedroom or bathroom. Findings include: 1. The Compliance Officer observed a bathroom located in a resident's bedroom. The bedroom was occupied by three residents. The Compliance Officer observed a sign conspicuously posted on the bathroom door. The sign stated \"Notice Staff Only.\" The Compliance Officer observed the bathroom door was locked. 2. In an interview, E2 reported the bathroom was only used by employees. 3. In a joint interview, E1 and E2 acknowledged a resident bedroom was being used as a passageway to a bathroom. Plan of Correction Name, title and/or Position of the Person Responsible Date temporary correction was implemented Date permanent correction will be complete 2024-06-14 Temporary Solution Permanent Solution Monitoring",
            "findings": ""
        }
    ]
}