{
    "legal_name": "PROGRESSIVE HEALTH ALLIANCE",
    "facility_status": "Active",
    "address": "4605 West Donner Drive, Laveen, AZ 85339",
    "license_status": "Active",
    "phone": "4804276723",
    "license_number": "BH7118",
    "max_licensed_capacity": "10",
    "license_effective_date": "12/1/2024",
    "chief_administrative_officer": "NAJI DEKHARN",
    "license_expires_date": "11/30/2025",
    "owner_licensee": "PROGRESSIVE HEALTH ALLIANCE LLC",
    "inspection_number": "INSP-0082599",
    "inspection_date": "2/13/2023",
    "inspection_type": "Compliance (Annual)",
    "certificate_number": "Initial Comments",
    "deficiencies": [
        {
            "rule": "36-420.01. Health care institutions; fall prevention and fall recovery; training programs; definition A. Each health care institution shall develop and administer a training program for all staff regarding fall prevention and fall recovery. The training program shall include initial training and continued competency training in fall prevention and fall recovery. A health care institution may use information and training materials from the department's Arizona falls prevention coalition in developing the training program.",
            "evidence": "Based on documentation review, record review, and interview, the manager failed to ensure the health care institution developed and administered a training program for all staff regarding fall prevention and fall recovery. The deficient practice posed a risk to the physical health and safety of a resident.",
            "findings": "1. Review of facility documents revealed no policy and procedure for fall prevention and fall recovery. 2. Review of E2, E3, E4, E5, and E6's personnel records revealed no documentation indicating fall prevention and fall recovery training was completed. 3. In an interview, E2 reviewed the identified records. E2 acknowledged the administrator failed to develop and administer a training program for all staff regarding fall prevention and fall recovery. Plan of Correction Name, title and/or Position of the Person Responsible Date temporary correction was implemented Date permanent correction will be complete 2023-04-21 Temporary Solution Permanent Solution Monitoring"
        },
        {
            "rule": "A. A governing authority shall: 2. Establish, in writing: a. A behavioral health residential facility's scope of services, and",
            "evidence": "Based on documentation review and interview, the administrator failed to establish, in writing, a behavioral health residential facility's scope of services.",
            "findings": "1. A review of the facility's Policies and Procedures revealed the facility's \"SCOPE OF SERVICE\". The scope of services revealed the following; \"Progressive Health Alliance (PHA) is a behavioral health residential facility that provides counseling and assistance in the self administration of medication. PHA provides short term services to mental health and occurring seriously mentally ill/substance abuse males and with minimal medical issues. The facility operate 24 hours a day, 365 days a year, and is a non secured facility.\" 2. A review of R2's medical record revealed a document dated December 9, 2022, from the State of Arizona Superior Court. The document stated \"Approving Residential Treatment Services It is ordered approving the residential treatment services for R2 at Progressive Health Alliance.\" 3. A review of R2's medical record revealed a referral packet to Progressive Health Alliance from R2's High Needs Case Manager. The document reported \"...R2 recently participated in a psycho sexual eval and they suggested a BHRF level of care to receive SMB...(Sexual Maladaptive Behavior)...treatment. I want to make sure that it is very clear that we are seeking SMB treatment and not regular BHRF....\" 4. In a phone interview, E1 acknowledged R2 was court ordered to the Progressive Health Alliance for residential treatment services. E1 acknowledged the facility is not a locked facility. E1 reported all of the facility's residents are diagnosed with Sexual Maladaptive Behaviors. E1 reported E1 advertises that the facility specializes in residents with sexual maladaptive behaviors. E1 reported E1 was unaware the identified services were outside of the facility's scope of services. Plan of Correction Name, title and/or Position of the Person Responsible Date temporary correction was implemented Date permanent correction will be complete Temporary Solution Permanent Solution Monitoring 2023-02-15"
        },
        {
            "rule": "B. An administrator: 3. Except as provided in subsection (A)(6), designates, in writing, an individual who is present on the behavioral health residential facility's premises and accountable for the behavioral health residential facility when the administrator is not present on the behavioral health residential facility's premises.",
            "evidence": "Based on record review, documentation review, and interview, the administrator failed to designate, in writing, an individual who was present on the behavioral health residential facility's premises and accountable for the behavioral health residential facility when the administrator was not present on the behavioral health residential facility's premises. The deficient practice posed a risk as an individual was not designated to act on behalf of the governing authority if the administrator was not present and a designated individual was not present on the premises.",
            "findings": "1. A review of facility documentation revealed an acting administrator was not designated in writing. 2. In a interview, E2 acknowledged E2 was unaware of documentation designating in writing the acting administrator. 3. In a phone interview, E1 reported E1 believed a document posted on the facility bulletin board that identified E1 as the Administrator and then listed the facility BHP, RN, and two BHT's identified the facilities designated administrator. E1 acknowledged the two identified BHT's are no longer personnel members. E1 acknowledged the document posted did not reflect the facilities current personnel members. E1 acknowledged the administrator failed to designate, in writing, an individual who was present on the behavioral health residential facility's premises and accountable for the behavioral health residential facility when the administrator was not present on the behavioral health residential facility's premises Plan of Correction Name, title and/or Position of the Person Responsible Date temporary correction was implemented Temporary Solution Permanent Solution Monitoring Date permanent correction will be complete 2023-02-14"
        },
        {
            "rule": "B. An administrator shall ensure that: 1. The qualifications, skills, and knowledge required for each type of personnel member: a. Are based on: i. The type of behavioral health services or physical health services expected to be provided by the personnel member according to the established job description, and ii. The acuity of the residents receiving behavioral health services or physical health services from the personnel member according to the established job description; and b. Include: i. The specific skills and knowledge necessary for the personnel member to provide the expected behavioral health services or physical health services listed in the established job description, ii. The type and duration of education that may allow the personnel member to have acquired the specific skills and knowledge for the personnel member to provide the expected behavioral health services or physical health services listed in the established job description, and iii. The type and duration of experience that may allow the personnel member to have acquired the specific skills and knowledge for the personnel member to provide the expected behavioral health services or physical health services listed in the established job description;",
            "evidence": "Based on record review and interview, the administrator failed to ensure the qualifications, skills, and knowledge required for each type of personnel member are based on the acuity of the residents receiving behavioral health services from the personnel member according to the established job descriptions. 1. In an interview, E1 reported the facility only accepts residents with Sexual Maladaptive Behaviors. 2. A review of R2's medical record revealed a referral packet to Progressive Health Alliance from R2's High Needs Case Manager. The document reported \"...R2 recently participated in a psycho sexual eval and they suggested a BHRF level of care to receive SMB...(Sexual Maladaptive Behavior)...treatment. I want to make sure that it is very clear that we are seeking SMB treatment and not regular BHRF....\" 3. A review of E2 and E3's personnel records revealed a Behavioral Health Technician Job Descriptions, verification of skills and knowledge and orientation. The identified personnel record did not reveal any verification of skills and knowledge or orientation on Sexual Maladaptive Behaviors. 4. In an interview, E2 reported E2 had not received any training on SMB treatment. Plan of Correction Name, title and/or Position of the Person Responsible Date temporary correction was implemented Date permanent correction will be complete 2023-02-14 Temporary Solution Permanent Solution Monitoring",
            "findings": ""
        },
        {
            "rule": "G. An administrator shall ensure that a personnel record is maintained for each personnel member, employee, volunteer, or student that includes: 3. Documentation of: e. The individual's compliance with requirements in A.R.S. \u00a7\u00a7 36-411, 36-411.01, and 36-425.03, as applicable;",
            "evidence": "Based on record review and interview, the administrator failed to ensure a personnel record was maintained for each personnel member to include documentation of compliance with the requirements in A.R.S. \\'a7 36-411(C). A.R.S. \\'a7 36-411(C) states \"Owners shall make documented, good faith efforts to: 1. Contact previous employers to obtain information or recommendations that may be relevant to a person's fitness to work in a residential care institution, nursing care institution or home health agency. 2. Verify the current status of a person's fingerprint clearance card.\" 1. A review of E2's personnel record revealed a valid fingerprint clearance card. However, documentation of verifying the status of the fingerprint clearance card was not available for review. 2. In an exit interview E2 reviewed E2's personnel record. E2 acknowledged documentation of verifying the status of the fingerprint clearance card was not available for review. Plan of Correction Name, title and/or Position of the Person Responsible Date temporary correction was implemented Date permanent correction will be complete 2023-02-21 Temporary Solution Permanent Solution Monitoring",
            "findings": ""
        },
        {
            "rule": "K. An administrator shall ensure that: 3. There is a daily staffing schedule that: a. Indicates the date, scheduled work hours, and name of each employee assigned to work, including on-call personnel members; b. Includes documentation of the employees who work each calendar day and the hours worked by each employee; and c. Is maintained for at least 12 months after the last date on the documentation;",
            "evidence": "Based on observation, documentation review, and interview, the administrator failed to ensure there was a daily staffing schedule which indicated the date, scheduled work hours, and name of each employee assigned to work, including on-call personnel members, included documentation of the employees who worked each calendar day and the hours worked by each employee, and was maintained for at least 12 months after the last date on the documentation.",
            "findings": "1. Upon arrival at the facility, the compliance officer observed E2 and E3 working. 2. A review of the facility's staffing schedule for a twelve month period revealed one document provided by E2. The document identified a schedule for Sunday through Saturday with no dates identified. The schedule revealed three shifts and identified an on call BHT. The schedule did not include on- call personnel members Behavioral Health Professional or Registered Nurse. No additional documentation was available for review. 3. In an interview. E2 reported the one daily staffing schedule provided was the only daily staffing schedule available for review. 4. In an interview, E1 reported E1 has been \"throwing away\" the daily staffing schedules. E1 acknowledged the administrator failed to ensure there was a daily staffing schedule which indicated the date, scheduled work hours, and name of each employee assigned to work, including on-call personnel members, included documentation of the employees who worked each calendar day and the hours worked by each employee, and was maintained for at least 12 months after the last date on the documentation. Plan of Correction Name, title and/or Position of the Person Responsible Date temporary correction was implemented Date permanent correction will be complete 2023-04-16 Temporary Solution Permanent Solution Monitoring"
        },
        {
            "rule": "K. An administrator shall ensure that: 4. A behavioral health professional is present at the behavioral health residential facility or on-call;",
            "evidence": "Based on documentation review, record review, and interview, the administrator failed to ensure a behavioral health professional (BHP) was present at the behavioral health residential facility or on-call. The deficient practice posed a risk as the behavioral health residential facility was unable to ensure compliance with applicable Rules. Findings include: 1. A.A.C. R9-10-101(35): \"Behavioral health professional\" means: a. An individual licensed under A.R.S. Title 32, Chapter 33, whose scope of practice allows the individual to: i. Independently engage in the practice of behavioral health, as defined in A.R.S. \\'a7 32- 3251; or ii. Except for a licensed substance abuse technician, engage in the practice of behavioral health, as defined in A.R.S. \\'a7 32- 3251, under direct supervision as defined in A.A.C. R4-6-101; b. A psychiatrist as defined in A.R.S. \\'a7 36-501; c. A psychologist as defined in A.R.S. \\'a7 32-2061; d. A physician; e. A behavior analyst as defined in A.R.S. \\'a7 32- 2091; or f. A registered nurse practitioner licensed as an adult psychiatric and mental health nurse; or g. A registered nurse with: i. A psychiatric-mental health nursing certification, or ii. One year of experience providing behavioral health services. a. An individual licensed under A.R.S. Title 32, Chapter 33, whose scope of practice allows the individual to: i. Independently engage in the practice of behavioral health, as defined in A.R.S. \\'a7 32- 3251; or ii. Except for a licensed substance abuse technician, engage in the practice of behavioral health, as defined in A.R.S. \\'a7 32- 3251, under direct supervision as defined in A.A.C. R4-6-101; b. A psychiatrist as defined in A.R.S. \\'a7 36-501; c. A psychologist as defined in A.R.S. \\'a7 32-2061; d. A physician; e. A behavior analyst as defined in A.R.S. \\'a7 32- 2091; or f. A registered nurse practitioner licensed as an adult psychiatric and mental health nurse; or g. A registered nurse with: i. A psychiatric-mental health nursing certification, or ii. One year of experience providing behavioral health services.\" 2. A request for the facility's Behavioral Health Professional personnel file revealed a contract with \"Core Counseling & Consulting Llc.\" The personnel record identified E7 as the facility's Behavioral Health Professional. A review of E7's record revealed a Master of Science Degree in Human Services. No additional licensing documentation was provided for review. 3. In a phone interview, E1 acknowledged the contract provided to the Department revealed a company Core Counseling & Consulting and did not identify a Behavioral Health Professional. E1 acknowledged E7 was the facility's Behavioral Health Professional. E1 reported E1 believed E7 met the criteria as a Behavioral Health Professional due to E7 receiving oversight. E1 acknowledged E7's personnel record was the only BHP file available for review. E1 acknowledged the administrator failed to ensure a behavioral health professional (BHP) was present at the behavioral health residential facility or on-call. 4. In an email, E1 reported E8 was contracted with the facility as their Behavioral Health Professional until December 31, 2022. Plan of Correction Name, title and/or Position of the Person Responsible Date temporary correction was implemented Date permanent correction will be complete 2023-03-24 Temporary Solution Permanent Solution Monitoring",
            "findings": ""
        },
        {
            "rule": "A. An administrator shall ensure that a treatment plan is developed and implemented for each resident that: 4. Includes: a. The resident's presenting issue; b. The physical health services or behavioral health services to be provided to the resident; c. The signature of the resident or the resident's representative, and date signed, or documentation of the refusal to sign; d. The date when the resident's treatment plan will be reviewed; e. If a discharge date has been determined, the treatment needed after discharge; and f. The signature of the personnel member who developed the treatment plan and the date signed;",
            "evidence": "Based on record review and interview, the administrator failed to ensure that a resident's treatment plan was developed and implemented for each resident that included the signature of the resident or the resident's representative, and date signed, or documentation of the refusal to sign, the date when the resident's treatment plan will be reviewed, and the signature of the personnel member who developed the treatment plan and the date signed, for two of two residents sampled.",
            "findings": "1. A review of R1's medical record revealed a treatment plan dated January 13, 2023. The treatment plan did not include the signature of the resident or the resident's representative, and date signed, documentation of the refusal to sign, the date when the resident's treatment plan will be reviewed, and the signature of the personnel member who developed the treatment plan and the date signed. 2. A review of R2's medical record revealed a treatment plan dated December 9, 2022. The treatment plan did not include the signature of the resident or the resident's representative, and date signed, documentation of the refusal to sign, the date when the resident's treatment plan will be reviewed, and the signature of the personnel member who developed the treatment plan and the date signed. 3. In an interview, E2 reviewed R1 and R2's treatment plans. E2 acknowledged the identified treatment plans did not include a date the treatment plans would be reviewed, the signature of the resident or the resident's representative and date signed or documentation of the refusal to sign, and the signature of the personnel member who developed the treatment plans. Plan of Correction Name, title and/or Position of the Person Responsible Date temporary correction was implemented Date permanent correction will be complete 2023-04-01 Temporary Solution Permanent Solution Monitoring"
        },
        {
            "rule": "B. If a behavioral health residential facility provides medication administration, an administrator shall ensure that: 3. A medication administered to a resident: a. Is administered in compliance with an order, and",
            "evidence": "Based on documentation review, observation, and interview, an administrator failed to ensure that a medication administered to a resident was administered in compliance with an order. Findings: 1. A review of R1's medical record revealed a medication order for \"Vyvanse 60 mg Take one tablet by mouth daily.\" A review of the February 2023, Medication Administration Record (MAR) revealed \"Vyvanse 70 mg Take one tablet by mouth daily\" The MAR revealed R1 was administered the identified medication on February 1, 2023, through February 13, 2023. 2. The surveyor observed R1's medications to include Vyvanse 70 mg. 3. In an interview, E2 reviewed R1's medical record. E1 acknowledged R1's medical record included a medication order for Vyvanse 60 mg. E2 acknowledged R1's medical record revealed R1 was administered Vyvanse 70 mg on the dates identified. 4. In an interview, E1 reported E1 believed R1's medications were increased with a verbal order. E1 acknowledged R1's medical record revealed a current order for Vyvanse 60 mg. E1 acknowledged R1's medication was not administered in compliance with an order. Plan of Correction Name, title and/or Position of the Person Responsible Date temporary correction was implemented Date permanent correction will be complete 2023-02-14 Temporary Solution Permanent Solution Monitoring",
            "findings": ""
        },
        {
            "rule": "B. Except for an outdoor behavioral health care program provided by a behavioral health residential facility, a registered dietitian or director of food services shall ensure that: 2. A food menu: c. Is conspicuously posted at least one calendar day before the first meal on the food menu will be served,",
            "evidence": "Based on observation, documentation review, and interview, the registered dietitian failed to ensure a food menu was conspicuously posted at least one calendar day before the first meal on the food menu would be served. Findings include: 1. The surveyor observed a food menu posted at the facility with the date of \"week 1.\" 2. In an interview, E2 acknowledged the food menu posted on the facility bulletin board was not current food menu. E1 located the current food menu. E1 acknowledged the food menus were current and prepared however were not conspicuously posted at least one calendar day before the first meal on the food menu would be served. Plan of Correction Name, title and/or Position of the Person Responsible Date temporary correction was implemented Date permanent correction will be complete 2023-02-14 Temporary Solution Permanent Solution Monitoring",
            "findings": ""
        },
        {
            "rule": "B. Except for an outdoor behavioral health care program provided by a behavioral health residential facility, an administrator shall ensure that: 4. A disaster drill for employees is conducted on each shift at least once every three months and documented;",
            "evidence": "Based on documentation review and interview, the administrator failed to ensure a disaster drill for employees was conducted at least once every three months on each shift. Findings include: 1. A request for the facilities disaster drills conducted in the last twelve months revealed no disaster drills were available for review. 2. In an interview, E2 acknowleded no disaster drills were provided to the Department. 3. In a phone interview, E1 reported E1 conducted a disaster drill however the documentation was not available for review. E1 acknowledged the disaster drills were not conducted on each shift at least every three months and documented. Plan of Correction Name, title and/or Position of the Person Responsible Date temporary correction was implemented Date permanent correction will be complete 2023-03-12 Temporary Solution Permanent Solution Monitoring",
            "findings": ""
        },
        {
            "rule": "B. Except for an outdoor behavioral health care",
            "evidence": "Based on documentation review and interview, program provided by a behavioral health residential facility, an administrator shall ensure that: 5. An evacuation drill for employees and residents on the premises is conducted at least once every six months on each shift; the administrator failed to ensure an evacuation drill for employees and residents on the premises was conducted on each shift at least every six months and documented.",
            "findings": "1. A review of documentation of the facility's evacuation drills conducted during the past 12 months revealed no drills available for review. 2. In an interview. E2 reported no evacuation drills were available for review. 3. In a phone interview, E1 reported the facility received their first resident in June 2022. E1 acknowledged the evacuation drills were not conducted on each shift at least every six months and documented. Plan of Correction Name, title and/or Position of the Person Responsible Date temporary correction was implemented Date permanent correction will be complete 2023-03-15 Temporary Solution Permanent Solution Monitoring"
        },
        {
            "rule": "A. Except for an outdoor behavioral health care program provided by a behavioral health residential facility, an administrator shall ensure that: 6. Garbage and refuse are: a. Stored in covered containers lined with plastic bags, and",
            "evidence": "Based on observation, documentation review, and interview, the administrator failed to ensure garbage and refuse were stored in covered containers lined with plastic bags.",
            "findings": "1. The surveyor observed two garbage and refuse containers with food and paper products. The garbage containers were located in a resident bedroom bathroom and a resident shared bathroom. The garbage and refuse were stored uncovered. 2. In an interview, E2 acknowledged two of the facility's garbage containers were stored with no covers. E2 acknowledged the administrator failed to ensure garbage and refuse were stored in covered containers lined with plastic bags. Plan of Correction Name, title and/or Position of the Person Responsible Date temporary correction was implemented Date permanent correction will be complete 2023-04-21 Temporary Solution Permanent Solution Monitoring"
        },
        {
            "rule": "B. An administrator shall ensure that: 6. If a resident bathroom door locks from the inside, an employee has a key and access to the bathroom;",
            "evidence": "Based on observation and interview, the administrator failed to ensure an employee had a key and access to a bathroom with a door capable of being locked from the inside.",
            "findings": "1. The surveyor observed a resident bathroom that contained a door lockable from the inside. 2. The surveyor requested E2 to demonstrate the bathroom doors could be unlocked. E2 was unable to demonstrate the bathroom doors could be unlocked. E2 acknowledged E2 could not gain access to the bathrooms containing doors lockable from the inside. Plan of Correction Name, title and/or Position of the Person Responsible Date temporary correction was implemented Date permanent correction will be complete 2023-02-13 Temporary Solution Permanent Solution Monitoring"
        }
    ]
}