{
    "legal_name": "PTL BEHAVIORAL HEALTH, LLC",
    "facility_status": "Active",
    "address": "10839 East Sonrisa Avenue, Mesa, AZ 85212",
    "license_status": "Active",
    "phone": "4804856075",
    "license_number": "BH8503",
    "max_licensed_capacity": "9",
    "license_effective_date": "7/26/2025",
    "chief_administrative_officer": "PHILOMINA A LAUDER",
    "license_expires_date": "7/25/2026",
    "owner_licensee": "PTL BEHAVIORAL HEALTH, LLC",
    "inspection_number": "INSP-0082852",
    "inspection_date": "6/25/2024",
    "inspection_type": "Compliance (Annual)",
    "certificate_number": "Initial Comments",
    "deficiencies": [
        {
            "rule": "A.R.S. \u00a7 36-424. Inspections; suspension or revocation of license; report to board of examiners of nursing care institution administrators and assisted living facility managers C. On a determination by the director that there is reasonable cause to believe a health care institution is not adhering to the licensing requirements of this chapter, the director and any duly designated employee or agent of the director, including county health representatives and county or municipal fire inspectors, consistent with standard medical practices, may enter on and into the premises of any health care institution that is licensed or required to be licensed pursuant to this chapter at any reasonable time for the purpose of determining the state of compliance with this chapter, the rules adopted pursuant to this chapter and local fire ordinances or rules. Any application for licensure under this chapter constitutes permission for and complete acquiescence in any entry or inspection of the premises during the pendency of the application and, if licensed, during the term of the license. If an inspection reveals that the health care institution is not adhering to the licensing requirements established pursuant to this chapter, the director may take action authorized by this chapter. Any health care institution, including an accredited hospital, whose license has been suspended or revoked in accordance with this section is subject to inspection on application for relicensure or reinstatement of license.",
            "evidence": "Based on documentation review, observation and interview, the licensee failed to provide complete acquiescence in any entry or inspection of the premises during the term of the license. The deficient practice posed a health and safety risk as the Department was unable to determine substantial compliance.",
            "findings": "1. A review of Department documentation revealed the facility's perpetual license was effective on July 26, 2023. 2. The Compliance Officers arrived at the facility on June 25, 2024, at 9:45 a.m. to conduct a compliance inspection. The Compliance Officer rang the doorbell and knocked on the front door, however, there was no response. The Compliance Officer attempted to contact the facility by telephone at 9:50 am. There were no answers to the facility contact telephone numbers with a message left providing the Compliance Officers cell phone contact number. An email was sent by the Department at 9:56 a.m. identifying the Departments attempt to contact the facility to conduct an inspection and requesting an immediate returned response to the Compliance Officer. 3. The department received a phone call from E1 at 10:05 am asking to speak with the Compliance Officer. The Compliance Officer returned the call with E1 reporting E1 No one would be able to come to facility as E1 was about 45 minutes away and was sick and the designee was at home with a sick child. However, the facility does not currently have residents living on site. E1 acknowledged the administrator failed to provide complete acquiescence in any entry or inspection of the premises during the term of the license. Plan of Correction Name, title and/or Position of the Person Responsible Date temporary correction was implemented Date permanent correction will be complete Temporary Solution Permanent Solution Monitoring"
        }
    ]
}