{
    "legal_name": "PTL BEHAVIORAL HEALTH, LLC",
    "facility_status": "Active",
    "address": "10839 East Sonrisa Avenue, Mesa, AZ 85212",
    "license_status": "Active",
    "phone": "4804856075",
    "license_number": "BH8503",
    "max_licensed_capacity": "9",
    "license_effective_date": "7/26/2025",
    "chief_administrative_officer": "PHILOMINA A LAUDER",
    "license_expires_date": "7/25/2026",
    "owner_licensee": "PTL BEHAVIORAL HEALTH, LLC",
    "inspection_number": "INSP-0107939",
    "inspection_date": "3/25/2025",
    "inspection_type": "Complaint;Compliance (Annual)",
    "certificate_number": "BH8503",
    "deficiencies": "no deficiencies"
}