{
    "legal_name": "R M B H S PLATA HOUSE",
    "facility_status": "Active",
    "address": "7956 East Plata Avenue, Mesa, AZ 85212",
    "license_status": "Active",
    "phone": "4806419552",
    "license_number": "BH3640",
    "max_licensed_capacity": "10",
    "license_effective_date": "12/1/2024",
    "chief_administrative_officer": "MOSHE LOBI",
    "license_expires_date": "11/30/2025",
    "owner_licensee": "RED MOUNTAIN BEHAVIORAL HEALTH SERVICES LLC",
    "inspection_number": "INSP-0099850",
    "inspection_date": "3/5/2025",
    "inspection_type": "Complaint;Compliance (Annual)",
    "certificate_number": "BH3640",
    "deficiencies": [
        {
            "rule": "R9-10-113.A.1-2. Tuberculosis Screening A. If a health care institution is subject to the requirements of this Section, as specified in an Article in this Chapter, the health care institution's chief administrative officer shall ensure that the health care institution establishes, documents, and implements tuberculosis infection control activities that: 1. Are consistent with recommendations in Tuberculosis Screening, Testing, and Treatment of U.S. Health Care Personnel: Recommendations from the National Tuberculosis Controllers Association and CDC, 2019, published by the U.S. Department of Health and Human Services, Atlanta, GA 30333, available at https://www.cdc.gov/mmwr/volumes/68/wr/m m6819a3.htm, incorporated by reference, on file with the Department, and including no future editions or amendments; and 2. Include: a. For each individual who is employed by the health care institution, provides volunteer services for the health care institution, or is admitted to the health care institution and who is subject to the requirements of this Section, screening, on or before the date specified in the applicable Article of this Chapter, that consists of: i. Assessing risks of prior exposure to infectious tuberculosis, ii. Determining if the individual has signs or symptoms of tuberculosis, and",
            "evidence": "Based on record review, documentation review, and interview, the health care institution's chief administrative officer failed to implement tuberculosis (TB) infection control activities which included annual training and education related to recognizing the signs and symptoms of TB to individuals employed by the health care institution, for three of ten personnel records sampled. The deficient practice posed a potential TB exposure risk to residents.",
            "findings": "1. A review of E1's, E3's, and E4's personnel records revealed annual training and education related to recognizing the signs and symptoms of TB were not available for review. 2. A review of facility policies and procedures revealed a policy titled \"In-Service Education Plan\" (dated on April 1, 2024). The procedure stated, \"This policy applies to all staff providing direct client care for RMBHS... RMBHS staff are required to complete the following in- service education annually: Infection Prevention and Communicable Diseases training (TB education)...\" iii. Obtaining documentation of the individual's freedom from infectious tuberculosis according to subsection (B)(1); b. If an individual may have a latent tuberculosis infection, as defined in A.A.C. R9-6-1201: i. Referring the individual for assessment or treatment; and ii. Annually obtaining documentation of the individual's freedom from symptoms of infectious tuberculosis, signed by a medical practitioner, occupation health provider, as defined in A.A.C. R9-6-801, or local health agency, as defined in A.A.C. R9-6-101; c. Annually providing training and education related to recognizing the signs and symptoms of tuberculosis to individuals employed by or providing volunteer services for the health care institution; d. Annually assessing the health care institution's risk of exposure to infectious tuberculosis; e. Reporting, as specified in A.A.C. R9-6-202, an individual who is suspected of exposure to infectious tuberculosis; and f. If an exposure to infectious tuberculosis occurs in the health care institution, coordinating and sharing information with the local health agency, as defined in A.A.C. R9-6-101, for identifying, locating, and investigating contacts, as defined in A.A.C. R9-6-101. 3. In an interview, O2 reported personnel members who provided direct client care for the facility were required to have annual training on TB education which was electronically completed through Relias. 4. In an exit interview, E1, O1, and O3 reviewed the findings and no additional documentation was provided."
        },
        {
            "rule": "R9-10-707.A.6. Admission; Assessment A. An administrator shall ensure that: 6. Except as provided in subsection (E)(1)(a), a medical practitioner performs a medical history and physical examination or a registered nurse performs a nursing assessment on a resident within 30 calendar days before admission or within 72 hours after admission and documents the medical history and physical examination or nursing assessment in the resident's medical record within 72 hours after admission;",
            "evidence": "Based on record review, documentation review, and interview, the administrator failed to ensure a medical practitioner performed a medical history and physical examination or a registered nurse performed a nursing assessment on a resident within 30 calendar days before admission or within 72 hours after admission and documented the medical history and physical examination or nursing assessment in the resident's medical record within 72 hours after admission, for five of five residents sampled. The deficient practice posed a risk of not meeting a resident's needs if no medical history and physical examination were completed to assess a resident's needs prior to treatment.",
            "findings": "1. A review of R1's medical record (admitted in 2022) revealed a behavioral health assessment and a treatment plan (dated in December 2022). However, R1's medical record did not contain a medical history and physical examination or nursing assessment. 2. A review of R2's medical record (admitted in 2024) revealed a behavioral health assessment and a treatment plan. However, R2's medical record did not contain a medical history and physical examination or nursing assessment. 3. A review of R3's medical record (admitted in 2023) revealed a behavioral health assessment and a treatment plan. However, R3's medical record did not contain a medical history and physical examination or nursing assessment. 4. A review of R4's medical record (admitted in 2024) revealed a behavioral health assessment and a treatment plan. However, R4's medical record did not contain a medical history and physical examination or nursing assessment. 5. A review of R5's medical record (admitted in 2024) revealed a behavioral health assessment and a treatment plan. However, R5's medical record did not contain a medical history and physical examination or nursing assessment. 6. A review of R1's, R2's, R3's, R4's, and R5's medical records revealed each resident was admitted or expected to be admitted to the facility for more than 10 days in a 90- consecutive-day period. 7. In an interview, E1 reported the facility did not require residents to have a medical practitioner complete a medical history and physical examination or a registered nurse perform a nursing assessment because residents received less than 72 hours per week of services from the facility. 8. In an exit interview, E1, O1, and O3 reviewed the findings and no additional documentation was provided."
        },
        {
            "rule": "R9-10-718.C.6.a. Medication Services C. If a behavioral health residential facility provides assistance in the self-administration of medication, an administrator shall ensure that: 6. Assistance in the self-administration of medication provided to a resident: a. Is in compliance with an order, and",
            "evidence": "Based on record review, documentation review, and interview, the administrator failed to ensure assistance in the self-administration of medication provided to a resident was in compliance with an order. The deficient practice posed a risk if the resident experienced a change in condition due to improper assistance in the self-administration of medication.",
            "findings": "1. A review of the facility's policies and procedures revealed a policy titled \"In-Service Education Plan\" (dated April 1, 2024). The procedure stated, \"Direct care staff who will be providing assistance in the self-administration of medication will complete a training annually.\" 2. A review of E8's personnel record (hired in June 2023) revealed a document titled \"Subject: Separation of Employment\" (dated in July 2024). The document stated, \"To [E8], This letter serves to confirm that [E8's] employment with RMBHS ended as of [July 2024]. The reason for this separation is termination. This job requires competency in the self- administration of medication. Reasons: [E8] has received a total of 3 self-administering medication errors and one oversight medication error within the last year. [E8] has received an accumulated total of 9 weeks of oversight due to [E8's] medication errors within the last year. [E8] has received a total of 4 medication refreshers within the last year due to [E8's] medication errors. Medication Error on [July 2024]... [E8] acknowledged the error, however, was unaware the error existed until a manager reviewed the medication log on Sunday [July 2024]. [E8] did set alarms for specific medications for the weekend; However, due to this medication not being time specific no alarm was created by [E8]. [E8's] feedback was acknowledged that [E8] did miss the dose and had no reconciliation of self- administering medication on [July 2024].\" 3. A review of R2's medical record (admitted in 2024) revealed a behavioral health assessment which stated \"MEDICAL HISTORY: Guardian reports that [R2] has epilepsy and is on medication for maintenance. Last seizure was April 2023... MEDICATIONS (CURRENT & PAST): [R2] is currently prescribed Zonisamide 150mg, Lithium carbonate 300mg. Propranolol 10mg, Mirtazapine 7.5, Mirtazapine 15mg, Seroquel 100mg, Trazodone 100mg. Quetiapine 400mg, and Melatonin 5mg... TREATMENT RECOMMENDATIONS: ...[R2] will receive supervision during self- administration of medication while in care.\" 4. A review of R2's medical record revealed a medication administration record (MAR) dated in May 2024. The MAR stated \"Medication Name: Propranolol... Dosage: 10mg... Directions/Route/Frequency: Take 1 tablet by mouth twice daily for anxiety... Starting Amount: 5 tab... Staff 1 [Initials of E7]... Date: [May 2024 - first day]... Time: 2041... Dose: 1... Staff 1 [Initials of E7]... Date: [May 2024 - second day]... Time: 2056... Dose: 1.... Staff 1 [Initials of E7]... Date: [May 2024]... Time: 0857... Dose: 1... Staff 1 [Initials of E7]... Remaining Amount: 2 tab...\" and the printed name and signature of E7 for the weekend in May 2024 in which R2 took the medications. 5. A review of facility documentation revealed a document titled \"Arizona Health Care Cost Containment System... INCIDENT, ACCIDENT OR DEATH REPORT\" (IAD) dated in May 2024. The IAD stated, \"It was discovered by staff during supervision of self-administration of medication on Sunday [May 2024] at 10am, that [R2's] prescribed morning dose of Propranolol 10mg had been missed the previous day [May 2024]. Staff called poison control at 10:40am to obtain guidance on how to proceed following missed medication dosage. Poison control advised that [R2] should resume with scheduled evening dosage as prescribed on [March 2024]. Staff contacted clients [sic] guardian, who agreed with Poison Controls [sic] directive to resume medication that evening. Staff attempted to outreach [sic] the prescribing physician at 10:45am to inform of missed dosage but was unable to make contact or leave a message at the time... INCIDENT TYPE: Safety/Risk Management... WITNESSES... [E7 and E4]... ACTION TAKEN AND/OR RECOMMENDED... Staff contacted management to notify of missed medication dosage at 10:30am. Following coordination with poison control, staff contacted the member's guardian to inform of missed dosage and discuss recommendations made by poison control. Guardian expressed agreement with poison control's recommendation to continue with [R2] self-administering medication at that [sic] the next scheduled dose. Actions to be taken to reduce risk of similar errors in the future will be for staff member responsible... CLINICAL DIRECTOR REVIEW... Staff informed manager upon recognition of medication error, Manager followed RMBHS Policy and Procedures by contacting program director, poison control, guardian, prescribing physician, and case manager. Staff member, [E4], will receive 1:1 clinical oversight from quality and compliance manager, during which incident processing form will be discussed and completed as well as a refresher training of RMBHS' medication policy and procedures prior to the start of the staff member's next shift with clients. Additionally, the staff member will receive managerial oversight during supervision of self-administration of medication for their next 2 shifts with clients to ensure understanding of and adherence to policy and procedures...\" 6. A review of facility documentation revealed a document titled \"Arizona Health Care Cost Containment System... INCIDENT, ACCIDENT OR DEATH REPORT\" dated in May 2024. The IAD stated, \"Medication: Guanfacine 1 mg - Take one tablet by mouth 2 times a day at noon and after school for impulsivity... [May 2024], at 3:38 pm [R6] self-administered [R6's] after school dose of guanfacine led by [E8]. At this time, Staff observed that the noon dosage was missed and contacted Weekend Manager [E10] and was instructed to contact poison control. Staff reached poison control at 4pm and spoke to [poison control representative] who reassured them that misses [sic] doses were common and advised to continue with normal dosing the following day at noon. Staff updated the Manager and was advised to contact the client's guardian. At 4:39 pm staff [sic] to [R6's guardian] and informed [R6's guardian] of the directions given by poison control. Guardian expressed no concerns at this time. Management then contacted Case Manager and informed them at 5:29pm. Management outreached to prescribing physician but was unable to make contact on [May 2024]. Further follow up with prescribing physician will occur on [May 2024]... INCIDENT TYPE: Safety/Risk Management... WITNESSES... [E8 and E4]... ACTION TAKEN AND/OR RECOMMENDED... Staff followed policies and procedures by contacting manager, poison control, guardian, prescribing physician, and case manager. Actions to be taken to reduce risk of similar errors in the future will be for staff member responsible to receive 1:1 oversight prior to next shift, during which an incident processing form will be discussed and completed as well as a refresher training of RMBHS' medication policy and procedures prior to the start of the staff member's next shift with clients. Additionally, the staff member will receive managerial oversight during supervision of self-administration of medication for their next 2 shifts with clients to ensure understanding and future adherence to policy and procedures... CLINICAL DIRECTOR REVIEW... Staff followed policies and procedures by informing manager upon recognition of medication error. Manager followed RMBHS Policy and Procedures by contacting program director, poison control, guardian, prescribing physician, and case manager. Staff member, [E8], will receive 1:1 clinical oversight during which incident processing form will be discussed and completed as well as a refresher training of RMBHS' medication policy and procedures prior to the start of the staff member's next shift with clients. Additionally, the staff member will receive managerial oversight during supervision of self- administration of medication for their next 2 shifts with clients to ensure understanding of and adherence to policy and procedures. Staff, [E8], will be put on a performance improvement plan indicating expectations.\" 7. In an exit interview, E1, O1, and O3 reviewed the findings and no additional documentation was provided."
        }
    ]
}