{
    "legal_name": "R M B H S COGDELL HOUSE",
    "facility_status": "Active",
    "address": "6661 East Hermosa Vista Drive, Mesa, AZ 85215",
    "license_status": "Active",
    "phone": "4806419552",
    "license_number": "BH3633",
    "max_licensed_capacity": "8",
    "license_effective_date": "12/1/2024",
    "chief_administrative_officer": "DEBORAH L WOODARD",
    "license_expires_date": "11/30/2025",
    "owner_licensee": "RED MOUNTAIN BEHAVIORAL HEALTH SERVICES LLC",
    "inspection_number": "INSP-0083240",
    "inspection_date": "1/28/2025",
    "inspection_type": "Complaint",
    "certificate_number": "Initial Comments",
    "deficiencies": [
        {
            "rule": "B. An administrator shall ensure that: 3. Sufficient personnel members are present on a behavioral health residential facility's premises with the qualifications, experience, skills, and knowledge necessary to: c. Ensure the health and safety of a resident.",
            "evidence": "Based on documentation review, record review, and interview, the administrator failed to ensure sufficient personnel members were present on a behavioral health residential facility's premises with the qualifications, experience, skills, and knowledge necessary to ensure the health and safety of a resident. The deficient practice posed a risk as R1 and R2 left the facility without continuous protective oversight as E6 was the only personnel member working, and if E6 was unable to meet a resident's needs during an emergency or during an accident.",
            "findings": "1. A review of Department documentation revealed BH3633 was licensed to provide behavioral health services to individuals whose behavioral health issue limits the individuals' ability to function independently (individuals under 18 years of age). 2. A review of facility documentation revealed a policy and procedure titled \"Staff Coverage, Continuous Protective Oversight\" (dated December 2, 2024). The policy and procedure stated \" ... 1. Staff Presence: The Administrator will ensure that staff members are present and available to monitor and support residents. This includes having sufficient staff on duty 24/7 to provide immediate assistance if needed.\" 3. A review of facility documentation revealed a document titled \"Incident Report\" (dated January 20, 2025). The document stated \" ... Staff/Witness Name(s)/ and Contact Info: [E6] ... At approximately eight pm [R1] from the Hermosa Vista facility while the staff members was de- escalating a patient (unknown). The staff member stepped outside to check and ensure the patient (R1) wasn't visible once this was clarified the police was called.\" 4. A review of facility documentation revealed a document titled \"Incident Report\" (dated January 20, 2025). The document stated \" ... At approximately eight PM, [R2] Awol from the Hermosa Vista RTC while the staff member was de-escalating another patient [unknown]. The staff member walked outside to visibly check and ensure the patient (R2)could not be seen before the police were called ... once back in the care of Hermosa Vista, the patient (unknown) remained stable for the rest of the shift.\" 5. In an interview, E1 reported E6 was the only personnel member present during the aforementioned incident. 6. In an interview, E1 reported E6 was considered a house program manager/behavioral health technician. 7. In a joint exit interview, the findings were reviewed with E1, E2, and E3 and no additional comments, statements, or documentation were provided regarding the findings. Plan of Correction Name, title and/or Position of the Person Responsible Date temporary correction was implemented Date permanent correction will be complete Temporary Solution Permanent Solution Monitoring"
        },
        {
            "rule": "G. An administrator shall ensure that a personnel record is maintained for each personnel member, employee, volunteer, or student that includes: 3. Documentation of: a. The individual's qualifications, including skills and knowledge applicable to the individual's job duties;",
            "evidence": "Based on documentation review, record review, and interview, the administrator failed to ensure a personnel record was maintained for each personnel member to include documentation of the individual's skills and knowledge, for two of three personnel members sampled. The deficient practice posed a risk if E4 and E6 were unable to meet a resident's needs.",
            "findings": "1. A review of facility documentation revealed a policy and procedure titled \"Orientation\" (dated November 30, 2024). The policy and procedure stated \" ... A personnel member's skills and knowledge are verified by the hiring manager in a programmatic or clinical managerial role and documented according to policies and procedures.\" 2. A review of E4's (hired in 2025) personnel record revealed E4 was hired as a behavioral health technician (BHT). However, documentation to demonstrate E4's skills and knowledge were verified and documented was not available for review. 3. In an interview, E3 reported E4's skills and knowledge were verified and documented, however, this documentation was not available for review. E3 reported E6 had this documentation. 4. A review of E6's (hired in 2024) personnel record revealed E6 was hired as an \"RTC Manager.\" However, documentation to demonstrate E6's skills and knowledge were verified and documented was not available for review. 5. In an interview, E1 reported E6 was considered a house program manager/behavioral health technician. 6. In an interview, E3 reported E6 was no longer employed with BH3633. 7. In an interview, E3 reported E6's skills and knowledge were verified and documented, however, this documentation was not available for review. 8. In a joint exit interview, the findings were reviewed with E1, E2, and E3 and no additional comments, statements, or documentation were provided regarding the findings. Plan of Correction Name, title and/or Position of the Person Responsible Date temporary correction was implemented Date permanent correction will be complete Temporary Solution Permanent Solution Monitoring"
        },
        {
            "rule": "G. An administrator shall ensure that a personnel record is maintained for each personnel member, employee, volunteer, or",
            "evidence": "Based on documentation review, record review, and interview, the administrator failed to ensure a personnel record was maintained student that includes: 3. Documentation of: c. The individual's completed orientation and in- service education as required by policies and procedures; for each personnel member to include documentation of the individual's completed orientation as required by policies and procedures, for two of three personnel members sampled. The deficient practice posed a risk if E4 and E6 were unable to meet a resident's needs.",
            "findings": "1. A review of facility documentation revealed a policy and procedure titled \"Orientation\" (dated November 30, 2024). The policy and procedure stated \" ... 1. EmotiCare will ensure that all new employees attend a new-hire orientation.\" 2. A review of E4's (hired in 2025) personnel record revealed E4 was hired as a behavioral health technician (BHT). However, documentation of completed orientation was not available for review. 3. In an interview, E3 reported E4 completed orientation however, this documentation was not available for review. 4. A review of E6's (hired in 2024) personnel record revealed E6 was hired as an \"RTC Manager.\" However, documentation of completed orientation was not available for review. 5. In an interview, E1 reported E6 was considered a house program manager/behavioral health technician. 6. In an interview, E3 reported E6 was no longer employed with BH3633. 7. In an interview, E3 reported E6 completed orientation, however, this documentation was not available for review. 8. In a joint exit interview, the findings were reviewed with E1, E2, and E3 and no additional comments, statements, or documentation were provided regarding the findings. Plan of Correction Name, title and/or Position of the Person Responsible Date temporary correction was implemented Date permanent correction will be complete Temporary Solution Permanent Solution Monitoring"
        },
        {
            "rule": "G. An administrator shall ensure that a personnel record is maintained for each personnel member, employee, volunteer, or student that includes: 3. Documentation of: h. Cardiopulmonary resuscitation training, if required for the individual according to R9-10- 703(C)(1)(e); i. First aid training, if required for the individual according to this Article or policies and procedures; and",
            "evidence": "Based on documentation review, record review, and interview, the administrator failed to ensure a personnel record was maintained for each personnel member to include documentation of cardiopulmonary resuscitation (CPR) training, and first aid training, for two of three personnel members sampled. The deficient practice posed a risk if E4 and E6 were unable to meet a resident's needs during an accident or emergency.",
            "findings": "1. A review of facility documentation revealed a policy and procedure titled \"Staff Coverage, Continuous Protective Oversight\" (dated December 2, 2024). The policy and procedure stated \" ... 5. At least one staff member who is certified in CPR and First Aid will be present in the facility at all times when clients are present.\" 2. A review of E4's (hired in 2025) personnel record revealed E5 was hired as a behavioral health technician (BHT). However, documentation of CPR training and first aid training was not available for review. 3. In an interview, E3 reported E4 took a CPR and first aid class on Thursday, January 23, 2025, however, this documentation was not available for review. E3 reported the first aid instructor was no longer employed with the company. 4. A review of E6's (hired in 2024) personnel record revealed E6 was hired as an \"RTC Manager.\" However, E6's personnel record revealed documentation of first aid training was not available for review. 5. In an interview, E1 reported E6 was considered a house program manager/behavioral health technician. 6. In an interview, E3 reported E6 took a first aid class on Thursday, January 23, 2025, however, this documentation was not available for review. E3 reported the first aid instructor was no longer employed with the company. E3 reported E6 was no longer employed with BH3633. 7. In an interview, E1 reported E1 was working with upper management to obtain E4's documentation of CPR training and first aid training. 8. In a joint exit interview, the findings were reviewed with E1, E2, and E3 and no additional comments, statements, or documentation were provided regarding the findings. Plan of Correction Name, title and/or Position of the Person Responsible Temporary Solution Permanent Solution Date temporary correction was implemented Date permanent correction will be complete Monitoring"
        },
        {
            "rule": "A. An administrator shall ensure that: 2. If a behavioral health residential facility is licensed to provide behavioral health services to individuals whose behavioral health issue limits the individuals' ability to function independently, a resident admitted to the behavioral health residential facility with limited ability to function independently receives: b. Continuous protective oversight;",
            "evidence": "Based on documentation review, record review, and interview, the administrator failed to ensure, a behavioral health residential facility licensed to provide behavioral health services to individuals whose behavioral health issue limits the individuals' ability to function independently, a resident admitted to the behavioral health residential facility with limited ability to function independently received continuous protective oversight. The deficient practice posed a risk as R1 and R2 left the facility without continuous protective oversight.",
            "findings": "1. A review of Department documentation revealed BH3633 was licensed to provide behavioral health services to individuals whose behavioral health issue limits the individuals' ability to function independently (individuals under 18 years of age). 2. A review of facility documentation revealed a policy and procedure titled \"Staff Coverage, Continuous Protective Oversight\" (dated December 2, 2024). The policy and procedure stated \" ... 1. Staff Presence: The Administrator will ensure that staff members are present and available to monitor and support residents. This includes having sufficient staff on duty 24/7 to provide immediate assistance if needed.\" 3. A review of facility documentation revealed a document titled \"Incident Report\" (dated January 20, 2025). The document stated \" ... Staff/Witness Name(s)/ and Contact Info: [E6] ... At approximately eight pm [R1] from the Hermosa Vista facility while the staff members was de- escalating a patient (unknown). The staff member stepped outside to check and ensure the patient (R1) wasn't visible once this was clarified the police was called.\" 4. A review of facility documentation revealed a document titled \"Incident Report\" (dated January 20, 2025). The document stated \" ... At approximately eight PM, [R2] Awol from the Hermosa Vista RTC while the staff member was de-escalating another patient [unknown]. The staff member walked outside to visibly check and ensure the patient (R2)could not be seen before the police were called ... once back in the care of Hermosa Vista, the patient (unknown) remained stable for the rest of the shift.\" 5. In an interview, E1 reported R1 went to the nearby grocery store where R1 was found by the police. 6. In an interview, E1 reported E6 was the only personnel member present during the aforementioned incident. 7. In a joint exit interview, the findings were reviewed with E1, E2, and E3 and no additional comments or statements were provided regarding the findings. Plan of Correction Name, title and/or Position of the Person Responsible Date temporary correction was implemented Date permanent correction will be complete Temporary Solution Permanent Solution Monitoring"
        }
    ]
}