{
    "legal_name": "R M B H S LAKEVIEW HOUSE",
    "facility_status": "Active",
    "address": "7005 East Lakeview Avenue, Mesa, AZ 85209",
    "license_status": "Active",
    "phone": "4806419552",
    "license_number": "BH3637",
    "max_licensed_capacity": "7",
    "license_effective_date": "12/1/2024",
    "chief_administrative_officer": "MOSHE LOBL",
    "license_expires_date": "11/30/2025",
    "owner_licensee": "RED MOUNTAIN BEHAVIORAL HEALTH SERVICES LLC",
    "inspection_number": "INSP-0083243",
    "inspection_date": "2/14/2023",
    "inspection_type": "Compliance (Annual)",
    "certificate_number": "Initial Comments",
    "deficiencies": [
        {
            "rule": "B. An administrator shall ensure that: 1. A behavioral health residential facility has a: a. Room that provides privacy for a resident to receive treatment or visitors; and",
            "evidence": "Based on observation and interview, the administrator failed to ensure the behavioral health residential facility had a room to provide privacy for a resident to receive treatment or visitors. The deficient practice posed a risk if the administrator was unable to ensure confidentiality in treatment as well as a resident's right to privacy in treatment and visitation.",
            "findings": "R9-10-722.B.8.a. An administrator shall ensure that a resident bedroom complies with the following: Is not used as a common area. R9-10-101.52.a. \"Common area\" means licensed space in health care institution that is: Not a resident's bedroom or a residential unit. 1. The Compliance Officer observed the facility did not have a room to provide privacy for a resident to receive treatment or visitors. 2. In an interview, E1 acknowledged the facility did not have a privacy room for a resident to receive treatment or visitors. Plan of Correction Name, title and/or Position of the Person Responsible Date temporary correction was implemented Date permanent correction will be complete 2023-03-30 Temporary Solution Permanent Solution Monitoring"
        }
    ]
}