{
    "legal_name": "R M B H S LAKEVIEW HOUSE",
    "facility_status": "Active",
    "address": "7005 East Lakeview Avenue, Mesa, AZ 85209",
    "license_status": "Active",
    "phone": "4806419552",
    "license_number": "BH3637",
    "max_licensed_capacity": "7",
    "license_effective_date": "12/1/2024",
    "chief_administrative_officer": "MOSHE LOBL",
    "license_expires_date": "11/30/2025",
    "owner_licensee": "RED MOUNTAIN BEHAVIORAL HEALTH SERVICES LLC",
    "inspection_number": "INSP-0083245",
    "inspection_date": "6/13/2023",
    "inspection_type": "Change of Service",
    "certificate_number": "Initial Comments",
    "deficiencies": "no deficiencies"
}