{
    "legal_name": "R M B H S COGDELL HOUSE",
    "facility_status": "Active",
    "address": "6661 East Hermosa Vista Drive, Mesa, AZ 85215",
    "license_status": "Active",
    "phone": "4806419552",
    "license_number": "BH3633",
    "max_licensed_capacity": "8",
    "license_effective_date": "12/1/2024",
    "chief_administrative_officer": "DEBORAH L WOODARD",
    "license_expires_date": "11/30/2025",
    "owner_licensee": "RED MOUNTAIN BEHAVIORAL HEALTH SERVICES LLC",
    "inspection_number": "INSP-0083237",
    "inspection_date": "10/4/2023",
    "inspection_type": "Compliance (Annual)",
    "certificate_number": "Initial Comments",
    "deficiencies": [
        {
            "rule": "G. An administrator shall ensure that a personnel record is maintained for each personnel member, employee, volunteer, or student that includes: 3. Documentation of: e. The individual's compliance with requirements in A.R.S. \u00a7\u00a7 36-411, 36-411.01, and 36-425.03, as applicable;",
            "evidence": "Based on record review and interview, the administrator failed to ensure a personnel record was maintained to include documentation of A.R.S. \\'a7 36-411(C)(1)(2), for two of two behavioral health technicians sampled.",
            "findings": "A.R.S. \\'a7 36- 411(C)(1)(2) Owners shall make documented, good faith efforts to: 1. Contact previous employers to obtain information or recommendations that may be relevant to a person's fitness to work in a residential care institution, nursing care institution or home health agency; 2. Verify the current status of a person's fingerprint clearance card. 1. A review of E3's personnel record revealed a valid fingerprint clearance card. However, documentation of compliance with A.R.S. \\'a7 36-411(C)(1)(2) was not available for review. 2. A review of E4's personnel record revealed a valid fingerprint clearance card. However, documentation of compliance with A.R.S. \\'a7 36-411(C)(1)(2) was not available for review. 3. In a joint interview, E1 and E2 acknowledged E3's and E4's personnel records did not include documentation of compliance with A.R.S. \\'a7 36-411(C)(1)(2). Plan of Correction Name, title and/or Position of the Person Responsible Temporary Solution Permanent Solution Date temporary correction was implemented Date permanent correction will be complete 2023-10-04 Monitoring"
        },
        {
            "rule": "B. An administrator shall ensure that counseling is: 1. Offered as described in the behavioral health residential facility's scope of services,",
            "evidence": "Based on documentation review, record review, and interview, the administrator failed to counseling was offered as described in the behavioral health residential facility's scope of services, for two of two residents sampled. The deficient practice posed a risk as a behavioral health service listed in the behavioral health residential facility's scope of services was not provided on the premises.",
            "findings": "R9-10-101(36) \"Behavioral health residential facility\" means a health care institution that provides treatment to an individual experiencing a behavioral health issue that: a. Limits the individual's ability to be independent, or b. Causes the individual to require treatment to maintain or enhance independence. R9-10-101(238) \"Treatment\" means a procedure or method to cure, improve, or palliate an individual's medical condition or behavioral health issue. R9-10- 101 (29) \"Behavioral health issue\" means an individual's condition related to a mental disorder, a personality disorder, substance abuse, or a significant psychological or behavioral response to an identifiable stressor or stressors. R9-10-101(200) \"Respite services\" means respite care services provided to an individual who is receiving behavioral health services. A.R.S. 36-401(A)(11) \"Behavioral health services\" means services that pertain to mental health and substance use disorders and that are either (a) Performed by or under the supervision of a professional who is licensed pursuant to title 32 and whose scope of practice allows the professional to provide these services. (b) Performed on behalf of patients by behavioral health staff as prescribed by rule. ARS \\'a7 36-401(A)(45) \"Respite care services\" means services that are provided by a licensed health care institution to persons who are otherwise cared for in foster homes and in private homes to provide an interval of rest or relief of not more than thirty days to operators of foster homes or to family members. 1. A review of facility documentation revealed the facility's scope of services (dated April 1, 2023) stated: \"Behavioral Health Services: -Are provided to clients with similar treatment needs, diagnoses, developmental levels, verbal and social skills, and any personal history that includes physical or sexual abuses when involved in an activity or setting that includes more than one client; -Protects the health and safety of each client; -Meets the treatment needs for each client; -Are provided under the direction of a Behavioral Health Professional (BHP); -Comply with the R9-10-1011(B) requirements for completing assessments; - RMBHS will not provide services that they are not authorized to provide; -Respite Services; and -Wellness Weekend Program may provide specialty services that include: 1:1 client care ...\" 2. A review of R1's medical record revealed a behavioral health assessment (BHA) dated in February 2022. The BHA indicated R1's presenting issues included: \"...aggressive behavior...anger outbursts.\" [R1] was diagnosed with: \"Posttraumatic Stress Disorder.\" 3. A review of R1's medical record revealed a treatment plan dated in August 2023. The treatment plan revealed R1 was to \"attend Wellness as needed or at least 1x every 6 weeks...\" 4. A review of R2's medical record revealed a BHA dated in June 2022. The BHA indicated R2's presenting issues included: \"...difficulty managing anger as well as depression..isolates, withdrawing from others...feeling sad...uncontrolled anger...\" [R2] was diagnosed with \"Depression...\" 5. A review of R2's medical record revealed a treatment plan dated in April 2023. The treatment plan revealed R2 was to \"attend Wellness as needed or at least 1x every 6 weeks...\" 6. In an interview, E1 reported the \"Wellness Program\" was the respite care services residents received on the weekends at BH3633. 7. In an interview, E2 reported counseling services were not provided to R1 and R2 at BH3633. Plan of Correction Name, title and/or Position of the Person Responsible Date temporary correction was implemented Date permanent correction will be complete 2023-11-17 Temporary Solution Permanent Solution Monitoring"
        }
    ]
}