{
    "legal_name": "R M B H S SOMERSET HOUSE",
    "facility_status": "Active",
    "address": "1533 South Somerset Circle, Mesa, AZ 85206",
    "license_status": "Active",
    "phone": "4806419552",
    "license_number": "BH3632",
    "max_licensed_capacity": "8",
    "license_effective_date": "12/1/2024",
    "chief_administrative_officer": "MOSHE LOBL",
    "license_expires_date": "11/30/2025",
    "owner_licensee": "RED MOUNTAIN BEHAVIORAL HEALTH SERVICES LLC",
    "inspection_number": "INSP-0083262",
    "inspection_date": "10/9/2024",
    "inspection_type": "Compliance (Annual)",
    "certificate_number": "Initial Comments",
    "deficiencies": "no deficiencies"
}