{
    "legal_name": "R M B H S RENATA HOUSE",
    "facility_status": "Active",
    "address": "11329 East Renata Avenue, Mesa, AZ 85212",
    "license_status": "Active",
    "phone": "4806419552",
    "license_number": "BH3631",
    "max_licensed_capacity": "10",
    "license_effective_date": "12/1/2024",
    "chief_administrative_officer": "DEBORAH L WOODARD",
    "license_expires_date": "11/30/2025",
    "owner_licensee": "RED MOUNTAIN BEHAVIORAL HEALTH SERVICES LLC",
    "inspection_number": "INSP-0083258",
    "inspection_date": "10/16/2024",
    "inspection_type": "Compliance (Annual)",
    "certificate_number": "Initial Comments",
    "deficiencies": [
        {
            "rule": "A. Except for an outdoor behavioral health care program provided by a behavioral health residential facility, an administrator shall ensure that: 15. Combustible or flammable liquids and hazardous materials stored by a behavioral health residential facility are stored in the original labeled containers or safety containers in a locked area inaccessible to residents;",
            "evidence": "Based on observation and interview, the administrator failed to ensure combustible or flammable liquids and hazardous materials stored by a behavioral health residential facility were stored in a locked area inaccessible to residents.",
            "findings": "1. The Compliance Officer observed the following combustible or flammable liquids, in an unlocked cabinet, in the kitchen: -Dr. Scholl's Odor-X -Kroger Sport sunscreen spray - Glade air freshner The items contained combustible and/or flammable warning labels. 2. In an interview, E1 acknowledged the combustible or flammable liquids and hazardous materials stored by the facility were not locked and were accessible to the residents. Plan of Correction Name, title and/or Position of the Person Responsible Date temporary correction was implemented Date permanent correction will be complete 2024-10-25 Temporary Solution Permanent Solution Monitoring"
        }
    ]
}