{
    "legal_name": "RED HAWK BEHAVIORAL HEALTH, LLC",
    "facility_status": "Active",
    "address": "3767 South Scenic Boulevard, Littlefield, AZ 86432",
    "license_status": "Active",
    "phone": "4352365424",
    "license_number": "BH5273",
    "max_licensed_capacity": "24",
    "license_effective_date": "10/1/2024",
    "chief_administrative_officer": "VALERIE FAAOOTOA",
    "license_expires_date": "9/30/2025",
    "owner_licensee": "RED HAWK BEHAVIORAL HEALTH, LLC",
    "inspection_number": "INSP-0084439",
    "inspection_date": "10/25/2023",
    "inspection_type": "Compliance (Annual)",
    "certificate_number": "Initial Comments",
    "deficiencies": "no deficiencies"
}