{
    "legal_name": "SAHARAN OASIS",
    "facility_status": "Active",
    "address": "1705 South 64th Avenue, Phoenix, AZ 85043",
    "license_status": "Active",
    "phone": "6025743610",
    "license_number": "BH7034",
    "max_licensed_capacity": "5",
    "license_effective_date": "9/1/2025",
    "chief_administrative_officer": "ROBERT HOWARD",
    "license_expires_date": "8/31/2026",
    "owner_licensee": "SAHARAN OASIS LLC",
    "inspection_number": "INSP-0085269",
    "inspection_date": "10/13/2022",
    "inspection_type": "Compliance (Annual)",
    "certificate_number": "Initial Comments",
    "deficiencies": [
        {
            "rule": "G. An administrator shall ensure that a personnel record is maintained for each personnel member, employee, volunteer, or student that includes: 3. Documentation of: e. The individual's compliance with requirements in A.R.S. \u00a7\u00a7 36-411, 36-411.01, and 36-425.03, as applicable;",
            "evidence": "Based on observation, record review, documentation review, and interview, the administrator failed to ensure a personnel record was maintained to include documentation of A.R.S. \\'a7 36-411(C), for one of four personnel members sampled. The deficient practice posed a risk as the Department was unable to determine substantial compliance as the required documentation was not in the personnel record during the inspection.",
            "findings": "A.R.S. \\'a7 36-411(C) Owners shall make documented, good faith efforts to: 1. Contact previous employers to obtain information or recommendations that may be relevant to a person's fitness to work in a residential care institution, nursing care institution or home health agency. 2. Verify the current status of a person's fingerprint clearance card. 1. A review of E4's (hired in 2022) personnel record revealed a valid fingerprint clearance card. However, documentation of compliance with A.R.S. \\'a7 36-411(C) was not available for review. 2. In a joint interview, E1 and E2 acknowledged documentation of compliance with A.R.S. \\'a7 36-411(C) for E4 was not available for review. Plan of Correction Name, title and/or Position of the Person Responsible Date temporary correction was implemented Date permanent correction will be complete 2022-11-05 Temporary Solution Permanent Solution Monitoring"
        },
        {
            "rule": "G. An administrator shall ensure that a personnel record is maintained for each personnel member, employee, volunteer, or student that includes: 3. Documentation of: j.",
            "evidence": "of freedom from infectious tuberculosis, if required for the individual according to subsection (F). Evidence Based on record review and interview, the administrator failed to ensure a personnel member provided evidence of freedom from infectious tuberculosis (TB), as specified in R9- 10-113(B)(2), for one of four personnel members sampled. The deficient practice posed a TB exposure risk to residents the Department was unable to determine substantial compliance as the required documentation was not in the personnel record during the inspection.",
            "findings": "1. A review of E4's (hired in 2022) personnel record revealed documentation of evidence of freedom from infectious TB was not available for review. 2. In a joint interview, E1 and E2 acknowledged documentation of evidence of freedom from infectious TB for E4 was not available for review. Plan of Correction Name, title and/or Position of the Person Responsible Date temporary correction was implemented Date permanent correction will be complete 2022-11-05 Temporary Solution Permanent Solution Monitoring"
        },
        {
            "rule": "A. An administrator shall ensure that: 6. Except as provided in subsection (E)(1)(a), a medical practitioner performs a medical history and physical examination or a registered nurse performs a nursing assessment on a resident within 30 calendar days before admission or within 72 hours after admission and documents the medical history and physical examination or nursing assessment in the resident's medical record within 72 hours after admission;",
            "evidence": "Based on record review and interview, the administrator failed to ensure a medical practitioner performed a medical history and physical examination on a resident within 30 calendar days before admission or within 72 hours after admission, for one of two residents sampled. The deficient practice posed a risk as this information was required for the development and implementation of a treatment plan, per R9-10-708.A.1. Findings include: 1. A review of R1's medical record revealed a medical history and physical examination signed by a medical practitioner and dated in 2022. However, based on R1's admission date, the medical history and physical examination was not completed within 30 calendar days before admission or within 72 hours after admission. 2. In a joint interview, E1 and E2 acknowledged R1's medical history and physical examination were not completed within 30 calendar days before admission or within 72 hours after admission. Plan of Correction Name, title and/or Position of the Person Responsible Date temporary correction was implemented Date permanent correction will be complete 2022-11-05 Temporary Solution Permanent Solution Monitoring",
            "findings": ""
        },
        {
            "rule": "A. An administrator shall ensure that a treatment plan is developed and implemented for each resident that: 4. Includes: c. The signature of the resident or the resident's representative, and date signed, or documentation of the refusal to sign;",
            "evidence": "Based on record review and interview, the administrator failed to ensure a treatment plan was developed for each resident to include the signature of the resident's representative, and date signed, or documentation of the refusal to sign, for two of two residents sampled. The deficient practice posed a risk if a treatment plan was not developed to articulate decisions and agreements with a resident's representative before treatment was initiated.",
            "findings": "1. A review of R1's medical record revealed R1 had a state appointed guardian. 2. A review of R2's medical record revealed R2 had a state appointed guardian. 3. A review of R1's medical record revealed a treatment plan. However, the treatment plan was signed by R1, and did not include the signature of R1's representative, date signed, or documentation of the refusal to sign. 4. A review of R2's medical record revealed a treatment plan. However, the treatment plan was signed by R2, and did not include the signature of R2's representative, date signed, or documentation of the refusal to sign. 5. In a joint interview, E1 and E2 acknowledged R1's and R2's treatment plans did not include the signature of the resident's representative, and date signed, or documentation of the refusal to sign. Plan of Correction Name, title and/or Position of the Person Responsible Date temporary correction was implemented Date permanent correction will be complete 2022-11-05 Temporary Solution Permanent Solution Monitoring"
        },
        {
            "rule": "A. An administrator shall ensure that a treatment plan is developed and implemented for each resident that: 4. Includes: d. The date when the resident's treatment plan will be reviewed;",
            "evidence": "Based on record review and interview, the administrator failed to ensure a treatment plan included the date when the resident's treatment plan would be reviewed, for two of two residents sampled. The deficient practice posed a risk as treatment plans reinforce and clarify services to be provided to a resident. Findings: 1. A review of R1's medical record revealed a treatment plan, dated in 2022. However, the treatment plan did not include the date when the treatment plan would be reviewed. 2. A review of R2's medical record revealed a treatment plan, dated in 2022. However, the treatment plan did not include the date when the treatment plan would be reviewed. 3. In a joint interview, E1 and E2 acknowledged R1's and R2's treatment plans did not include the date when R1's and R2's treatment plans would be reviewed. Plan of Correction Name, title and/or Position of the Person Responsible Date temporary correction was implemented Date permanent correction will be complete 2022-11-05 Temporary Solution Permanent Solution Monitoring",
            "findings": ""
        }
    ]
}