{
    "legal_name": "SAHARAN OASIS",
    "facility_status": "Active",
    "address": "1705 South 64th Avenue, Phoenix, AZ 85043",
    "license_status": "Active",
    "phone": "6025743610",
    "license_number": "BH7034",
    "max_licensed_capacity": "5",
    "license_effective_date": "9/1/2025",
    "chief_administrative_officer": "ROBERT HOWARD",
    "license_expires_date": "8/31/2026",
    "owner_licensee": "SAHARAN OASIS LLC",
    "inspection_number": "INSP-0085271",
    "inspection_date": "10/12/2023",
    "inspection_type": "Complaint;Compliance (Annual)",
    "certificate_number": "Initial Comments",
    "deficiencies": [
        {
            "rule": "G. An administrator shall provide written notification to the Department of a resident's: 2. Self-injury, within two working days after the resident inflicts a self-injury or has an accident that requires immediate intervention by an emergency medical services provider.",
            "evidence": "Based on documentation review and interview, the administrator failed to provide written notification to the Department of a resident's self-injury, within two working days after the resident inflicted a self-injury. The deficient practice posed a risk as the Department was unable to determine if there was an immediate health and safety risk to other residents of the facility.",
            "findings": "1. A review of facility documentation revealed an incident report dated September 26, 2023. The report stated \"Client's Name: [R7]... Type of incident:...Self- harm...Other: Aggression towards peer...Incident: On 9-26-2023 [R7] arrived home from school in a bad mood...Once we started therapy [R7] kept saying [R7] could not do it. I encouraged [R7] that [R7] could. A peer made a statement that [R7] was doing it wrong, and [R7] started hitting [R7's] head on the wall...\" 2. A review of facility documentation revealed an incident report dated September 28, 2023. The report stated \"Client's Name: [R7]... Type of incident:...other: Self- harm...Incident: On 9/28/2023, approximately 2:55 pm, Lead BHT was preparing to give [R7] afternoon snack when [E2] observed bite and scratch marks on [R7's] arms...At approximately 3pm, [E2] spoke with [O4] to request a crisis team to come to the facility... [R7] was observed digging at the grout and received redirection from [E2]. [R7] began to bang [R7's] head on the wall...At approximately 4:03 pm, [E2] observed [R7] biting [R7's] knuckles then checking for marks...At around 4:22 pm is when the crisis mobile team arrived. BHT provided the team with background information before they spoke with [R7]. The team met with [R7] for approximately an hour, then deliberated...Lead BHT transported [R7] to [facility name] after recommendation from the mobile crisis team for evaluation\" 3. A review of facility documentation revealed an incident report dated September 30, 2023. The report stated \"Client's Name: [R6]...Incident: On 9/30/2023, around 11:00 am [R6] asked staff if [R6] could talk about [R6] losing a point earlier in the morning. Staff did advise [R6] yes; [R6] did lose the point, which makes [R6] ineligible to play the video game. [R6] instantly got trigger and started to scratch [R6's] neck until it started to bleed.\" 4. A review of Department documentation revealed written notification of the three aforementioned incidents were not received by the Department. 5. In an interview, E1 acknowledged E1 failed to provide written notification to the Department, within two working days after a resident inflicted a self- injury. Plan of Correction Name, title and/or Position of the Person Responsible Date temporary correction was implemented Date permanent correction will be complete 2023-12-21 Temporary Solution Permanent Solution Monitoring"
        },
        {
            "rule": "K. An administrator shall: 9. Evaluate and take action related to unauthorized absences under the quality management program in R9-10-704.",
            "evidence": "Based on documentation review and interview, the administrator failed to evaluate and take action related to unauthorized absences under the quality management program in Arizona Administrative Code (A.A.C.) R9-10-704.",
            "findings": "1. A review of the facility's policies and procedures revealed a policy titled \"Quality Management: Section 700\" dated July 6, 2022. The policy stated: \"C. Data Collection a. The Manager/Administrator or Designee shall document monthly: 1) Number/type of incidents; Patterns across residents. 2) Number of residents experiencing rapid weight loss or excessive gain. 3) Number of residents with reported relapses. 4) Number of individuals referred to higher level of care 5) Number of residents referred to lower level of care 6) Number of residents reporting the loss of personal property/clothing. 7) Number of errors in the documentation of medication(MARs), treatments, ADLs, etc. provided to residents...The Administrator or Designee shall evaluate collected data quarterly to identify trends and concerns of service delivery as follows: a. Monthly meetings between the Administrator or designees, the Behavior Professional, Quality Management Personnel, and/or, behavioral health technicians, and others as needed, to discuss each month's findings and any identified trends. b. Maintain a bar graph for each of the above data collections to identify trends from quarter to quarter. c. Complete Corrective Action/Plan for trends or significant findings as needed.\" 2. A review of facility documentation revealed a document titled \"Incident report\" dated June 19, 2023. The incident report stated \"On 6-19-2023 at approximately 1916 hrs BHT [E4] was currently assisting a Resident in the living room area, when [E4] observed [R1] and another peer [R4] running down the facility stairs. BHT [E4] observed [R1] with multiple layers of clothing on, water bottle and attempting to open the front door. Staff instructed [R1] and the other peer to get away from the front door and both residents ran out of the front of the facility.\" 3. The Compliance Officer requested to review the facility's quality management program per A.A.C. R9- 10-704. However, a documented quality management program per A.A.C. R9-10-704 was not available for review. 4. In an interview, E1 reported R1 was found safe four days later, and R4 returned to the facility the next day. 5. E1 acknowledged E1 did not document, evaluate, and take action related to unauthorized absences under the quality management program in A.A.C. R9-10-704. Plan of Correction Name, title and/or Position of the Person Responsible Date temporary correction was implemented Temporary Solution Permanent Solution Monitoring Date permanent correction will be complete 2023-12-21"
        },
        {
            "rule": "G. An administrator shall ensure that a personnel record is maintained for each personnel member, employee, volunteer, or student that includes: 3. Documentation of: e. The individual's compliance with requirements in A.R.S. \u00a7\u00a7 36-411, 36-411.01, and 36-425.03, as applicable;",
            "evidence": "Based on documentation review, record review, and interview, the administrator failed to ensure a personnel record was maintained for each personnel member to include documentation of compliance with the requirements in Arizona Revised Statutes (A.R.S.) \\'a7 36-425.03(E), for one of three personnel members sampled. The deficient practice posed a risk if E3 was a danger to a vulnerable population.",
            "findings": "1. A.R.S. \\'a7 36-425.03(E) states \"Children's behavioral health program personnel shall certify on forms that are provided by the department and notarized that they are not awaiting trial on or have never been convicted of or admitted in open court or pursuant to a plea agreement to committing any of the offenses listed in section 41-1758.03, subsection B or C in this state or similar offenses in another state or jurisdiction.\" 2. A review of E3's personnel record revealed E3 was hired as a behavioral health professional (BHP). E3's personnel record revealed documentation of compliance with A.R.S. \\'a7 36-425.03(A). However, E3's personnel record contained a criminal history affidavit form from the Bureau of Child Care Licensing. The document was signed and dated by E3, however, the document was not notarized per A.R.S. \\'a7 36-425.03(E). 3. In an interview, E1 acknowledged E3's documentation of compliance with A.R.S. \\'a7 36-425.03(E) was not notarized. Plan of Correction Name, title and/or Position of the Person Responsible Date temporary correction was implemented Temporary Solution Permanent Solution Monitoring Date permanent correction will be complete 2023-12-21"
        }
    ]
}