{
    "legal_name": "SAHARAN OASIS",
    "facility_status": "Active",
    "address": "1705 South 64th Avenue, Phoenix, AZ 85043",
    "license_status": "Active",
    "phone": "6025743610",
    "license_number": "BH7034",
    "max_licensed_capacity": "5",
    "license_effective_date": "9/1/2025",
    "chief_administrative_officer": "ROBERT HOWARD",
    "license_expires_date": "8/31/2026",
    "owner_licensee": "SAHARAN OASIS LLC",
    "inspection_number": "INSP-0097278",
    "inspection_date": "2/20/2025",
    "inspection_type": "Complaint",
    "certificate_number": "BH7034",
    "deficiencies": [
        {
            "rule": "R9-10-705.1-2. Contracted Services An administrator shall ensure that: 1. Contracted services are provided according to the requirements in this Article, and 2. Documentation of current contracted services is maintained that includes a description of the contracted services provided.",
            "evidence": "Based on record review and interview, the administrator failed to ensure documentation of current contracted services was maintained to include a description of the contracted services provided.",
            "findings": "1. A review of E2's (hired in 2023) personnel record revealed E2 was hired as the behavioral health professional. The personnel record revealed documentation of contracted services. The document stated \".... Behavioral Health Professional Contract UPDATED 4.26.23 This Agreement shall begin on 10.1.22 to 10.1.23 \u2026\u201d 2. In an interview, E1 reported the aforementioned document was the only document available for review. 3. In an interview, E6 stated E2 was a \u201c1099\u201d employee. 4. In a joint exit interview, the findings were reviewed with E1 and E6 and no additional comments, statements, or documentation were provided regarding the findings. Plan of Correction Name, title and/or Position of the Person Responsible Robert Howard - Administrator Date temporary correction was implemented Temporary Solution Robert Howard, Administrator, will speak with the current contractor and revise and update contracted services provided with a current date and a future expiration date of set contract or until further notice. 2025-03-18 Date permanent correction will be complete 2025-04-01 Permanent Solution Robert Howard, Administrator, will receive updated and final contract from contractor with contracted services provided that is signed and dated by contractor and Saharan Oasis Management staff. Monitoring Robert Howard, Administrator, will conduct audits on all contracted employees' files Annually to ensure the documents are current and update."
        },
        {
            "rule": "R9-10-706.K.3.a. Personnel K. An administrator shall ensure that: 3. There is a daily staffing schedule that: a. Indicates the date, scheduled work hours, and name of each employee assigned to work, including on-call personnel members;",
            "evidence": "Based on documentation review and interview, the administrator failed to ensure there was a daily staffing schedule to indicate the scheduled work hours, and name of each employee assigned to work, including on-call personnel members. The deficient practice posed a risk if there was no record to ensure shifts and tasks were covered.",
            "findings": "1. A review of facility documentation revealed a daily staffing schedule for January 26, 2025- February 1, 2025 and February 9-22, 2025. However, the daily staffing schedules did not include the behavioral health professional and registered nurse as on-call personnel members. 2. A review of the aforementioned schedules revealed E2 (the behavioral health professional) was scheduled as \u201cOFF.\u201d 3. In an interview E6 reported E2 and E3 (the registered nurse) were on-call. 4. In a joint exit interview, the findings were reviewed with E1 and E6 and no additional comments or statements were provided regarding the findings. Plan of Correction Name, title and/or Position of the Person Responsible Temporary Solution Robert Howard, Administrator, will review the Robert Howard - Administrator Date temporary correction was implemented 2025-03-15 Date permanent correction will be complete 2025-03-17 current staffing pattern and make an amendment, adding section for all On-Call personnel staff to include current Behavioral Health Professional, Nurse, Therapist. Permanent Solution Robert Howard, Administrator, will ensure the amendment is accurate to the current On-Call personnel staff contracted with Saharan Oasis (current Behavioral Health Professional, Nurse, Therapist) and is reflected on all future staffing patterns. Monitoring Robert Howard, Administrator will review all staffing patterns once completed by Lead BHT each week to ensure it details the section for all On-Call personnel staff."
        },
        {
            "rule": "R9-10-708.A.4.b. Treatment Plan A. An administrator shall ensure that a treatment plan is developed and implemented for each resident that: 4. Includes: b. The physical health services or behavioral health services to be provided to the resident;",
            "evidence": "Based on documentation review, record review, and interview, the administrator failed to ensure a treatment plan was developed for each resident to include the frequency and number of hours of behavioral health services to be provided to the resident per R9-10- 716(B)(2), for two of two residents sampled. The deficient practice posed a risk as a treatment plan was not developed to articulate decisions and agreements of services to be provided.",
            "findings": "1. A review of facility documentation revealed a scope of services (dated July 6, 2022). The scope of services stated \"... Saharan Oasis offers individual therapy, group therapy, \u2026 family counselling \u2026\u201d 2. A review of R1's (admitted in 2024) medical record revealed a treatment plan (dated in 2025). However, the treatment plan did not include the frequency and number of hours of behavioral health services to be provided to R1. 3. A review of R1\u2019s medical record revealed documentation of individual counseling sessions provided once a week for approximately fifty (50) minutes each. 4. A review of R2's (admitted in 2024) medical record revealed a treatment plan (dated in 2025). However, the treatment plan did not include the frequency and number of hours of behavioral health services to be provided to R2. 5. A review of R2\u2019s medical record revealed documentation of individual counseling sessions provided once a week for approximately fifty (50) minutes each. 6. In an interview, E6 reported all residents only receive individual counseling once a week. 7. In a joint exit interview, the findings were reviewed with E1 and E6 and no additional comments, statements, or documentation were provided regarding the findings. Plan of Correction Name, title and/or Position of the Person Responsible Robert howard, Administrator Date temporary correction was implemented 2025-03-14 Date permanent correction will be complete 2025-03-20 Temporary Solution Robert howard, Administrator will speak with the current Saharan Oasis therapist to update all Clients treatment plans to reflect the frequency and number of hours of behavioral health services to be provided to the client. Permanent Solution Robert howard, Administrator will review all treatment plans provide by Saharan Oasis therapist to ensure it has a current frequency and number of hours of behavioral health services to be provided. If any discrepancy are discovered it will be provided back to the therapist for updates and/or corrections, then reviewed again by Administrator. Once confirmed it will be forwarded to the clients guardian for review and signature. Monitoring Administrator and therapist will discuss each month about the frequency and number of hours of behavioral health services to be provided to each client to ensure it is updated and accurate to the needs of the clients before final document is provided to the clients guardian for review."
        },
        {
            "rule": "R9-10-721.A.1.c. Environmental Standards A. Except for an outdoor behavioral health care program provided by a behavioral health residential facility, an administrator shall ensure that: 1. The premises and equipment are: c. Free from a condition or situation that may cause a resident or other individual to suffer physical injury;",
            "evidence": "Based on observation and interview, the administrator failed to ensure the facility was free from a condition or situation to cause a resident or other individual to suffer physical injury. The deficient practice posed a tripping hazard to the residents.",
            "findings": "1. The Compliance Officer observed an unraveled garden hose in the backyard patio. 2. The Compliance Officer observed a hole in the backyard next to the patio. The hole appeared to be dug-up and appeared to be approximately one foot in diameter. The Compliance Officer observed footwear impressions all around the dirt near the hole. 3. In a joint exit interview, the findings were reviewed with E1 and E6 and no additional comments or statements were provided regarding the findings. Plan of Correction Name, title and/or Position of the Person Responsible Robert howard, Administrator Date temporary correction was implemented 2025-03-10 Date permanent correction will be complete 2025-03-17 Temporary Solution Robert Howard and Lead BHT removed the unraveled garden hose that was located in the backyard patio area. The one foot in diameter hole in the backyard next to the patio was filled with dirt and packed in. Permanent Solution Robert howard and Lead BHT during schedule staff meetings will discuss the importance of informing management staff of any condition discovered at the facility that may cause a resident or other individual to suffer physical injury. Lead BHT will walk the facility grounds each week to look for such conditions that are deemed to be a hazard and inform management staff of the condition to begin the process of repairs and or removal at the earliest convenience. Monitoring During Quality Management facility inspections conduct by Administrator quarterly, we will be inspecting to ensure the facility is free from a condition or situation that may cause a resident or other individual to suffer physical injury inside and in the backyard area of the facility. If any suck condition is located, it will be documented and rectified at the earliest convenience."
        }
    ]
}