{
    "legal_name": "SAHARAN OASIS",
    "facility_status": "Active",
    "address": "1705 South 64th Avenue, Phoenix, AZ 85043",
    "license_status": "Active",
    "phone": "6025743610",
    "license_number": "BH7034",
    "max_licensed_capacity": "5",
    "license_effective_date": "9/1/2025",
    "chief_administrative_officer": "ROBERT HOWARD",
    "license_expires_date": "8/31/2026",
    "owner_licensee": "SAHARAN OASIS LLC",
    "inspection_number": "INSP-0085273",
    "inspection_date": "3/12/2024",
    "inspection_type": "Complaint",
    "certificate_number": "Initial Comments",
    "deficiencies": [
        {
            "rule": "C. An administrator shall ensure that: 1. Policies and procedures are established, documented, and implemented to protect the health and safety of a resident that: a. Cover job descriptions, duties, and qualifications, including required skills, knowledge, education, and experience for personnel members, employees, volunteers, and students;",
            "evidence": "Based on documentation review, record review, and interview, the administrator failed to establish and document policies and procedures to protect the health and safety of a resident to cover job descriptions. The deficient practice posed a health and safety risk to the residents.",
            "findings": "1. A review of the facility's documentation revealed an incident report dated March 4, 2024. The incident report stated \"On 03/04/2024 at approximately 2000 hrs BHT [E4] instructed [R1] and [R1's] peers that it was currently bedtime and to report to their living quarters. [R1] and [R1's] peers did comply with the request. BHT [E4] was sitting in the office area and a peer came back downstairs after approximately 5 mins of being in the room and stated that [R1] struck [R2] in the face with a close fist due to the peer turning the bathroom light off. BHT went to the living quarters and asked [R1] about the alleged incident. [R1] did not respond and did not engage with staff. BHT proceeded to inform all peers that it was currently bedtime and turned the light off. BHT sat in the doorway of the room to ensure no other incidents took place. [R1] continued to sit on [R1's] bed and after a few minutes [R1] was observed with something in [R1's] hand. Due to it being dark staff was unsure of the object and asked [R1] what was currently in [R1's] hand. [R1] responded with \"it's a shank and I'm going to use it on [R2]\". Staff immediately turned the light on and asked [R1] to give [E4] the object. [R1] had [R1's] hands behind [R1's] back and after multiple requests to give the object to staff, [R1] refused. As staff approached [R1], [R1] was observed attempting to run at [R1's] peer with the object, that was observed to be a pen, and BHT had to place [R1] in a therapeutic hold for DTO. While in the therapeutic hold staff were able to take the pen from [R1] and then proceeded to release the therapeutic hold. Once released [R1] immediately began to throw all [R1's] peers clothing and personal property all over the room. [R1] picked up the plastic dresser in the room and threw it at staff, striking the staff member. After several verbal commands for [R1] to disengage in [R1's] current physical aggression [R1] refused to comply. [R1] walked toward the peer [R1] was alleged to hit earlier and started to strike the peer in the head and back area with a closed fist. Staff immediately placed [R1] back into a therapeutic hold. While in the therapeutic hold bit staff on [E4's] wrist area and attempted to headbutt [E4] multiple times. [R1] remained in the therapeutic hold for approximately 7 mins and once [R1] was deemed to be no longer a threat staff released the hold. BHT [E4] remained standing next to [R1] until a secondary staff arrived within a few minutes. Admin [E1] arrived and was able to get [R1] to agree to go to [facility name] to be evaluated...\" 2. A review of the facility's policies and procedures revealed a policy titled \"BEHAVIORAL HEALTH TECHNICIAN JOB DESCRIPTION\" dated July 6, 2022. The policy stated \"Skills: Demonstrate strong professional boundaries Excellent written and verbal communication skills Must be able to work in and foster a culturally diverse environment Must be able to maintain order and structure Shows a concern and empathy towards children in trouble Capable of following directives.\" However, the policies and procedures were not established and documented to include the use of an emergency safety response for BHT's. 3. A review of E4's personnel record revealed a current crisis prevention intervention training card with an expiration date of November 20, 2024. 4. In an interview, E1 acknowledged policies and procedures were not established and documented to cover job descriptions to include the use of emergency safety responses for BHT's. Plan of Correction Name, title and/or Position of the Person Responsible Date temporary correction was implemented Temporary Solution Permanent Solution Monitoring Date permanent correction will be complete 2024-06-03"
        },
        {
            "rule": "I. If an administrator has a reasonable basis, according to A.R.S. \u00a7 13-3620 or 46-454, to believe abuse, neglect, or exploitation has occurred on the premises or while a resident is receiving services from a behavioral health residential facility's employee or personnel member, the administrator shall: 2. Report the suspected abuse, neglect, or exploitation of the resident: b. For a resident under 18 years of age, according to A.R.S. \u00a7 13-3620;",
            "evidence": "Based on documentation review and interview, the administrator failed to report suspected abuse, neglect, or exploitation of a resident under 18 years of age according to A.R.S. \\'a7 13-3620. The deficient practice posed a health and safety to residents as the facility had a reasonable basis to believe abuse had occurred on the premises, and it was not reported per A.R.S. \\'a7 13-3620. The deficient practice posed a health and safety risk to the residents.",
            "findings": "1. A.R.S. \\'a7 13-3620.A states \"A. Any person who reasonably believes that a minor is or has been the victim of physical injury, abuse, child abuse, a reportable offense or neglect that appears to have been inflicted on the minor by other than accidental means or that is not explained by the available medical history as being accidental in nature or who reasonably believes there has been a denial or deprivation of necessary medical treatment or surgical care or nourishment with the intent to cause or allow the death of an infant who is protected under section 36-2281 shall immediately report or cause reports to be made of this information to a peace officer, to the department of child safety or to a tribal law enforcement or social services agency for any Indian minor who resides on an Indian reservation, except if the report concerns a person who does not have care, custody or control of the minor, the report shall be made to a peace officer only...\" 2. Arizona Administrative Code (A.A.C.) R9-10-101(110) states \"Immediate\" means \"without delay.\" 3. A review of the facility's documentation revealed an incident report dated March 4, 2024. The incident report stated \"On 03/04/2024 at approximately 2000 hrs BHT [E4] instructed [R1] and [R1's] peers that it was currently bedtime and to report to their living quarters. [R1] and [R1's] peers did comply with the request. BHT [E4] was sitting in the office area and a peer came back downstairs after approximately 5 mins of being in the room and stated that [R1] struck [R2] in the face with a close fist due to the peer turning the bathroom light off. BHT went to the living quarters and asked [R1] about the alleged incident. [R1] did not respond and did not engage with staff. BHT proceeded to inform all peers that it was currently bedtime and turned the light off. BHT sat in the doorway of the room to ensure no other incidents took place. [R1] continued to sit on [R1's] bed and after a few minutes [R1] was observed with something in [R1's] hand. Due to it being dark staff was unsure of the object and asked [R1] what was currently in [R1's] hand. [R1] responded with \"it's a shank and I'm going to use it on [R2]\". Staff immediately turned the light on and asked [R1] to give [E4] the object. [R1] had [R1's] hands behind [R1's] back and after multiple requests to give the object to staff, [R1] refused. As staff approached [R1], [R1] was observed attempting to run at [R1's] peer with the object, that was observed to be a pen, and BHT had to place [R1] in a therapeutic hold for DTO. While in the therapeutic hold staff were able to take the pen from [R1] and then proceeded to release the therapeutic hold. Once released [R1] immediately began to throw all [R1's] peers clothing and personal property all over the room. [R1] picked up the plastic dresser in the room and threw it at staff, striking the staff member. After several verbal commands for [R1] to disengage in [R1's] current physical aggression [R1] refused to comply. [R1] walked toward the peer [R1] was alleged to hit earlier and started to strike the peer in the head and back area with a closed fist. Staff immediately placed [R1] back into a therapeutic hold. While in the therapeutic hold bit staff on [E4's] wrist area and attempted to headbutt [E4] multiple times. [R1] remained in the therapeutic hold for approximately 7 mins and once [R1] was deemed to be no longer a threat staff released the hold. BHT [E4] remained standing next to [R1] until a secondary staff arrived within a few minutes. Admin [E1] arrived and was able to get [R1] to agree to go to [facility name] to be evaluated...\" However, the electronic document did not include documentation of the reporting requirements according to A.R.S. \\'a7 13-3620. 4. In an interview, The Compliance Officer asked E1 if the incident that occurred on March 4, 2024 involving R1 and R2 had been reported according to A.R.S. \\'a7 13-3620. E1 reported the incident had not been reported per A.R.S. \\'a7 13-3620. E1 acknowledged the incident that occurred on March 4, 2024 involving R1 and R2 had not been reported according to A.R.S. \\'a7 13-3620. Plan of Correction Name, title and/or Position of the Person Responsible Date temporary correction was implemented Date permanent correction will be complete 2024-06-03 Temporary Solution Permanent Solution Monitoring"
        },
        {
            "rule": "B. An administrator shall ensure that: 2. A resident is not subjected to: i. Restraint;",
            "evidence": "Based on documentation review, record review, and interview, the administrator failed to ensure a resident was not subjected to restraints. The deficient practice posed a health and safety risk to the residents. Findings include: 1. Arizona Administrative Code (A.A.C.) R9-10-101(199)\" \"Restraint\" means any physical or chemical method of restricting a patient's freedom of movement, physical activity, or access to the patient ' s own body.\" 2. A review of the facility's documentation revealed an incident report dated March 4, 2024. The incident report stated \"On 03/04/2024 at approximately 2000 hrs BHT [E4] instructed [R1] and [R1's] peers that it was currently bedtime and to report to their living quarters. [R1] and [R1's] peers did comply with the request. BHT [E4] was sitting in the office area and a peer came back downstairs after approximately 5 mins of being in the room and stated that [R1] struck [R2] in the face with a close fist due to the peer turning the bathroom light off. BHT went to the living quarters and asked [R1] about the alleged incident. [R1] did not respond and did not engage with staff. BHT proceeded to inform all peers that it was currently bedtime and turned the light off. BHT sat in the doorway of the room to ensure no other incidents took place. [R1] continued to sit on [R1's] bed and after a few minutes [R1] was observed with something in [R1's] hand. Due to it being dark staff was unsure of the object and asked [R1] what was currently in [R1's] hand. [R1] responded with \"it's a shank and I'm going to use it on [R2]\". Staff immediately turned the light on and asked [R1] to give [E4] the object. [R1] had [R1's] hands behind [R1's] back and after multiple requests to give the object to staff, [R1] refused. As staff approached [R1], [R1] was observed attempting to run at [R1's] peer with the object, that was observed to be a pen, and BHT had to place [R1] in a therapeutic hold for DTO. While in the therapeutic hold staff were able to take the pen from [R1] and then proceeded to release the therapeutic hold. Once released [R1] immediately began to throw all [R1's] peers clothing and personal property all over the room. [R1] picked up the plastic dresser in the room and threw it at staff, striking the staff member. After several verbal commands for [R1] to disengage in [R1's] current physical aggression [R1] refused to comply. [R1] walked toward the peer [R1] was alleged to hit earlier and started to strike the peer in the head and back area with a closed fist. Staff immediately placed [R1] back into a therapeutic hold. While in the therapeutic hold bit staff on [E4's] wrist area and attempted to headbutt [E4] multiple times. [R1] remained in the therapeutic hold for approximately 7 mins and once [R1] was deemed to be no longer a threat staff released the hold. BHT [E4] remained standing next to [R1] until a secondary staff arrived within a few minutes. Admin [E1] arrived and was able to get [R1] to agree to go to [facility name] to be evaluated...\" 3. A review of E4's personnel record revealed current crisis prevention intervention (CPI) training. 4. In an interview, E1 reported the incident report was not accurate. E1 reported E4 had R1 in a therapeutic hold for no longer than five minutes. E1 acknowledged the incident report stated R1 was in a therepeuitc hold for approximately seven minutes. E1 acknowledged the prolonged therapeutic hold R1 was placed in could be considered a restraint. Plan of Correction Name, title and/or Position of the Person Responsible Date temporary correction was implemented Date permanent correction will be complete 2024-06-03 Temporary Solution Permanent Solution Monitoring",
            "findings": ""
        },
        {
            "rule": "E. An administrator shall ensure that: 1. An emergency safety response is: b. Discontinued at the earliest possible time, but no longer than five minutes after the emergency safety response is initiated;",
            "evidence": "Based on record review, the administrator failed to ensure that an emergency safety response was discontinued at the earliest possible time, but no longer than five minutes after the emergency safety response was initiated. The deficient practice posed a health and safety risk to the residents. Findings include: 1. A review of the facility's documentation revealed an incident report dated March 4, 2024. The incident report stated \"On 03/04/2024 at approximately 2000 hrs BHT [E4] instructed [R1] and [R1's] peers that it was currently bedtime and to report to their living quarters. [R1] and [R1's] peers did comply with the request. BHT [E4] was sitting in the office area and a peer came back downstairs after approximately 5 mins of being in the room and stated that [R1] struck [R2] in the face with a close fist due to the peer turning the bathroom light off. BHT went to the living quarters and asked [R1] about the alleged incident. [R1] did not respond and did not engage with staff. BHT proceeded to inform all peers that it was currently bedtime and turned the light off. BHT sat in the doorway of the room to ensure no other incidents took place. [R1] continued to sit on [R1's] bed and after a few minutes [R1] was observed with something in [R1's] hand. Due to it being dark staff was unsure of the object and asked [R1] what was currently in [R1's] hand. [R1] responded with \"it's a shank and I'm going to use it on [R2]\". Staff immediately turned the light on and asked [R1] to give [E4] the object. [R1] had [R1's] hands behind [R1's] back and after multiple requests to give the object to staff, [R1] refused. As staff approached [R1], [R1] was observed attempting to run at [R1's] peer with the object, that was observed to be a pen, and BHT had to place [R1] in a therapeutic hold for DTO. While in the therapeutic hold staff were able to take the pen from [R1] and then proceeded to release the therapeutic hold. Once released [R1] immediately began to throw all [R1's] peers clothing and personal property all over the room. [R1] picked up the plastic dresser in the room and threw it at staff, striking the staff member. After several verbal commands for [R1] to disengage in [R1's] current physical aggression [R1] refused to comply. [R1] walked toward the peer [R1] was alleged to hit earlier and started to strike the peer in the head and back area with a closed fist. Staff immediately placed [R1] back into a therapeutic hold. While in the therapeutic hold bit staff on [E4's] wrist area and attempted to headbutt [E4] multiple times. [R1] remained in the therapeutic hold for approximately 7 mins and once [R1] was deemed to be no longer a threat staff released the hold. BHT [E4] remained standing next to [R1] until a secondary staff arrived within a few minutes. Admin [E1] arrived and was able to get [R1] to agree to go to [facility name] to be evaluated...\" 2. In an interview, E1 reported the incident report was not accurate. E1 reported E4 had R1 in a therapeutic hold for no longer than five minutes. E1 acknowledged the incident report stated R1 was in a therepeuitc hold for approximately seven minutes. Plan of Correction Name, title and/or Position of the Person Responsible Date temporary correction was implemented Date permanent correction will be complete 2024-06-03 Temporary Solution Permanent Solution Monitoring",
            "findings": ""
        },
        {
            "rule": "E. An administrator shall ensure that: 2. Within 24 hours after an emergency safety response is used for a resident, the following information is",
            "evidence": "Based on record review and interview, the administrator failed to ensure within 24 hours after an emergency safety response was used entered into the resident medical record: c. The specific emergency safety response used; for a resident, the specific emergency safety response used was entered into the resident medical record. The deficient practice posed a health and safety risk to the residents. Findings include: 1. A review of the facility's documentation revealed an incident report dated March 4, 2024. The incident report stated \"On 03/04/2024 at approximately 2000 hrs BHT [E4] instructed [R1] and [R1's] peers that it was currently bedtime and to report to their living quarters. [R1] and [R1's] peers did comply with the request. BHT [E4] was sitting in the office area and a peer came back downstairs after approximately 5 mins of being in the room and stated that [R1] struck [R2] in the face with a close fist due to the peer turning the bathroom light off. BHT went to the living quarters and asked [R1] about the alleged incident. [R1] did not respond and did not engage with staff. BHT proceeded to inform all peers that it was currently bedtime and turned the light off. BHT sat in the doorway of the room to ensure no other incidents took place. [R1] continued to sit on [R1's] bed and after a few minutes [R1] was observed with something in [R1's] hand. Due to it being dark staff was unsure of the object and asked [R1] what was currently in [R1's] hand. [R1] responded with \"it's a shank and I'm going to use it on [R2]\". Staff immediately turned the light on and asked [R1] to give [E4] the object. [R1] had [R1's] hands behind [R1's] back and after multiple requests to give the object to staff, [R1] refused. As staff approached [R1], [R1] was observed attempting to run at [R1's] peer with the object, that was observed to be a pen, and BHT had to place [R1] in a therapeutic hold for DTO. While in the therapeutic hold staff were able to take the pen from [R1] and then proceeded to release the therapeutic hold. Once released [R1] immediately began to throw all [R1's] peers clothing and personal property all over the room. [R1] picked up the plastic dresser in the room and threw it at staff, striking the staff member. After several verbal commands for [R1] to disengage in [R1's] current physical aggression [R1] refused to comply. [R1] walked toward the peer [R1] was alleged to hit earlier and started to strike the peer in the head and back area with a closed fist. Staff immediately placed [R1] back into a therapeutic hold. While in the therapeutic hold bit staff on [E4's] wrist area and attempted to headbutt [E4] multiple times. [R1] remained in the therapeutic hold for approximately 7 mins and once [R1] was deemed to be no longer a threat staff released the hold. BHT [E4] remained standing next to [R1] until a secondary staff arrived within a few minutes. Admin [E1] arrived and was able to get [R1] to agree to go to [facility name] to be evaluated...\" However, the document did not include the specific emergency safety response used by E4. 2. In an interview, E1 acknowledged the specific emergency safety response used was not entered into R1's medical record. Plan of Correction Name, title and/or Position of the Person Responsible Date temporary correction was implemented Date permanent correction will be complete 2024-06-03 Temporary Solution Permanent Solution Monitoring",
            "findings": ""
        },
        {
            "rule": "A. Except for an outdoor behavioral health care program provided by a behavioral health residential facility, an administrator shall ensure that: 1. The premises and equipment are: c. Free from a condition or situation that may cause a resident or other individual to suffer physical injury;",
            "evidence": "Based on observation and interview, the administrator failed to ensure the premises was free from a condition or situation that may cause a resident or other individual to suffer physical injury. The deficient practice posed a health and safety risk to the residents. Findings include: 1. The Compliance Officer observed a master bedroom shared by R3 and R4. The shared bedroom contained a bathroom, the bathroom contained a grab bar attached to the wall of the shower. 2. The Compliance Officer observed a hallway bathroom. The bathroom contained one grab bar attached to the wall in the shower. 3. In an interview, E1 acknowledged the grab bars posed a potential ligature hazard, and the premises was not free from a condition or situation that may cause a resident or other individual to suffer physical injury. Plan of Correction Name, title and/or Position of the Person Responsible Temporary Solution Date temporary correction was implemented Date permanent correction will be complete 2024-06-03 Permanent Solution Monitoring",
            "findings": ""
        }
    ]
}