{
    "legal_name": "SAN TAN BEHAVIORAL HEALTH SERVICES LLC",
    "facility_status": "Active",
    "address": "3970 East Juanita Avenue, Gilbert, AZ 85234",
    "license_status": "Active",
    "phone": "4805073644",
    "license_number": "BH5514",
    "max_licensed_capacity": "8",
    "license_effective_date": "10/1/2024",
    "chief_administrative_officer": "DAN BREWER",
    "license_expires_date": "9/30/2025",
    "owner_licensee": "SAN TAN BEHAVIORAL HEALTH SERVICES LLC",
    "inspection_number": "INSP-0096988",
    "inspection_date": "3/4/2025",
    "inspection_type": "Compliance (Annual)",
    "certificate_number": "BH5514",
    "deficiencies": [
        {
            "rule": "R9-10-706.G.3.e. Personnel G. An administrator shall ensure that a personnel record is maintained for each personnel member, employee, volunteer, or student that includes: 3. Documentation of: e. The individual's compliance with requirements in A.R.S. \u00a7\u00a7 36-411, 36-411.01, and 36-425.03, as applicable;",
            "evidence": "Based on record review and interview, the administrator failed to ensure a personnel record was maintained to include documentation of the individual's compliance with the requirements in Arizona Revised Statutes (A.R.S.) \u00a7 36-425.03(E), for four of six personnel members sampled. The deficient practice posed a risk if E1, E4, E5 and E6 were a danger to a vulnerable population.",
            "findings": "A.R.S. \u00a7 36-425.03(E) Children's behavioral health program personnel shall certify on forms that are provided by the department and notarized that they are not awaiting trial on or have never been convicted of or admitted in open court or pursuant to a plea agreement to committing any of the offenses listed in section 41-1758.03, subsection B or C in this state or similar offenses in another state or jurisdiction. 1. A review of E1's personnel record revealed E1 was hired as the administrator and behavioral health professional. E1's personnel record revealed a valid fingerprint clearance card. However, documentation of compliance with A.R.S. \u00a7 36-425.03(E) was not available for review. 2. A review of E4's, E5\u2019s, and E6's personnel records revealed E4, E5, and E6 were hired as behavioral health technicians. E4's, E5\u2019s, and E6's personnel records revealed valid fingerprint clearance cards. However, documentation of compliance with A.R.S. \u00a7 36- 425.03(E) was not available for review. 3. In an interview, E1 reported E1 believed compliance with A.R.S. \u00a7 36-425.03(E) was not needed if personnel members had a valid fingerprint clearance card. E1 reported E1, E4, E5, and E6 did not have documentation of compliance with A.R.S. \u00a7 36-425.03(E). \ufeff 4. In a joint exit interview, the findings were reviewed with E1, E7, and E8 and no additional comments or statements were provided regarding the findings. Plan of Correction Name, title and/or Position of the Person Responsible Dan Brewer Clinical Director Date temporary correction was implemented 2025-03-10 Date permanent correction will be complete 2025-03-10 Temporary Solution An additional step has been added to the pre- employment process. For new employees that have a DPS finger print clearance card, their criminal history affidavit will be notarized. STBHS employs to registered notary's. See attached checklist that includes notarized criminal history affidavit. Permanent Solution The temporary process will be adopted as a permanent solution. This is evidenced by the new pre-employment checklist verifying notarized criminal history affidavit for \"all\" employees, even if they currently hold a DPS card at hire. Monitoring The STBHS governing authority will add this as a process to review each month. Any new hire employee files will be reviewed by the governing authority 1x per month."
        },
        {
            "rule": "A.R.S. \u00a7 36-407.A. Prohibited acts; required acts",
            "evidence": "A. A person shall not establish, conduct or maintain in this state a health care institution or any class or subclass of health care institution unless that person holds a current and valid license issued by the department specifying the class or subclass of health care institution the person is establishing, conducting or maintaining. The license is valid only for the establishment, operation and maintenance of the class or subclass of health care institution, the type of services and, except for emergency admissions as prescribed by the director by rule, the licensed capacity specified by the license. Based on observation, documentation review, and interview, the administrator failed to maintain in this state a health care institution with the approved capacity and occupancy of the subclass of health care institution for which the Department issued a valid license. The deficient practice posed a risk to the health and safety of residents as the current capacity and occupancy of the health care institution were outside the scope of the licensed behavioral health residential facility subclass.",
            "findings": "R9-10-101(195) \"Resident\" means an individual living in and receiving physical health services or behavioral health services, including rehabilitation services or habilitation services if applicable, from a nursing care institution, an intermediate care facility for individuals with intellectual disabilities, a behavioral health residential facility, an assisted living facility, or an adult behavioral health therapeutic home. 1. The Compliance Officer observed three (3) resident bedrooms with eight (8) resident beds. The Compliance Officer observed all 8 beds were unoccupied. 2. The Compliance Officer observed an upstairs bedroom with one (1) bed and a sign on the door. The sign on the door stated \u201cStaff Room.\u201d 3. In an interview, E1 reported the bedroom was an option for personnel members to stay the night after their shift. E1 reported some of the staff live far away. E1 reported there is always at least one personnel member present and awake at the behavioral health residential facility. 4. The Compliance Officer observed a downstairs bedroom with 1 bed and a sign on the door. The sign on the door stated \u201cStaff Only No Clients Thank You!\u201d The bedroom also contained a small office space. 5. In an interview, E1 reported the downstairs bedroom was also used as an option for personnel members to stay the night after their shift. 6. A review of Department documentation revealed BH5514, effective October 3, 2028, was approved for eight beds. 7. In a joint exit interview, the findings were reviewed with E1, E7, and E8 and no additional comments or statements were provided regarding the findings. Plan of Correction Name, title and/or Position of the Person Responsible Dan Brewer Clinical Director Date temporary correction was implemented 2025-03-14 Date permanent correction will be complete 2025-03-14 Temporary Solution Effective 3/14/2025. All beds in the bedrooms labeled (staff bedroom) have been removed. This ensures compliance with a capacity of 8 clients. Permanent Solution The temporary solution is also the permanent solution. The beds have been removed and STBHS will remain in compliance with authorized capacity of 8 residents. Monitoring House managers will report to the STBHS governing authority by 3/14/2025 that the beds have been removed on a permanent basis."
        }
    ]
}