{
    "legal_name": "SRC DESERT COVE",
    "facility_status": "Active",
    "address": "1340 East Desert Cove, Phoenix, AZ 85020",
    "license_status": "Active",
    "phone": "6026123816",
    "license_number": "BH8548",
    "max_licensed_capacity": "10",
    "license_effective_date": "7/5/2025",
    "chief_administrative_officer": "ULONDA COYOTE",
    "license_expires_date": "7/4/2026",
    "owner_licensee": "CORPORATE ACCOUNT - SANCTUARY SOBER LIVING",
    "inspection_number": "INSP-0086133",
    "inspection_date": "12/6/2023",
    "inspection_type": "Initial Monitoring",
    "certificate_number": "Initial Comments",
    "deficiencies": "no deficiencies"
}