{
    "legal_name": "STEP TWO RECOVERY CENTER",
    "facility_status": "Active",
    "address": "3771 East Brooks Farm Road, Gilbert, AZ 85298",
    "license_status": "Active",
    "phone": "4809883376",
    "license_number": "BH2607",
    "max_licensed_capacity": "8",
    "license_effective_date": "8/1/2025",
    "chief_administrative_officer": "JOSH WEST",
    "license_expires_date": "7/31/2026",
    "owner_licensee": "MHCTI, LLC",
    "inspection_number": "INSP-0086637",
    "inspection_date": "6/28/2024",
    "inspection_type": "Complaint",
    "certificate_number": "Initial Comments",
    "deficiencies": "no deficiencies"
}