{
    "legal_name": "STEP TWO RECOVERY CENTER",
    "facility_status": "Active",
    "address": "3771 East Brooks Farm Road, Gilbert, AZ 85298",
    "license_status": "Active",
    "phone": "4809883376",
    "license_number": "BH2607",
    "max_licensed_capacity": "8",
    "license_effective_date": "8/1/2025",
    "chief_administrative_officer": "JOSH WEST",
    "license_expires_date": "7/31/2026",
    "owner_licensee": "MHCTI, LLC",
    "inspection_number": "INSP-0086634",
    "inspection_date": "3/21/2024",
    "inspection_type": "Complaint;Compliance (Annual)",
    "certificate_number": "Initial Comments",
    "deficiencies": [
        {
            "rule": "36-420.01. Health care institutions; fall prevention and fall recovery; training programs; definition A. Each health care institution shall develop and administer a training program for all staff regarding fall prevention and fall recovery. The training program shall include initial training and continued competency training in fall prevention and fall recovery. A health care institution may use information and training materials from the department's Arizona falls prevention coalition in developing the training program.",
            "evidence": "Based on documentation review, record review, and interview, the health care institution failed to develop and administer a training program for all staff regarding fall prevention and fall recovery including initial training and continued competency training in fall prevention and fall recovery. The deficient practice posed a risk as organized instruction and information related to resident care and safety was not developed and implemented.",
            "findings": "1. A review of facility documentation revealed a training program for all staff regarding fall prevention and fall recovery was not available for review. 2. A review of E1's, E2's, E3's, E4's, E5's, E6's, E7's, E8's, and E10's personnel records revealed initial training in fall prevention. However, training fall recovery was not included. 3. In an interview, E1 and E2 acknowledged a fall prevention and fall recovery training program was not developed and the initial training for E1, E2, E3, E4, E5, E6, E7, E8, and E10 did not include fall recovery. This is a repeat deficiency from the on-site compliance and complaint inspection conducted on February 16, 2023. Plan of Correction Name, title and/or Position of the Person Responsible Date temporary correction was implemented Date permanent correction will be complete 2024-04-18 Temporary Solution Permanent Solution Monitoring"
        },
        {
            "rule": "An administrator shall ensure that: 2. Documentation of current contracted services is maintained that includes a description of the contracted services provided.",
            "evidence": "Based on record review and interview, the administrator failed to ensure documentation of current contracted services included a description of the contracted services provided, for one registered nurse (RN).",
            "findings": "R9-10-101.56. \"Contracted services\" means medical services, nursing services, behavioral health services, health- related services, ancillary services, or environmental services provided according to a documented agreement between a health care institution and the person providing the medical services, nursing services, health- related services, ancillary services, or environmental services. 1. A review of E8's personnel record revealed E8 was hired as the RN. 2. A review of E8's personnel record revealed a contract between E8 and the facility (dated September 2, 2015). The contract stated \"The contract remains in effect for one year from the date of signing.\" However, documentation of current contracted services including a description of the contracted services provided was not available for review. 3. In a joint interview, E1 and E2 acknowledged a current contract for E8 was not available for review. Plan of Correction Name, title and/or Position of the Person Responsible Date temporary correction was implemented Date permanent correction will be complete 2024-04-18 Temporary Solution Permanent Solution Monitoring"
        },
        {
            "rule": "F. An administrator shall ensure that a personnel member, or an employee, a volunteer, or a student who has or is expected to have more than eight hours of direct interaction per week with residents, provides",
            "evidence": "of freedom from infectious tuberculosis: 1. On or before the date the individual begins providing services at or on behalf of the behavioral health residential facility, and 2. As specified in R9-10-113. Evidence Based on record review and interview, the administrator failed to ensure personnel members provided evidence of freedom from infectious tuberculosis (TB) as specified in R9- 10-113(A)(B), for four of ten personnel members sampled. The deficient practice posed a TB exposure risk to residents. Findings include: R9-10-113(B)(1)(a)(i) A health care institution's chief administrative officer shall: 1. For an individual for whom baseline screening and documentation of freedom from infectious tuberculosis is required by an Article in this Chapter, as specified in subsection (A)(2) (a), obtain one of the following as evidence of freedom from infectious tuberculosis: a. Documentation of a negative Mantoux skin test or other tuberculosis screening test that: i. Is recommended by the U.S. Centers for Disease Control and Prevention (CDC), A review of the Centers for Disease Control and Prevention website revealed a web page titled \"TB Screening and Testing of Health Care Personnel.\" The web page stated, \"If the Mantoux tuberculin skin test (TST) is used to test health care personnel upon hire (pre- placement), two-step testing should be used.\" 1. A review of E3's (hired after February 16, 2023) personnel record revealed revealed documentation of a single negative TST, dated in April 2023. However, documentation of the second step of the recommended two-step TST was not available for review. 2. A review of E4's (hired after February 16, 2023) personnel record revealed revealed documentation of a single negative TST, dated in October 2023. However, documentation of the second step of the recommended two-step TST was not available for review. 3. A review of E5's (hired after February 16, 2023) personnel record revealed revealed documentation of a single negative TST, dated in December 2023. However, documentation of the second step of the recommended two-step TST was not available for review. 4. A review of E6's (hired after February 16, 2023) personnel record revealed revealed documentation of a single negative TST, dated in October 2023. However, documentation of the second step of the recommended two-step TST was not available for review. 6. In an interview, E2 reported to be unaware of the second step of the recommended two-step TST and would have E3, E4, E5, and E6 go get the second recommenced TST. 7. In an joint interview, E1 and E2 acknowledged documentation of evidence of freedom from infectious TB, as specified in Arizona Administrative Code (A.A.C.) R9-10-113(A)(B) was not available for review. This is a repeat deficiency from the on- site compliance and complaint inspection conducted on February 16, 2023. Plan of Correction Name, title and/or Position of the Person Responsible Date temporary correction was implemented Date permanent correction will be complete 2024-04-18 Temporary Solution Permanent Solution Monitoring",
            "findings": ""
        },
        {
            "rule": "G. An administrator shall ensure that a personnel record is maintained for each personnel member, employee, volunteer, or student that includes: 3. Documentation of: e. The individual's compliance with requirements in A.R.S. \u00a7\u00a7 36-411, 36-411.01, and 36-425.03, as applicable;",
            "evidence": "Based on record review and interview, the administrator failed to ensure a personnel record was maintained for each personnel member to include documentation of compliance with the requirements in Arizona Revised Statutes (A.R.S) \\'a7 36-411(C)(1)(2), for five of ten personnel records sampled. The deficient practice posed a risk if E2, E3, E4, E5, and E6 were a danger to a vulnerable population.",
            "findings": "A.R.S. \\'a7 36- 411(C)(1)(2) Owners shall make documented, good faith efforts to: 1. Contact previous employers to obtain information or recommendations that may be relevant to a person's fitness to work in a residential care institution, nursing care institution or home health agency: 2. Verify the current status of a person's fingerprint clearance card. 1. A review of E2's (hired after February 16, 2023) personnel record revealed documentation of compliance with A.R.S. \\'a7 36-411(C)(1) was not available for review. 2. A review of E3's (hired after February 16, 2023) personnel record revealed documentation of compliance with A.R.S. \\'a7 36-411(C)(1) was not available for review. 3. A review of E4's (hired after February 16, 2023) personnel record revealed documentation of compliance with A.R.S. \\'a7 36-411(C)(1) was not available for review. 4. A review of E5's (hired after February 16, 2023) personnel record revealed documentation of a valid fingerprint clearance card. However, documentation of compliance with A.R.S. \\'a7 36-411(C)(1)(2) was not available for review. 5. A review of E6's (hired after February 16, 2023) personnel record revealed documentation of compliance with A.R.S. \\'a7 36-411(C)(1) was not available for review. 6. In an interview, E1 reported E1 contacts all references but does not document the information. 7. In a joint interview, E1 and E2 acknowledged E2's, E3's, E4's, E5's and E6's documentation of compliance with A.R.S. \\'a7 36-411(C)(1)(2) was not available for review. This is a repeat deficiency from the on-site compliance and complaint inspection conducted on February 16, 2023. Plan of Correction Name, title and/or Position of the Person Responsible Date temporary correction was implemented Date permanent correction will be complete 2024-04-18 Temporary Solution Permanent Solution Monitoring"
        },
        {
            "rule": "A. An administrator shall ensure that: 13. Except as provided in subsection (E)(1)(d), a resident provides",
            "evidence": "of freedom from infectious tuberculosis: a. Before or within seven calendar days after the resident's admission, and b. As specified in R9-10-113. Evidence Based on record review and interview, the administrator failed to ensure a resident provided evidence of freedom from infectious tuberculosis (TB) as specified in R9-10-113(A) (2), for three of three residents sampled. The deficient practice posed a TB exposure risk to residents.",
            "findings": "R9-10-113.A.2.a.(i- iii) If a health care institution is subject to the requirements of this Section, as specified in an Article in this Chapter, the health care institution's chief administrative officer shall ensure that the health care institution establishes, documents, and implements tuberculosis infection control activities that: 2. Include: a. For each individual who is employed by the health care institution, provides volunteer services for the health care institution, or is admitted to the health care institution and who is subject to the requirements of this Section, baseline screening, on or before the date specified in the applicable Article of this Chapter, that consists of: i. Assessing risks of prior exposure to infectious tuberculosis, ii. Determining if the individual has signs or symptoms of tuberculosis, and iii. Obtaining documentation of the individual's freedom from infectious tuberculosis according to subsection (B)(1); 1. A review of R1's, R2's, and R3's (all admitted in 2024) medical records revealed baseline screenings were not available for review. 2. In a joint interview, E1 and E2 acknowledged the administrator failed to ensure R1, R2, and R3 provided evidence of freedom from infectious TB as specified in R9-10-113(A)(2). Plan of Correction Name, title and/or Position of the Person Responsible Date temporary correction was implemented Date permanent correction will be complete 2024-04-18 Temporary Solution Permanent Solution Monitoring"
        },
        {
            "rule": "A. An administrator shall ensure that a treatment plan is developed and implemented for each resident that: 4. Includes: b. The physical health services or behavioral health services to be provided to the resident;",
            "evidence": "Based on record review and interview, the administrator failed to ensure a treatment plan was developed for each resident to include the number of hours of counseling to be provided to the resident per R9-10-716(B)(2), for three of three residents sampled. The deficient practice posed a risk if a resident did not receive treatment to cure, improve, or palliate their behavioral health issue at the health care institution.",
            "findings": "1. A review of R1's medical record revealed a treatment plan (dated in March 2024). The treatment plan did include the frequency of counseling to be provided to the resident. However, the treatment plan did not include the number of hours of counseling to be provided to R1. 2. A review of R2's medical record revealed a treatment plan (dated in February 2024). The treatment plan did include the frequency of counseling to be provided to the resident. However, the treatment plan did not include the number of hours of counseling to be provided to R2. 3. A review of R3's medical record revealed a treatment plan (dated in February 2024). The treatment plan did include the frequency of counseling to be provided to the resident. However, the treatment plan did not include the number of hours of counseling to be provided to R3. 4. In a joint interview, E1 and E2 acknowledged R1's, R2's, and R3's treatments plan did not include the number of hours of counseling to be provided to R1, R2, and R3. Plan of Correction Name, title and/or Position of the Person Responsible Date temporary correction was implemented Date permanent correction will be complete 2024-04-18 Temporary Solution Permanent Solution Monitoring"
        }
    ]
}