{
    "legal_name": "STREETLIGHTUSA",
    "facility_status": "Active",
    "address": "6805 North 81st Ave, Units 150, 160, & Bldg A, Glendale,",
    "license_status": "Active",
    "phone": "6234350900",
    "license_number": "BH5096",
    "max_licensed_capacity": "8",
    "license_effective_date": "8/1/2025",
    "chief_administrative_officer": "LERBBY ANTUNEZ",
    "license_expires_date": "7/31/2026",
    "owner_licensee": "STREETLIGHTUSA",
    "inspection_number": "INSP-0087381",
    "inspection_date": "12/13/2023",
    "inspection_type": "Complaint",
    "certificate_number": "Initial Comments",
    "deficiencies": [
        {
            "rule": "G. An administrator shall ensure that a personnel record is maintained for each personnel member, employee, volunteer, or student that includes: 3. Documentation of: e. The individual's compliance with requirements in A.R.S. \u00a7\u00a7 36-411, 36-411.01, and 36-425.03, as applicable;",
            "evidence": "Based on documentation review, record review, and interview, the administrator failed to ensure a personnel record was maintained for each personnel member to include documentation of compliance with the requirements of A.R.S. \\'a7 36-411(C)(1)(2), for four of five personnel members sampled, and in A.R.S. \\'a7 36-425.03(E), for one of five personnel members sampled. The deficient practice posed a risk if E3, E4, E5, and E7 were a danger to a vulnerable population. Findings include: A.R.S. \\'a7 36-411(C)(1)(2) Owners shall make documented, good faith efforts to: 1. Contact previous employers to obtain information or recommendations that may be relevant to a person's fitness to work in a residential care institution, nursing care institution or home health agency: 2. Verify the current status of a person's fingerprint clearance card. A.R.S. \\'a7 36-425.03(E) Children's behavioral health program personnel shall certify on forms that are provided by the department and notarized that they are not awaiting trial on or have never been convicted of or admitted in open court or pursuant to a plea agreement to committing any of the offenses listed in section 41- 1758.03, subsection B or C in this state or similar offenses in another state or jurisdiction. 1. A review of Department documentation revealed BH5096 was licensed as a children's behavioral health residential facility, effective August 10, 2017. 2. A review of E3's personnel record revealed documentation of compliance with A.R.S. \\'a7 36-411(C)(1) was not available for review. 3. A review of E4's personnel record revealed documentation of compliance with A.R.S. \\'a7 36-411(C)(1) was not available for review. 4. A review of E5's personnel record revealed documentation of compliance with A.R.S. \\'a7 36-411(C)(1) was not available for review. 5. A review of E7's personnel record revealed a valid fingerprint clearance card. However, documentation of compliance with \\'a7 A.R.S. \\'a7 36-411(C)(1)(2) was not available for review. 6. A review of E7's personnel record revealed documentation of compliance with A.R.S. \\'a7 36-425.03(E) was not available for review. 7. In a joint interview, E1 and E2 acknowledged documentation of compliance with A.R.S. \\'a7 36-411(C)(1)(2) and A.R.S. \\'a7 36-425.03(E) was not available for review. Plan of Correction Name, title and/or Position of the Person Responsible Date temporary correction was implemented Date permanent correction will be complete 2023-12-27 Temporary Solution Permanent Solution Monitoring",
            "findings": ""
        }
    ]
}