{
    "legal_name": "STREETLIGHTUSA",
    "facility_status": "Active",
    "address": "6805 North 81st Ave, Units 150, 160, & Bldg A, Glendale,",
    "license_status": "Active",
    "phone": "6234350900",
    "license_number": "BH5096",
    "max_licensed_capacity": "8",
    "license_effective_date": "8/1/2025",
    "chief_administrative_officer": "LERBBY ANTUNEZ",
    "license_expires_date": "7/31/2026",
    "owner_licensee": "STREETLIGHTUSA",
    "inspection_number": "INSP-0087387",
    "inspection_date": "5/8/2024",
    "inspection_type": "Complaint",
    "certificate_number": "Initial Comments",
    "deficiencies": "no deficiencies"
}