{
    "legal_name": "STREETLIGHTUSA",
    "facility_status": "Active",
    "address": "6805 North 81st Ave, Units 150, 160, & Bldg A, Glendale,",
    "license_status": "Active",
    "phone": "6234350900",
    "license_number": "BH5096",
    "max_licensed_capacity": "8",
    "license_effective_date": "8/1/2025",
    "chief_administrative_officer": "LERBBY ANTUNEZ",
    "license_expires_date": "7/31/2026",
    "owner_licensee": "STREETLIGHTUSA",
    "inspection_number": "INSP-0087378",
    "inspection_date": "2/15/2023",
    "inspection_type": "Compliance (Annual)",
    "certificate_number": "Initial Comments",
    "deficiencies": [
        {
            "rule": "K. An administrator shall ensure that: 3. There is a daily staffing schedule that: a. Indicates the date, scheduled work hours, and name of each employee assigned to work, including on-call personnel members; b. Includes documentation of the employees who work each calendar day and the hours worked by each employee; and c. Is maintained for at least 12 months after the last date on the documentation;",
            "evidence": "Based on documentation review, record review, and interview, the administrator failed to ensure there was a daily staffing schedule which indicated the date, schedule work hours, and name of each employee assigned to work, including on-call personnel members, includes documentation of the employees who work each calendar day and the hours worked by each employee, and was maintained for at least 12 months after the last date on the documentation. The deficient practice posed a risk as there was no record to verify sufficient, qualified staff were present or available to meet the needs of the residents when admitted into the behavioral health residential facility.",
            "findings": "1. The Compliance Officer requested to review the facility staffing schedule. However, the current schedule for units 110 and 120 were not provided for review. 2. The Compliance Officer requested to review the behavioral health professional's (BHP) personnel record. However, the BHP's personnel record was not provided for review. 3. The Compliance Officer requested to review the registered nurse's (RN) personnel record. However, the RN's personnel record was not provided for review. 4. A review of the facility's digital policies and procedures (P&P) revealed a P&P titled \"STAFF COVERAGE AND STAFF TO RESIDENT RATIOS.\" The P&P stated, \"The Sanctuary shall ensure that... There is a daily staffing schedule that... Indicates the date, scheduled work hours, and name of each employee assigned to work, including on-call personnel members... Includes documentation of the employees who work each calendar day and the hours worked by each employee... Is maintained for at least 12 months after the last date on the documentation... A behavioral health professional is present at The Sanctuary or on-call... A registered nurse is present at The Sanctuary or on-call...\" 5. In an interview with E1 and E2, E2 reported they did not have a work schedule for the past 12 months and that they did not have a BHP and RN since they did not have current residents. The Compliance Officer asked E2 when the last resident was discharged. E2 reported the last resident was discharged in 2021. In addition, E2 reported they were restructuring their business model and hiring new staff. This is a repeat deficiency from the compliance inspection conducted on June 8, 2021. Plan of Correction Name, title and/or Position of the Person Responsible Date temporary correction was implemented Date permanent correction will be complete 2023-07-31 Temporary Solution Permanent Solution Monitoring"
        },
        {
            "rule": "K. An administrator shall ensure that: 4. A behavioral health professional is present at the behavioral health residential facility or on-call;",
            "evidence": "Based on documentation review, record review, and interview, the administrator failed to ensure a behavioral health professional (BHP) was present at the behavioral health residential facility or on-call. This deficient practice posed a risk if there was no BHP available when needed.",
            "findings": "1. The Compliance Officer requested to review the facility staffing schedule. However, the current schedule for units 110 and 120 were not provided for review. 2. The Compliance Officer requested to review the BHP's personnel record. However, the BHP's personnel record was not provided for review. 3. A review of the facility's digital policies and procedures (P&P) revealed a P&P titled \"STAFF COVERAGE AND STAFF TO RESIDENT RATIOS.\" The P&P stated, \"The Sanctuary shall ensure that ... A behavioral health professional is present at The Sanctuary or on-call ...\" 4. In an interview with E1 and E2, E2 reported they did not have a BHP since they did not have current residents. The Compliance Officer asked E2 when the last resident was discharged. E2 reported the last resident was discharged in 2021. In addition, E2 reported they were restructuring their business model and hiring new staff. Plan of Correction Name, title and/or Position of the Person Responsible Date temporary correction was implemented Date permanent correction will be complete 2023-08-14 Temporary Solution Permanent Solution Monitoring"
        },
        {
            "rule": "K. An administrator shall ensure that: 5. A registered nurse is present at the behavioral health residential facility or on-call; and",
            "evidence": "Based on documentation review, record review, and interview, the administrator failed to ensure a registered nurse (RN) was present at the behavioral health residential facility or on-call. This deficient practice posed a risk if there was no RN available when needed.",
            "findings": "1. The Compliance Officer requested to review the facility staffing schedule. However, the current schedule for units 110 and 120 were not provided for review. 2. The Compliance Officer requested to review the RN's personnel record. However, the RN's personnel record was not provided for review. 3. A review of the facility's digital policies and procedures (P&P) revealed a P&P titled \"STAFF COVERAGE AND STAFF TO RESIDENT RATIOS.\" The P&P stated, \"The Sanctuary shall ensure that... A registered nurse is present at The Sanctuary or on-call...\" 4. In an interview with E1 and E2, E2 reported they did not have a RN since they did not have current residents. The Compliance Officer asked E2 when the last resident was discharged. E2 reported the last resident was discharged in 2021. In addition, E2 reported they were restructuring their business model and hiring new staff. Plan of Correction Name, title and/or Position of the Person Responsible Date temporary correction was implemented Date permanent correction will be complete 2023-06-19 Temporary Solution Permanent Solution Monitoring"
        },
        {
            "rule": "B. An administrator shall ensure that: 3. Except as provided in subsection (C) or (D), and unless restricted by the resident's representative, a resident is allowed to: b. Have privacy in correspondence, communication, visitation, financial affairs, and personal hygiene; and",
            "evidence": "Based on observation, documentation review, and interview, the administrator failed to ensure a resident is allowed to have privacy in correspondence, communication, visitation, financial affairs, and personal hygiene. Findings include: 1. During a tour of the facility (units 110 and 120), the Compliance Officer observed two offices. In addition, both offices contained security cameras. 2. During the tour of the facility (units 110 and 120), the Compliance Officer observed resident bedrooms with half doors. 3. A review of the facility's digital policies and procedures (P&P) revealed a P&P titled, \"PHYSICAL PLANT STANDARDS.\" The P&P stated, \"The Sanctuary shall ensure that the facility has a ...Room that provides privacy for a client to receive treatment or visitors ...The Sanctuary will provide individual therapy services to clients in the privacy of the trauma therapy room, which has a door with a privacy screen and a noise machine to provide privacy and confidentiality of treatment. The visitation room is similarly equipped and can be used for client to meet with visitors privately. In the event the visitation room is unavailable, the client and visitors can meet privately in the Activity Room or cottage staff office ... Each client is provided a sleeping area that is in a bedroom and complies with the following ... Contains a half door that opens into a hallway or common area ...\" However, R9-10-722.B.8.c states, \"A resident bedroom complies with the following ... Contains a door that opens into a hallway, common area, or outdoors ...\" In addition, the P&P stated, \"Each client is provided a sleeping area that is in a bedroom and complies with the following ... Has window or door covers that provide client privacy ... [and] Is a private bedroom ...\" 4. In an interview, E1 and E2 reported the resident rooms had half doors to monitor the residents. E1 and E2 acknowledged the resident room doors did not have full doors. In a later interview, the Compliance Officer informed E1 and E2 counseling services must be provided in units 110 and 120. E1 and E2 acknowledged counseling services were not provided in licensed units 110 and 120 and in a room, which provides privacy for a resident to receive treatment or visitors. Plan of Correction Name, title and/or Position of the Person Responsible Date temporary correction was implemented Date permanent correction will be complete 2023-07-06 Temporary Solution Permanent Solution Monitoring",
            "findings": ""
        },
        {
            "rule": "A. An administrator shall ensure that: 5. Behavioral health services listed in the behavioral health residential facility's scope of services are provided on the premises;",
            "evidence": "Based on observation, documentation review, and interview the administrator failed to ensure the behavioral health services listed in the behavioral health residential facility's scope of services were provided on the premises.",
            "findings": "1. During a tour of the facility (units 110 and 120), the Compliance Officer observed no residents at the facility. 2. A review of Department records revealed the facility was licensed for 8 beds and the license was effective August 1, 2020. 3. A review of the facility's digital policies and procedures (P&P) revealed a P&P titled, \"SCOPE OF SERVICES.\" The P&P indicated the facility provided behavioral health services. 4. In an interview, E2 reported they did not have residents and the last resident was discharged in 2021. In addition, E2 reported they did not have a current behavioral health professional, registered nurse, and behavioral health technicians. E2 reported they were restructuring their business model and had a goal to have residents by the second quarter of 2023. Plan of Correction Name, title and/or Position of the Person Responsible Date temporary correction was implemented Date permanent correction will be complete 2023-08-11 Temporary Solution Permanent Solution Monitoring"
        },
        {
            "rule": "A. Except for an outdoor behavioral health care program provided by a behavioral health residential facility, an administrator shall ensure that: 1. The premises and equipment are: c. Free from a condition or situation that may cause a resident or other individual to suffer physical injury;",
            "evidence": "Based on observation, documentation review, and interview, the administrator failed to ensure the premises and equipment were free from a condition or situation which may cause a resident or other individual to suffer physical injury.",
            "findings": "1. During a tour of the facility (unit 120), the Compliance Officer observed four resident bunk beds. The bunk beds were not stacked on top of each other. The wooden frame work between the supporting wood plank and the bed posts created a ligature point. 2. A review of the facility's digital policies and procedures (P&P) revealed a P&P titled \"ENVIRONMENTAL STANDARDS.\" The P&P stated, \"The Sanctuary will ensure that the premises and equipment are... Free from a condition or situation that may cause a client or other individual to suffer physical injury.\" 3. In an interview, E1 and E2 acknowledge the premises and equipment were not free from a condition or situation which may cause a resident or other individual to suffer physical injury. E1 reported they would change the bunk beds. Plan of Correction Name, title and/or Position of the Person Responsible Date temporary correction was implemented Date permanent correction will be complete 2023-06-30 Temporary Solution Permanent Solution Monitoring"
        },
        {
            "rule": "B. An administrator shall ensure that: 1. A behavioral health residential facility has a: a. Room that provides privacy for a resident to receive treatment or visitors; and",
            "evidence": "Based on observation, documentation review, and interview, the administrator failed to ensure the behavioral health residential facility had a room which provided privacy for a resident to receive treatment or visitors.",
            "findings": "1. During a tour of the facility (units 110 and 120), the Compliance Officer observed two offices. In addition, both offices contained security cameras. 2. In an interview, the Compliance Officer asked E2 where they provided counseling services. E2 reported counseling was provided in the staff offices located to the north of units 110 and 120. In addition, E2 reported the offices in units 110 and 120 were for staff use and the cameras were for security purposes. 3. A review of Department records indicated the license for BH5096 was specific to units 110 and 120. 4. A review of the facility's digital policies and procedures (P&P) revealed a P&P titled, \"PHYSICAL PLANT STANDARDS.\" The P&P stated, \"The Sanctuary shall ensure that the facility has a... Room that provides privacy for a client to receive treatment or visitors... The Sanctuary will provide individual therapy services to clients in the privacy of the trauma therapy room, which has a door with a privacy screen and a noise machine to provide privacy and confidentiality of treatment. The visitation room is similarly equipped and can be used for client to meet with visitors privately. In the event the visitation room is unavailable, the client and visitors can meet privately in the Activity Room or cottage staff office.\" 5. In a later interview, the Compliance Officer informed E1 and E2 counseling services must be provided in units 110 and 120. E1 and E2 acknowledged counseling services were not provided in licensed units 110 and 120 and in a room which provides privacy for a resident to receive treatment or visitors. Plan of Correction Name, title and/or Position of the Person Responsible Date temporary correction was implemented Date permanent correction will be complete 2023-07-06 Temporary Solution Permanent Solution Monitoring"
        },
        {
            "rule": "B. An administrator shall ensure that: 8. A resident bedroom complies with the following: c. Contains a door that opens into a hallway, common area, or outdoors;",
            "evidence": "Based on observation, documentation review, and interview, the administrator failed to ensure a resident bedroom contained a door.",
            "findings": "1. During the tour of the facility (units 110 and 120), the Compliance Officer observed resident bedrooms with half doors. 2. A review of the facility's digital policies and procedures (P&P) revealed a P&P titled, \"PHYSICAL PLANT STANDARDS.\" The P&P stated, \"Each client is provided a sleeping area that is in a bedroom and complies with the following... Contains a half door that opens into a hallway or common area...\" However, R9-10- 722.B.8.c states, \"A resident bedroom complies with the following... Contains a door that opens into a hallway, common area, or outdoors...\" In addition, the P&P stated, \"Each client is provided a sleeping area that is in a bedroom and complies with the following... Has window or door covers that provide client privacy... [and] Is a private bedroom...\" 3. In an interview, E1 and E2 reported the resident rooms had half doors to monitor the residents. E1 and E2 acknowledged the resident room doors did not have full doors. Plan of Correction Name, title and/or Position of the Person Responsible Date temporary correction was implemented Date permanent correction will be complete 2023-07-10 Temporary Solution Permanent Solution Monitoring"
        }
    ]
}