{
    "legal_name": "STREETLIGHTUSA",
    "facility_status": "Active",
    "address": "6805 North 81st Ave, Units 150, 160, & Bldg A, Glendale,",
    "license_status": "Active",
    "phone": "6234350900",
    "license_number": "BH5096",
    "max_licensed_capacity": "8",
    "license_effective_date": "8/1/2025",
    "chief_administrative_officer": "LERBBY ANTUNEZ",
    "license_expires_date": "7/31/2026",
    "owner_licensee": "STREETLIGHTUSA",
    "inspection_number": "INSP-0087391",
    "inspection_date": "9/10/2024",
    "inspection_type": "Complaint",
    "certificate_number": "Initial Comments",
    "deficiencies": [
        {
            "rule": "36-420.01. Health care institutions; fall prevention and fall recovery; training programs; definition A. Each health care institution shall develop and administer a training program for all staff regarding fall prevention and fall recovery. The training program shall include initial training and continued competency training in fall prevention and fall recovery. A health care institution may use information and training materials from the department's Arizona falls prevention coalition in developing the training program.",
            "evidence": "Based on documentation review, record review, and interview, the administrator failed to develop and administer a training program for all staff regarding fall recovery. The training program did not include initial training and continued competency training in fall recovery, for two of six personnel records sampled. The deficient practice posed a health and safety risk to residents if they were to fall and staff could not safely assist in recovering the resident.",
            "findings": "1. A review of facility documentation revealed the facility used \"Relias: Slips, Trips, and Falls\" for fall prevention training. 2. A review of E2's and E5's personnel records revealed competency training in fall prevention. However, documentation of competency training in fall recovery was not available for review. 3. In an interview, O1 acknowledged E2's and E5's personnel record did not include training in fall recovery. Plan of Correction Name, title and/or Position of the Person Responsible Date temporary correction was implemented Date permanent correction will be complete 2024-12-23 Temporary Solution Permanent Solution Monitoring"
        },
        {
            "rule": "B. An administrator shall ensure that: 2. A personnel member's skills and knowledge are verified and documented: a. Before the personnel member provides physical health services or behavioral health services, and b. According to policies and procedures; and",
            "evidence": "Based on documentation review, record review, and interview, the administrator failed to ensure a personnel member's skills and knowledge were verified and documented before the personnel member provided behavioral health services, and according to policies and procedures, for two of six personnel records sampled. The deficient practice posed a risk if personnel members were unable to meet a resident's needs.",
            "findings": "1. A review of facility documentation revealed a policy and procedure titled \"JOB DESCRIPTIONS, DUTIES, AND QUALIFICATIONS.\" The policy and procedure stated \"A personnel member's skills and knowledge are verified and documented, before the personnel member provides physical health services or behavioral health services.\" 2. A review of facility documentation revealed a policy and procedure titled \"JOB DESCRIPTIONS, DUTIES, AND QUALIFICATIONS.\" The policy and procedure stated \"Behavioral Health Paraprofessional (BHPP): An individual who provides health related services at or for a health care institution, under supervision by a BHP (b). ....The Sanctuary shall comply with the requirements for behavioral health technicians and behavioral health paraprofessionals in R9- 10-115. \" 3. A review of facility documentation revealed a staffing schedule, the schedule stated R1 was scheduled to work on the following dates: - August 05, 2024 - August 06, 2024 - August 07, 2024 - August 12, 2024 - August 13, 2024 - August 14, 2024 - August 20, 2024 - August 21, 2024 - August 26, 2024 - August 27, 2024 - August 28, 2024 - September 02, 2024 - September 03, 2024 - September 04, 2024 - September 09, 2024 - September 10, 2024 - September 11, 2024 4. A review of facility documentation revealed a staffing schedule, the schedule stated R5 was scheduled to work on the following dates: - August 07, 2024 - August 08, 2024 - August 09, 2024 - August 10, 2024 - August 14, 2024 - August 15, 2024 - August 16, 2024 - August 17, 2024 - August 21, 2024 - August 22, 2024 - August 23, 2024 - August 24, 2024 - August 28, 2024 - August 29, 2024 - August 30, 2024 - August 31, 2024 - September 04, 2024 - September 05, 2024 - September 06, 2024 - September 07, 2024 - September 11, 2024 - September 12, 2024 - September 13, 2024 - September 14, 2024 5. A review of E1's (hired in 2023) personnel record revealed E1 was hired as a Behavioral Health Paraprofessional. However, documentation of verification of skills and knowledge was not available for review. 6. A review of E5's (hired in 2024) personnel records revealed E5 was hired as the Behavioral Health Paraprofessional. However, documentation of verification of skills and knowledge was not available for review. 7. In an interview, E1 reported verification of skills and knowledge was completed but not documented. 8. In an interview, O1 acknowledged documentation of verification of skills and knowledge for E1 and E5 was not available for review. Plan of Correction Name, title and/or Position of the Person Responsible Date temporary correction was implemented Date permanent correction will be complete 2024-12-23 Temporary Solution Permanent Solution Monitoring"
        },
        {
            "rule": "B. An administrator shall ensure that: 3. Sufficient personnel members are present on a",
            "evidence": "Based on documentation review, record review and interview, an administrator failed to behavioral health residential facility's premises with the qualifications, experience, skills, and knowledge necessary to: a. Provide the services in the behavioral health residential facility's scope of services, b. Meet the needs of a resident, and c. Ensure the health and safety of a resident. ensure sufficient personnel members are present on a behavioral health residential facility's premises with the qualifications, experience, skills, and knowledge necessary to, provide the services in the behavioral health residential facility's scope of services, meet the needs of a resident, and ensure the health and safety of a resident. The deficient practice posed a risk as sufficient personnel were not present to meet the resident's needs and ensure the health and safety of residents.",
            "findings": "1. A review of the facility documentation revealed a policy titled \"Client Supervision\" dated March 21, 2024. The policy stated \"ADHS - A.R.S. 36-401 \"Supervision means directly overseeing and inspecting the act of accomplishing a function or activity.\" 2. A review of facility documentation revealed a policy titled \"Staff Coverage, Ratio and Supervision\" dated May 2024. The policy stated, \" In an effort to minimize the risk of harm to residents, SLUSA will staff the BHRF in the following staffing patterns filled by persons who reflect the cultural and ethnic characteristics of the residents in care as much as possible. SLUSA will provide twenty-four (24) hours per day, seven (7) days per week monitoring of residents during the day and sleeping hours.\" 3. A review of facility documentation revealed a policy titled \"Staff Coverage, Ratio and Supervision\" dated May 2024. The policy stated \"Supervision of Residents inside the bedrooms: Bedroom checks shall be carried out at intervals not exceeding fifteen (15) minutes. During the Bedroom check, staff members shall not only confirm the resident's presence, but will also assess for any potential risk...\" 4. A review of facility documentation revealed a policy titled \"Job Description, Duties, and Qualifications.\" The policy stated. \"The Sanctuary will ensure that sufficient personnel members are present on the premises with the qualifications, experience, skills, and knowledge necessary to. Provide the services in The Sanctuary's scope of services. Meet the needs of the clients. Ensure the health and safety of a client.\" 5. A review of facility documentation revealed a incident report dated September 05, 2024. The incident report stated, \"On 09/05/2024, [E4] requested [R1] be brought to the therapy office once completed with another scheduled meeting. Resident [R1] was brought to the therapist's office at approximately 1:30-1:40. [R1] disclosed to the therapist that another peer was kissing [R1] and asking [R1] to engage in other sexual activity. The resident identified the additional sexual behavior as allowing a peer to \" finger [R1].\" The resident disclosed that the incident happened after 8:00 pm. The resident was requesting to move the cottages due to the incident. This therapist spoke to the program manager [E1] and RSM [E3] regarding the incident. The program manager was able to locate the incident through the video system. The video shows resident [R1] lingering outside of the restroom and shortly after resident [R2] making motions to [R1] from bedroom #4 doorway. The motions were suggestive of reeling someone in. Shadows were visible and appeared to be kissing and touching one another. One shadow appeared to get on their knees at a face to genital level with the other shadow. Another portion of the video appeared to have one resident lift their shirt while the other resident appeared to be using their mouth on the other resident's chest. One section of the video appears to have the residents inside bedroom #4 where there were no camera angles that could view what took place during these moments. The video footage was time stamped 8:22 pm when the first \" kissing \" was observed. [R1] exited bedroom #4 at 8:28 PM but returns at 8:29 pm and exits again at 8:31 PM. Another resident [R3] can be seen walking to bedroom #4 but quickly walking away. [R1] was interviewed by this therapist and the Group Facilitator [E4]. Residents stated that resident [R2] was touching [R1] \" private parts \" in addition to kissing. The resident denied digital penetration. The resident admitted to kissing and stated that the kissing had initially started weeks before the incident. [R2] states that [R2] was playing a game with other residents in which the residents were playing around and pretending to kiss. Resident states that when [R1] leaned in to pretend to kiss peer [R2] kissed [R1]. [R1] reported to feel uncomfortable and like [R1] was coerced. Client initially stated [R1] did not want to tell [R2] no but was afraid peer would get mad. [R1] later stated that [R1] said no but peer continued. 6. A review of facility footage dated September 5, 2024 revealed staff were in two separate locations of the cottage which did not provide a line of sight to room number four to provide continuous protective oversight to meet the needs of residents and ensure the health and safety. 7. A review of facility documentation dated September 5, 2024 revealed that in the 19 minutes of video footage, personnel did not conducted bedroom checks. 8. In a joint interview, O1 and O2 reported E4 was working on a project with another resident and E5 was assisting with medications. 9. In a joint interview, O1 and O2 acknowledged staff failed to ensure sufficient personnel members were present on a behavioral health residential facility's premises with the qualifications, experience, skills, and knowledge necessary to, provide the services in the behavioral health residential facility's scope of services, meet the needs of a resident, and ensure the health and safety of a resident. Plan of Correction Name, title and/or Position of the Person Responsible Date temporary correction was implemented Date permanent correction will be complete 2024-12-23 Temporary Solution Permanent Solution Monitoring"
        },
        {
            "rule": "A. An administrator shall ensure that: 8. If a behavioral health assessment is conducted by a: a. Behavioral health technician or registered nurse, within 24 hours a behavioral health professional, certified or licensed to provide the behavioral health services needed by the resident, reviews and signs the behavioral health assessment to ensure that the behavioral health assessment identifies the behavioral health services needed by the resident; or",
            "evidence": "Based on record review and interview, the administrator failed to ensure if a behavioral health assessment was conducted by a behavioral health technician (BHT) or registered nurse (RN), within 24 hours a behavioral health professional (BHP), certified or licensed to provide the behavioral health services needed by the resident, reviewed and signed the behavioral health assessment to ensure the behavioral health assessment identified the behavioral health services needed by the resident, for two of two residents sampled. The deficient practice posed a risk as an analysis of the resident's needs for behavioral health services to determine which services a health care institution would provide was not reviewed.",
            "findings": "1. A review of R1's medical record revealed documentation of behavioral health assessment dated April 2024. However, the assessment was not signed by a behavioral health professional. 2. A review of R2's medical record revealed documentation of behavioral health assessment dated July 2024. However, the assessment was not signed by a behavioral health professional. 3. In an interview, O1 acknowledged R1's and R2's behavioral assessment was not signed by a behavioral health professional. Plan of Correction Name, title and/or Position of the Person Responsible Date temporary correction was implemented Date permanent correction will be complete 2024-12-23 Temporary Solution Permanent Solution Monitoring"
        },
        {
            "rule": "A. An administrator shall ensure that a treatment plan is developed and implemented for each resident that: 4. Includes: c. The signature of the resident or the resident's representative, and date signed, or documentation of the refusal to sign;",
            "evidence": "Based on documentation review, record review, and interview, the administrator failed to ensure a treatment plan was developed and implemented for each resident to include the signature of the resident's representative, and the date signed, or documentation of the refusal to sign, for one of two residents sampled. The deficient practice posed a risk if the treatment plan was not developed to articulate decisions and agreements. Findings include: 1. A review of facility documentation revealed a policy and procedure titled \"Client Treatment Planning.\" The policy stated \"Each client's treatment plan will include:... The signatures of the client of the client's representative, and date signed, or documentation of the refusal to sign.\" 2. A review of R1's medical record revealed a treatment plan was completed July 2024. However, the treatment plan did not include the signature of the resident's representative (legal guardian). 3. A review of R1's medical record revealed a treatment plan was completed September 2024. However, the treatment plan did not include the signature of the resident's representative (legal guardian). 4. In an interview, O1 acknowledged the aforementioned treatment plans had not been signed by the resident representatives (legal guardians). E1 reported having issues scheduling with the resident representatives (legal guardians). Plan of Correction Name, title and/or Position of the Person Responsible Date temporary correction was implemented Date permanent correction will be complete 2024-12-23 Temporary Solution Permanent Solution Monitoring",
            "findings": ""
        },
        {
            "rule": "A. An administrator shall ensure that a treatment plan is developed and implemented for each resident that: 4. Includes: f. The signature of the personnel member who developed the treatment plan and the date signed;",
            "evidence": "Based on documentation review, record review, and interview, the administrator failed to ensure a treatment plan was developed and implemented for each resident to include the signature of the personnel member who developed the treatment plan and the date signed, for one of two residents sampled.",
            "findings": "1. A review of facility documentation revealed a policy and procedure titled \"Scope of Services.\" The policy stated, \"The Sanctuary approaches child sexual exploitation (CSE) and co-morbid needs from a complex, developmental, and neuropsychological trauma lens. We utilize evidence-based treatment measures and interventions in order to ensure qualitative care. Our model allows us to not only create efficacious treatment plans to maximize efficacy, it also allows us to support growing clinical knowledge of treatment for this unique population. The treatment modalities that structure our program can be found in leading trauma healing residential centers throughout the U.S., as well as in some of the most well respected academic and research establishments.\" 2. A review of facility documentation revealed a policy and procedure titled \"Client Treatment Planning.\" The policy stated \"Each client's treatment plan will include: The client's presenting issue, the physical health services or behavioral health services to be provided to the client, the signatures of the client of the client ' s representative, and date signed, or documentation of the refusal to sign, the date when the client ' s treatment plan will be reviewed, if a discharge date has been determined, the treatment need after discharge, the signature of the personnel member who developed the treatment plan and the date signed.\" 3 A review of R1's medical record revealed a treatment plan completed August 2024. However, the treatment plan was not reviewed and signed by the personnel member who developed the treatment plan and the date signed. 4. A review of R1's medical record revealed two treatment plans completed in September 2024. However, the treatment plans were not reviewed and signed by the personnel member who developed the treatment plans and the date signed. 5. In an interview, O1 acknowledged the administrator failed to ensure a treatment plan was developed and implemented for each resident to include the signature of the personnel member who developed the treatment plan and the date signed. Plan of Correction Name, title and/or Position of the Person Responsible Date temporary correction was implemented Date permanent correction will be complete 2024-12-23 Temporary Solution Permanent Solution Monitoring"
        },
        {
            "rule": "A. An administrator shall ensure that: 2. If a behavioral health residential facility is licensed to provide behavioral health services to individuals whose behavioral health issue limits the individuals' ability to function independently, a resident admitted to the behavioral health residential facility with limited",
            "evidence": "Based on documentation review, record review, and interview, the administrator failed to ensure, if a behavioral health residential facility was licensed to provide behavioral health services to individuals whose behavioral health issue limits the individuals' ability to function independently, a resident admitted to ability to function independently receives: b. Continuous protective oversight; the behavioral health residential facility with limited ability to function independently received continuous protective oversight. The deficient practice posed a risk to health and safety of residents under the age of 18, who required continuous protective oversight.",
            "findings": "1. A review of the facility documentation revealed a policy titled \"Client Supervision\" dated March 21, 2024. The policy stated \"ADHS - A.R.S. 36-401 \"Supervision means directly overseeing and inspecting the act of accomplishing a function or activity.\" 2. A review of facility documentation revealed a policy titled \"Staff Coverage, Ratio and Supervision\" dated May 2024. The policy stated, \"In an effort to minimize the risk of harm to residents, SLUSA will staff the BHRF in the following staffing patterns filled by persons who reflect the cultural and ethnic characteristics of the residents in care as much as possible. SLUSA will provide twenty-four (24) hours per day, seven (7) days per week monitoring of residents during the day and sleeping hours.\" 3. A review of facility documentation revealed a policy titled \"Staff Coverage, Ratio and Supervision\" dated May 2024. The policy stated \"Supervision of Residents inside the bedrooms: Bedroom checks shall be carried out at intervals not exceeding fifteen (15) minutes. During the Bedroom check, staff members shall not only confirm the resident's presence, but will also assess for any potential risk...\" 4. A review of facility documentation revealed a policy titled \"Job Description, Duties, and Qualifications.\" The Policy stated \"The Sanctuary will ensure that sufficient personnel members are present on the premises with the qualifications, experience, skills, and knowledge necessary to provide the services in The Sanctuary's scope of services, meet the needs of the clients, eEnsure the health and safety of a client.\" 5. A review of facility documentation revealed a incident report dated September 05, 2024. The incident report stated, \"On 09/05/2024, [E4] requested [R1] be brought to the therapy office once completed with another scheduled meeting. Resident [R1] was brought to the therapist's office at approximately 1:30-1:40. [R1] disclosed to the therapist that another peer was kissing [R1] and asking [R1] to engage in other sexual activity. The resident identified the additional sexual behavior as allowing a peer to \" finger [R1].\" The resident disclosed that the incident happened after 8:00 pm. The resident was requesting to move to the cottages due to the incident. This therapist spoke to the program manager [E1] and [E3] regarding the incident. The program manager was able to locate the incident through the video system. The video shows resident [R1] lingering outside of the restroom and shortly after resident [R2] making motions to [R1] from bedroom #4 doorway. The motions were suggestive of reeling someone in. Shadows were visible and appeared to be kissing and touching one another. One shadow appeared to get on their knees at a face to genital level with the other shadow. Another portion of the video appeared to have one resident lift their shirt while the other resident appeared to be using their mouth on the other resident's chest. One section of the video appears to have the residents inside bedroom #4 where there were no camera angles that could view what took place during these moments. The video footage was time stamped 8:22 pm when the first \" kissing \" was observed. [R1] exited bedroom #4 at 8:28 pm but returns at 8:29 pm and exits again at 8:31 pm. Another resident [R3] can be seen walking to bedroom #4 but quickly walking away. [R1] was interviewed by this therapist and the Group Facilitator [E4]. Residents stated that resident [R2] was touching [R1] \"private parts\" in addition to kissing. The resident denied digital penetration. The resident admitted to kissing and stated that the kissing had initially started weeks before the incident. [R2] states that [R2] was playing a game with other residents in which the residents were playing around and pretending to kiss. Resident states that when [R1] leaned in to pretend to kiss peer [R2] kissed. R1 reported to feel uncomfortable and like [R1] was coerced. Client initially stated [R1] did not want to tell [R2] no but was afraid peer would get mad. [R1] later stated that [R1] said no but peer continued.\" 6. A review of facility footage dated September 5, 2024 revealed staff were in two separate locations of the cottage which did not provide a line of sight to room number four to provide continuous protective oversight. 7. A review of facility documentation dated September 5, 2024 revealed in the 19 minutes of video footage, personnel did not conducted bedroom checks. 8. In a joint interview, O1 and O2 reported E4 was working on a project with another resident and E5 was assisting with medications. 9. In a joint interview, O1 and O2 acknowledged staff failed to provide continuous protective oversight to residents under the age of 18. Plan of Correction Name, title and/or Position of the Person Responsible Date temporary correction was implemented Date permanent correction will be complete 2024-12-23 Temporary Solution Permanent Solution Monitoring"
        }
    ]
}