{
    "legal_name": "SUNFLOWER LIVING LLC",
    "facility_status": "Active",
    "address": "8506 West Highland Avenue, Phoenix, AZ 85037",
    "license_status": "Active",
    "phone": "419-902-6878",
    "license_number": "BH7288",
    "max_licensed_capacity": "5",
    "license_effective_date": "5/9/2025",
    "chief_administrative_officer": "TIFFANY CARTER",
    "license_expires_date": "5/8/2026",
    "owner_licensee": "SUNFLOWER LIVING LLC",
    "inspection_number": "INSP-0088170",
    "inspection_date": "5/14/2024",
    "inspection_type": "Complaint;Compliance (Annual)",
    "certificate_number": "Initial Comments",
    "deficiencies": [
        {
            "rule": "An administrator shall ensure that: 2. Documentation of current contracted services is maintained that includes a description of the contracted services provided.",
            "evidence": "Based on record review and interview, the administrator failed to ensure documentation of current contracted services included a description of the contracted services provided, for two of two contracted personnel members sampled. The deficient practice posed a risk as the Department was unable to determine substantial compliance for the facility's contracted staff.",
            "findings": "1. A review of E5's personnel record revealed E5 was contracted as the facility's behavioral health professional (BHP). However, the contract maintained did not indicate E5 was available on-call. 2. In an interview, E1 reported E5 was the facility's BHP and was available on-call. E1 acknowledged the facility's contract with E5 did not include a description of on-call contracted services provided by E5. 3. A review of E6's personnel record revealed E6 was contracted by the facility as a registered dietitian (RD). E6's personnel record revealed a contract which stated, \"This agreement is valid from March 1, 2024 through February 28, 2025. However, the contract was not signed and executed by either party. 4. In an interview, E1 reported E6 continued to provide RD services for the facility as specified in the contract. E1 reported E1 recently followed up over email to obtain a signed copy of the contract. E1 acknowledged documentation of current contracted services with E6 was not maintained. Plan of Correction Name, title and/or Position of the Person Responsible Temporary Solution Permanent Solution Date temporary correction was implemented Date permanent correction will be complete 2024-06-13 Monitoring"
        },
        {
            "rule": "G. An administrator shall ensure that a personnel record is maintained for each personnel member, employee, volunteer, or student that includes: 3. Documentation of: c. The individual's completed orientation and in- service education as required by policies and procedures;",
            "evidence": "Based on documentation review, record review, and interview, the administrator failed to ensure a personnel record was maintained for each personnel member to include documentation of the individual's completed orientation as required by policies and procedures, for one of six personnel members sampled.",
            "findings": "1. Arizona Administrative Code (A.A.C.) R9-10-101.153. states \"Orientation\" means: \"the initial instruction and information provided to an individual before the individual starts work or volunteer services in a health care institution.\" 2. A review of facility policies and procedures revealed a policy titled \"Staff Training\" which stated, \"Direct care staff will receive initial orientation ...All training will be documented. Copies of documentation will be retained in the employee record.\" 3. A review of R1's and R2 ' s medical records revealed counseling notes from group and individual counseling sessions conducted at BH7288 in March, April, and May of 2024. 4. A review of E4's personnel record revealed documentation of E4's completed orientation was not available for review. 5. In an interview, E1 reported E4 worked with E6. E1 reported E4 came on site to provide residents with counseling two times per week. E1 reported E4 did receive orientation specific to the facility, but E1 acknowledged E4 ' s personnel record was not maintained to include documentation of E4 ' s completed orientation. Plan of Correction Name, title and/or Position of the Person Responsible Date temporary correction was implemented Date permanent correction will be complete 2024-06-13 Temporary Solution Permanent Solution Monitoring"
        },
        {
            "rule": "G. An administrator shall ensure that a personnel record is maintained for each personnel member, employee, volunteer, or student that includes: 3. Documentation of: g. If the individual is a behavioral health technician, clinical oversight required in R9-10-115;",
            "evidence": "Based on record review and interview, the administrator failed to ensure a personnel record included documentation of clinical oversight, as required in Arizona Administrative Code (A.A.C.) R9-10-115, for one of four behavioral health technicians (BHT's) sampled. The deficient practice posed a risk to the health and safety of residents if clinical oversight was not provided to ensure a resident's needs were met.",
            "findings": "1. A.A.C. R9-10-115.4. states: \"A behavioral health technician receives clinical oversight at least once during each two-week period, if the behavioral health technician provides services related to patient care at the health care institution during the two-week period.\" 2. A review of R1's medical record revealed E4 provided individual counseling to R1 on March 11, 20, and 28; April 3, 8, 17, 25, and 29; and May 5 of 2024. 3. A review of E4's personnel record revealed E4 had a masters of science (MS) in professional counseling. However, E4 ' s record indicated E4 was not a licensed behavioral health professional (BHP) and acted as a behavioral health technician (BHT) counselor for the facility. E4 ' s personnel record revealed no documentation of clinical oversight. 4. In an interview, E1 reported E4 worked with E5 and received clinical oversight from E5 every week. E1 reported E1 was not aware the facility needed to maintain documentation of E4 ' s clinical oversight. E1 acknowledged E4's personnel record did not include documentation which indicated clinical oversight was provided for each two week period during which E4 provided counseling services. Plan of Correction Name, title and/or Position of the Person Responsible Date temporary correction was implemented Date permanent correction will be complete 2024-06-13 Temporary Solution Permanent Solution Monitoring"
        },
        {
            "rule": "A. An administrator shall ensure that: 3. Except as provided in subsection (A)(4), general consent is obtained from: a. An adult resident or the resident's representative before or at the time of admission, or b. A resident's representative, if the resident is not an adult;",
            "evidence": "Based on documentation review, record review, and interview, the administrator failed to ensure that general consent was obtained from a resident's representative, for two of two residents sampled. The deficient practice posed a risk if a resident's representative consent for an adolescent resident to receive treatment at the facility.",
            "findings": "1. Arizona Administrative Code (A.A.C.) R9-10- 707(A)(3)(b) states: \"A. An administrator shall ensure that: 3. Except as provided in subsection (A)(4), general consent is obtained from: b. A resident's representative, if the resident is not an adult.\" 2. A review of R1's medical record revealed documentation of general consent obtained in subsection (A)(3) was not available for review. 3. A review of R2's medical record revealed documentation of general consent obtained in subsection (A)(3) was not available for review. 4. In an interview, E1 reported to be unaware of the requirement. E1 acknowledged general consent for R1 and R2 was not obtained or documented in R1's and R2's medical records. Plan of Correction Name, title and/or Position of the Person Responsible Date temporary correction was implemented Date permanent correction will be complete Temporary Solution Permanent Solution Monitoring 2024-06-13"
        },
        {
            "rule": "A. An administrator shall ensure that: 2. At the time of admission, a resident or the resident's representative receives a written copy of the requirements in subsection (B) and the resident rights in subsection (E); and",
            "evidence": "Based on record review and interview, the administrator failed to ensure at the time of admission, a resident or the resident's representative received a written copy of the requirements in subsection (B) and the resident rights in subsection (E), for two of two current residents sampled. The deficient practice posed a risk if residents and representatives were unaware of the requirements and the resident rights. Findings include: 1. A review of R1's medical record revealed documented evidence to indicate R1's representative received a written copy of the requirements in subsection (B) and the resident rights in subsection (E) was not available for review. 2.A review of R1's medical record revealed documented evidence to indicate R2's representative received a written copy of the requirements in subsection (B) and the resident rights in subsection (E) was not available for review. 3. In an interview, E1 acknowledged documented evidence to indicate R1 and R2 or their representatives received a written copy of the requirements in subsection (B) and the resident rights in subsection (E) was not available for review. Plan of Correction Name, title and/or Position of the Person Responsible Date temporary correction was implemented Date permanent correction will be complete 2024-06-13 Temporary Solution Permanent Solution Monitoring",
            "findings": ""
        },
        {
            "rule": "B. An administrator shall ensure that counseling is: 2. Provided according to the frequency and number of hours identified in the resident's treatment plan, and",
            "evidence": "Based on record review and interview, the administrator failed to ensure counseling was provided according to the frequency and number of hours identified in the resident's treatment plan, for one of two residents sampled.",
            "findings": "1. A review of R1's medical record revealed a treatment plan dated February 13, 2024. The treatment plan stated, \"Treatment Methods: Counseling ...Group 1x a week.\" The treatment plan did not identify the number of hours which counseling was to be provided. 2. A review of R1's medical record revealed documentation which indicated R1 received group counseling on April 7 and April 20, 2024. No documentation to indicate R1 received group counseling according to the frequency identified in R1's treatment plan in April and May of 2024 was not available for review. 3. In an interview, E1 reported R1 was preparing to discharge from the facility and did not attend some weekly counseling groups in April and May, 2024 as R1 was away from the facility for day visits with family. E1 acknowledged counseling was not provided according to the frequency identified in R1 ' s treatment plan. Plan of Correction Name, title and/or Position of the Person Responsible Date temporary correction was implemented Date permanent correction will be complete 2024-06-13 Temporary Solution Permanent Solution Monitoring"
        }
    ]
}