{
    "legal_name": "SUNFLOWER LIVING LLC",
    "facility_status": "Active",
    "address": "8506 West Highland Avenue, Phoenix, AZ 85037",
    "license_status": "Active",
    "phone": "419-902-6878",
    "license_number": "BH7288",
    "max_licensed_capacity": "5",
    "license_effective_date": "5/9/2025",
    "chief_administrative_officer": "TIFFANY CARTER",
    "license_expires_date": "5/8/2026",
    "owner_licensee": "SUNFLOWER LIVING LLC",
    "inspection_number": "INSP-0088165",
    "inspection_date": "6/14/2023",
    "inspection_type": "Complaint",
    "certificate_number": "Initial Comments",
    "deficiencies": [
        {
            "rule": "C. An administrator shall ensure that: 5. Unless otherwise stated: a. Documentation required by this Article is provided to the Department within two hours after a Department request; and",
            "evidence": "Based on documentation review and interview, the administrator failed to ensure documentation required by this Article was provided to the Department within two hours after a Department request. The deficient practice posed a risk as the Department was unable to determine substantial compliance.",
            "findings": "1. A review of facility documentation revealed a document titled \"Incident report\" dated June 8, 2023. The incident report stated \"What Happened? [R3] was suspected to have been smoking vape or marijuana and when confronted [R3] became irate and belligerent. [R3] ultimately left home with other peers and did not return. Special Incidents The individual is missing and the vendor has filed a missing persons report with a law enforcement agency...Review of incident, actions taken, and/or recommended...[R3] was questioned about eyes being red and why [R3's] responses were delayed after being outside with peers. [R3] stated that writer was \"tweaking\" and [R3] accused writer of being high because smoking was being questioned. [R3] denied having any vapes or substances [R3] offered for writer to check [R3's] pockets. [R3] was encouraged to go to be [sic] after dinner and informed of next days schedule. [R3's] peer appeared to be the provider of whatever that had been smoked...[R3's] peer suggested leaving because of [unknown] fear of in trouble with probation and potentially taken back to detention. [R3] was agreeable and immediately packed up a small bag and put shoes on. [R3] appeared to be more of a follower. [R3] left home with 3 other peers at about 915 pm. Staff came in to assisted and walked neighborhood and drove around to nearby stores and gas stations and [unknown] did not see them. A police report was filed...\" Additionally, the document contained boxes which stated \"Notifications...DES Case Worker...Parent/Guardian/TSS Case Worker.\" However, the boxes were not marked, and documentation of notification of R3's unauthorized absence to R3's parent or legal guardian was not available for review. 2. The Compliance Officer requested to review the facility's quality management program per Arizona Administrative Code (A.A.C.) R9-10- 704. However, a documented quality management program per A.A.C. R9-10-704 was not available for review. 3. The Compliance Officer requested to review the facility's report required in A.A.C. R9-10- 704(2) and the supporting documentation for the report. However, the report required in A.A.C. R9-10-704(2) and the supporting documentation for the report was not provided for review. 4. In an interview, E1 acknowledged the aforementioned documentation required by this Article was not provided to the Department within two hours after a Department request. This is a repeat citation from the on-site compliance inspection conducted on April 27, 2023. Plan of Correction Name, title and/or Position of the Person Responsible Date temporary correction was implemented Date permanent correction will be complete 2023-10-11 Temporary Solution Permanent Solution Monitoring"
        },
        {
            "rule": "K. An administrator shall: 7. If a resident's absence is unauthorized as determined according to the criteria in subsection (K)(6), within an hour after determining that the resident's absence is unauthorized, notify: a. For a resident who is under 18 years of age, the resident's parent or legal guardian; and b. For a",
            "evidence": "Based on documentation review and interview, the administrator failed to ensure within an hour after determining a resident's absence was unauthorized according to the criteria in subsection (K)(6), the administrator documented the notification of resident's parent or legal guardian, for one discharged resident. The deficient practice posed a risk as resident who is under a court's jurisdiction, the appropriate court; the Department was unable to determine substantial compliance as the documentation was not in the medical record during the inspection, and the documentation was not provided within two hours after a Department request.",
            "findings": "1. A review of facility documentation revealed a document titled \"Incident report\" dated June 8, 2023. The incident report stated \"What Happened? [R3] was suspected to have been smoking vape or marijuana and when confronted [R3] became irate and belligerent. [R3] ultimately left home with other peers and did not return. Special Incidents The individual is missing and the vendor has filed a missing persons report with a law enforcement agency...Review of incident, actions taken, and/or recommended...[R3] was questioned about eyes being red and why [R3's] responses were delayed after being outside with peers. [R3] stated that writer was \"tweaking\" and [R3] accused writer of being high because smoking was being questioned. [R3] denied having any vapes or substances [R3] offered for writer to check [R3's] pockets. [R3] was encouraged to go to be [sic] after dinner and informed of next days schedule. [R3's] peer appeared to be the provider of whatever that had been smoked...[R3's] peer suggested leaving because of [unknown] fear of in trouble with probation and potentially taken back to detention. [R3] was agreeable and immediately packed up a small bag and put shoes on. [R3] appeared to be more of a follower. [R3] left home with 3 other peers at about 915 pm. Staff came in to assisted and walked neighborhood and drove around to nearby stores and gas stations and [unknown] did not see them. A police report was filed...\" Additionally, the document contained boxes which stated \"Notifications...DES Case Worker...Parent/Guardian/TSS Case Worker.\" However, the boxes were not marked, and documentation of notification of R3's unauthorized absence to R3's parent or legal guardian was not available for review. 2. In an interview, E1 reported R3's legal guardian is the Department of Child Safety (DCS). E1 reported E1 did notify R3's legal guardian, and acknowledged documentation of notification of R3's unauthorized absence to R3's legal guardian was not available for review. Plan of Correction Name, title and/or Position of the Person Responsible Date temporary correction was implemented Date permanent correction will be complete 2023-10-11 Temporary Solution Permanent Solution Monitoring"
        },
        {
            "rule": "K. An administrator shall: 9. Evaluate and take action related to unauthorized absences under the quality management program in R9-10-704.",
            "evidence": "Based on documentation review and interview, the administrator failed to evaluate and take action related to unauthorized absences under the quality management program in Arizona Adminsitrative Code (A.A.C.) R9-10-704. The deficient practice posed a risk as the Department was unable to determine substantial compliance as the documentation was not available during the inspection, and the documentation was not provided within two hours after a Department request.",
            "findings": "1. A review of the facility's policies and procedures revealed an undated policy titled \"QUALITY ASSURANCE POLICY\". The policy stated \"Sunflower Living LLC will:...i) Provide information and choices which will lead to a healthier lifestyle j) monitor and review the care provided at least annually or more frequently as required to meet the needs of the service user k) Identify, monitor, and manage risk to service users m) Audit communication logs, MAR sheets, falls, medication errors, absences, compliments & complaints.\" 2. A review of facility documentation revealed a document titled \"Incident report\" dated June 8, 2023. The incident report stated \"What Happened? Writer suspected that group of teens had been smoking and when teens were confronted [R1] became paranoid admitted guilt and encouraged group of peers to leave facility to avoid getting in trouble. Special Incidents The individual is missing and the vendor has filed a missing persons report with a law enforcement agency. Notifications Police DES caseworker...Review of incident, actions taken, and/or recommended...[R1] was outside with peer's before dinner and asked to come in and get cleaned up to eat. [R1] sat on couch and as writer began to serve pizza it was noted that [R1] was wearing dark shades...following dinner writer noticed [R1's] apprehension to remove glasses. Writer investigated situation. It look as if all 3 teens, [R3] [age], [R4] [age] and [R1] [age] was potentially high with red eyes and delayed responses. Writer questioned if they had been smoking. [R1] and peers denied...Writer asked again to be honest and give up smoke stick if [R1] had one. [R1] pulled [R1's] pockets inside out and a lighter was exposed. Writer asked about the need for a lighter and [R1] responded that 'it's mine, everyone has lighters.\" [R1] was informed that a drug test would be conducted for the 3 and that they should all go to bed. This made [R1] very paranoid. [R1] asked the writer not to share information with [R1's] team. [R1] asked that writer not call the police...[R1] stated that [R1] may as well as leave because [R1] refuses to go to jail for a smoking violation. [R1] proceeded to [R1's] room as [R1's] peers followed [R1's] lead...[R1] said [R1] would detox before any test, then [R1] admitted to smoking marijuana and asked that it not be exposed. Writer reminded [R1] that [R1] has a standing order to be tested bi weekly and it would be exposed. [R1] left officer and 5 mins later [R1] and [R1's] peers [R3], [R4], and [R2]...lined up at front door to exit home. Writer reminded all of them that they were only making matters worse and the safest most responsible thing to do was to go to bed and get a fresh start tomorrow...Writer explained that the only [sic] for a police to be called out was for [R1] continuing to disrupt home and the encouragement of involving others. [R1] was reminded that [R1] has been caught 3x with vapes in home and all were removed from [R1's] person. [R1] stated [R1] felt bad doing those things and all 4 kids walked out of the home. Police was notified and report was filed...Incident started at about 715 pm during dinner. [R1] left home around 915pm. Staff [E3] rode around neighborhood and also was outside by feet and did not locate [R1] or peers.\" 3. A review of facility documentation revealed a document titled \"Incident report\" dated June 8, 2023. The incident report stated \"What Happened? Peers decided to AWOL and [R2] decided [R2] was going with them. [R2] left home at 915 pm. At 3 am [R2] was found asleep in driveway. Special Incidents The individual is missing and the vendor has filed a missing persons report with a law enforcement agency. Notifications Police DES caseworker...Review of incident, actions taken, and/or recommended...At 9:15 pm writer found [R2] standing at front door with peers preparing to AWOL. Jesse was told by writer to remove [R2] and to go back to bed and [R2] shook [R2's] head and said \"NO\" As [R2's] peers began to walk out the door same [sic] with bags in the hand, [R2] walked out as well, empty handed and without shoes on. Staff [E3] came in and drove around neighborhood as well search outside home and [R2] nor [R2's] peers were found. Police was called and report was obtained. [R2] along with another peer was found to be outside asleep at about 3am. They were assisted back into home and went to bed.\" 4. A review of facility documentation revealed a document titled \"Incident report\" dated June 8, 2023. The incident report stated \"What Happened? [R3] was suspected to have been smoking vape or marijuana and when confronted [R3] became irate and belligerent. [R3] ultimately left home with other peers and did not return. Special Incidents The individual is missing and the vendor has filed a missing persons report with a law enforcement agency...Review of incident, actions taken, and/or recommended...[R3] was questioned about eyes being red and why [R3's] responses were delayed after being outside with peers. [R3] stated that writer was \"tweaking\" and [R3] accused writer of being high because smoking was being questioned. [R3] denied having any vapes or substances [R3] offered for writer to check [R3's] pockets. [R3] was encouraged to go to be [sic] after dinner and informed of next days schedule. [R3's] peer appeared to be the provider of whatever that had been smoked... [R3's] peer suggested leaving because of [unknown] fear of in trouble with probation and potentially taken back to detention. [R3] was agreeable and immediately packed up a small bag and put shoes on. [R3] appeared to be more of a follower. [R3] left home with 3 other peers at about 915 pm. Staff came in to assisted and walked neighborhood and drove around to nearby stores and gas stations and [unknown] did not see them. A police report was filed...\" 5. A review of facility documentation revealed a document titled \"Incident report\" dated June 8, 2023. The incident report stated \"What Happened? [R4] followed group of teens in smoking marijuana and when group of teens planned to leave facility [R4] left facility as well. [R4] returned 7 hours later. Notifications Police case...Review of incident, actions taken, and/or recommended...[R4] has been hanging with...peer in home. [R4] seemed to be influenced to engage in smoking as writer found [R4] with red eyes and delayed responses. [R4] was questioned about [R4's] eyes being red and [R4] denied having involvement with smoking or drugs and also placed a bet that if [R4] was tested [R4] would pass and joked that when is is [sic] negative writer should give [R4] 10 dollars. However, [R4's] peers were more vocal and admitted to smoking. [R4's] peers were very paranoid and verbalized wanting to leave the facility to avoid getting in trouble. [R4] was encouraged not to worry about the events that took place and to go to bed and rest...After 10 minutes of [R4] talking with [R4's] peers writer found [R4] at the front door behind 2 others with bags packed preparing to leave the facility. [R4] left home with peers at about 915 pm. Staff [E3] came in to assist writer by driving the neighborhood as well as walked the streets and did not see [R4] or 3 others. Police report was filed after they did not return...At 3 am [R4] was found in the backyard asleep on the trampoline. [R4] came into home and went to bed.\" 6. The Compliance Officer requested Plan of Correction Name, title and/or Position of the Person Responsible Date temporary correction was implemented Date permanent correction will be complete 2023-10-11 Temporary Solution Permanent Solution Monitoring"
        },
        {
            "rule": "An administrator shall ensure that: 3. The report required in subsection (2) and the supporting documentation for the report are maintained for at least 12 months after the date the report is submitted to the governing authority.",
            "evidence": "Based on documentation review and interview, the administrator failed to ensure the report required in subsection (2) and the supporting documentation for the report were maintained for at least 12 months after the date the report was submitted to the governing authority. The deficient practice posed a risk as the Department was unable to determine substantial compliance as the documentation was not available during the inspection, and the documentation was not provided within two hours after a Department request.",
            "findings": "1. A review of the facility's policies and procedures revealed an undated policy titled \"QUALITY ASSURANCE POLICY\". The policy stated \"Sunflower Living LLC will:...c) The proprietor and the management team will ensure that feedback from service users, staff, observations of working practice, audits, adverse events, incidents, near misses, misconduct, compliments, and complaints is all collated and data/trends identified will be fed back to the management team monthly... i) Provide information and choices which will lead to a healthier lifestyle j) monitor and review the care provided at least annually or more frequently as required to meet the needs of the service user k) Identify, monitor, and manager risk to service users m) Audit communication logs, MAR sheets, falls, medication errors, absences, compliments & complaints...AUDIT At least one quality audit will be conducted on an annual basis...\" 2. The Compliance Officer requested to review the facility's report required in subsection (2) and the supporting documentation for the report. However, the report required in subsection (2) and the supporting documentation for the report was not provided for review. 3. In an interview, E1 acknowledged documentation of the report required in subsection (2) and the supporting documentation for the report were not maintained for at least 12 months after the date the report was submitted to the governing authority. Plan of Correction Name, title and/or Position of the Person Responsible Date temporary correction was implemented Date permanent correction will be complete 2023-10-10 Temporary Solution Permanent Solution Monitoring"
        },
        {
            "rule": "A. An administrator shall ensure that: 2. If a behavioral health residential facility is licensed to provide behavioral health services to individuals whose behavioral health issue limits the individuals' ability to function independently, a resident admitted to the behavioral health residential facility with limited ability to function independently receives: b. Continuous protective oversight;",
            "evidence": "Based on documentation review, record review, and interview, the administrator failed to ensure an individual whose behavioral health issue limits the individual's ability to function independently, received continuous protective oversight. The deficient practice posed a risk to R1 who required continuous protective oversight due to their limited ability to function independently.",
            "findings": "1. A review of the facility's policies and procedures revealed an undated policy titled \"QUALITY ASSURANCE POLICY\". The policy stated \"Sunflower Living LLC will:...i) Provide information and choices which will lead to a healthier lifestyle j) monitor and review the care provided at least annually or more frequently as required to meet the needs of the service user k) Identify, monitor, and manager risk to service users m) Audit communication logs, MAR sheets, falls, medication errors, absences, compliments & complaints.\" 2. A review of facility documentation revealed a document titled \"Incident report\" dated June 8, 2023. The incident report stated \"What Happened? Writer suspected that group of teens had been smoking and when teens were confronted [R1] became paranoid admitted guilt and encouraged group of peers to leave facility to avoid getting in trouble. Special Incidents The individual is missing and the vendor has filed a missing persons report with a law enforcement agency. Notifications Police DES caseworker...Review of incident, actions taken, and/or recommended...[R1] was outside with peer's before dinner and asked to come in and get cleaned up to eat. [R1] sat on couch and as writer began to serve pizza it was noted that [R1] was wearing dark shades...following dinner writer noticed [R1's] apprehension to remove glasses. Writer investigated situation. It look as if all 3 teens, [R3] [age], [R4] [age] and [R1] [age] was potentially high with red eyes and delayed responses. Writer questioned if they had been smoking. [R1] and peers denied...Writer asked again to be honest and give up smoke stick if [R1] had one. [R1] pulled [R1's] pockets inside out and a lighter was exposed. Writer asked about the need for a lighter and [R1] responded that 'it's mine, everyone has lighters.\" [R1] was informed that a drug test would be conducted for the 3 and that they should all go to bed. This made [R1] very paranoid. [R1] asked the writer not to share information with [R1's] team. [R1] asked that writer not call the police...[R1] stated that [R1] may as well as leave because [R1] refuses to go to jail for a smoking violation. [R1] proceeded to [R1's] room as [R1's] peers followed [R1's] lead...[R1] said [R1] would detox before any test, then [R1] admitted to smoking marijuana and asked that it not be exposed. Writer reminded [R1] that [R1] has a standing order to be tested bi weekly and it would be exposed. [R1] left officer and 5 mins later [R1] and [R1's] peers [R3], [R4], and [R2]...lined up at front door to exit home. Writer reminded all of them that they were only making matters worse and the safest most responsible thing to do was to go to bed and get a fresh start tomorrow...Writer explained that the only [sic] for a police to be called out was for [R1] continuing to disrupt home and the encouragement of involving others. [R1] was reminded that [R1] has been caught 3x with vapes in home and all were removed from [R1's] person. [R1] stated [R1] felt bad doing those things and all 4 kids walked out of the home. Police was notified and report was filed...Incident started at about 715 pm during dinner. [R1] left home around 915pm. Staff [E3] rode around neighborhood and also was outside by feet and did not locate [R1] or peers.\" 3. In an interview, E1 reported E1 searched the premises and R1's belongings, and did not find marijuana. E1 reported R1 took the city bus to and from summer school during the week. E1 reported R1's team and parole officer gave R1 permission to take the city bus unaccompanied. 4. In an interview, E2 reported R1 took the city bus to and from summer school during the week. E2 reported R1's team and parole officer gave R1 permission to take the city bus unaccompanied. 5. In an interview, E1 acknowledged the administrator failed to ensure R1 received continuous protective oversight. Plan of Correction Name, title and/or Position of the Person Responsible Date temporary correction was implemented Date permanent correction will be complete 2023-10-10 Temporary Solution Permanent Solution Monitoring"
        },
        {
            "rule": "A. An administrator shall ensure that: 7. A resident does not: a. Use or have access to any materials, furnishings, or equipment or participate in any activity or treatment that may present a threat to the resident's health or safety based on the resident's documented diagnosis, treatment needs, developmental levels, social skills, verbal skills, or personal history; or",
            "evidence": "Based on documentation review, record review, and interview, the administrator failed to ensure a resident did not use or have access to materials presenting a threat to the resident's health or safety based on the resident's documented diagnosis, treatment needs and personal history. The deficient practice posed a risk as residents had access to marijuana while admitted into a behavioral health residential facility.",
            "findings": "1. A review of the facility's policies and procedures revealed an undated policy titled \"QUALITY ASSURANCE POLICY\". The policy stated \"Sunflower Living LLC will:...i) Provide information and choices which will lead to a healthier lifestyle j) monitor and review the care provided at least annually or more frequently as required to meet the needs of the service user k) Identify, monitor, and manager risk to service users m) Audit communication logs, MAR sheets, falls, medication errors, absences, compliments & complaints.\" 2. A review of facility documentation revealed a document titled \"Incident report\" dated June 8, 2023. The incident report stated \"What Happened? Writer suspected that group of teens had been smoking and when teens were confronted [R1] became paranoid admitted guilt and encouraged group of peers to leave facility to avoid getting in trouble. Special Incidents The individual is missing and the vendor has filed a missing persons report with a law enforcement agency. Notifications Police DES caseworker...Review of incident, actions taken, and/or recommended...[R1] was outside with peer's before dinner and asked to come in and get cleaned up to eat. [R1] sat on couch and as writer began to serve pizza it was noted that [R1] was wearing dark shades...following dinner writer noticed [R1's] apprehension to remove glasses. Writer investigated situation. It look as if all 3 teens, [R3] [age], [R4] [age] and [R1] [age] was potentially high with red eyes and delayed responses. Writer questioned if they had been smoking. [R1] and peers denied...Writer asked again to be honest and give up smoke stick if [R1] had one. [R1] pulled [R1's] pockets inside out and a lighter was exposed. Writer asked about the need for a lighter and [R1] responded that 'it's mine, everyone has lighters.\" [R1] was informed that a drug test would be conducted for the 3 and that they should all go to bed. This made [R1] very paranoid. [R1] asked the writer not to share information with [R1's] team. [R1] asked that writer not call the police...[R1] stated that [R1] may as well as leave because [R1] refuses to go to jail for a smoking violation. [R1] proceeded to [R1's] room as [R1's] peers followed [R1's] lead...[R1] said [R1] would detox before any test, then [R1] admitted to smoking marijuana and asked that it not be exposed. Writer reminded [R1] that [R1] has a standing order to be tested bi weekly and it would be exposed. [R1] left officer and 5 mins later [R1] and [R1's] peers [R3], [R4], and [R2]...lined up at front door to exit home. Writer reminded all of them that they were only making matters worse and the safest most responsible thing to do was to go to bed and get a fresh start tomorrow...Writer explained that the only [sic] for a police to be called out was for [R1] continuing to disrupt home and the encouragement of involving others. [R1] was reminded that [R1] has been caught 3x with vapes in home and all were removed from [R1's] person. [R1] stated [R1] felt bad doing those things and all 4 kids walked out of the home. Police was notified and report was filed...Incident started at about 715 pm during dinner. [R1] left home around 915pm. Staff [E3] rode around neighborhood and also was outside by feet and did not locate [R1] or peers.\" 3. A review of facility documentation revealed a document titled \"Incident report\" dated June 8, 2023. The incident report stated \"What Happened? Peers decided to AWOL and [R2] decided [R2] was going with them. [R2] left home at 915 am. At 3 am [R2] was found asleep in driveway. Special Incidents The individual is missing and the vendor has filed a missing persons report with a law enforcement agency. Notifications Police DES caseworker...Review of incident, actions taken, and/or recommended...At 9:15 pm writer found [R2] standing at front door with peers preparing to AWOL. Jesse was told by writer to remove [R2] and to go back to bed and [R2] shook [R2's] head and said \"NO\" As [R2's] peers began to walk out the door same with bags in the hand, [R2] walked out as well, empty handed and without shoes on. Staff [E3] came in and drove around neighborhood as well search outside home and [R2] nor [R2's] peers were found. Police was called and report was obtained. [R2] along with another peer was found to be outside asleep at about 3am. They were assisted back into home and went to bed.\" 4. A review of facility documentation revealed a document titled \"Incident report\" dated June 8, 2023. The incident report stated \"What Happened? [R3] was suspected to have been smoking vape or marijuana and when confronted [R3] became irate and belligerent. [R3] ultimately left home with other peers and did not return. Special Incidents The individual is missing and the vendor has filed a missing persons report with a law enforcement agency...Review of incident, actions taken, and/or recommended...[R3] was questioned about eyes being red and why [R3's] responses were delayed after being outside with peers. [R3] stated that writer was \"tweaking\" and [R3] accused writer of being high because smoking was being questioned. [R3] denied having any vapes or substances [R3] offered for writer to check [R3's] pockets. [R3] was encouraged to go to be [sic] after dinner and informed of next days schedule. [R3's] peer appeared to be the provider of whatever that had been smoked... [R3's] peer suggested leaving because of [unknown] fear of in trouble with probation and potentially taken back to detention. [R3] was agreeable and immediately packed up a small bag and put shoes on. [R3] appeared to be more of a follower. [R3] left home with 3 other peers at about 915 pm. Staff came in to assisted and walked neighborhood and drove around to nearby stores and gas stations and [unknown] did not see them. A police report was filed...\" 5. A review of facility documentation revealed a document titled \"Incident report\" dated June 8, 2023. The incident report stated \"What Happened? [R4] followed group of teens in smoking marijuana and when group of teens planned to leave facility [R4] left facility as well. [R4] returned 7 hours later. Notifications Police case...Review of incident, actions taken, and/or recommended...[R4] has been hanging with 17 year old peer in home. [R4] seemed to be influenced to engage in smoking as writer found [R4] with red eyes and delayed responses. [R4] was questioned about [R4's] eyes being red and [R4] denied having involvement with smoking or drugs and also placed a bet that if [R4] was tested [R4] would pass and joked that when is is [sic] negative writer should give [R4] 10 dollars. However, [R4's] peers were more vocal and admitted to smoking. [R4's] peers were very paranoid and verbalized wanting to leave the facility to avoid getting in trouble. [R4] was encouraged not to worry about the events that took place and to go to bed and rest...After 10 minutes of [R4] talking with [R4's] peers writer found [R4] at the front door behind 2 others with bags packed preparing to leave the facility. [R4] left home with peers at about 915 pm. Staff [E3] came in to assist writer by driving the neighborhood as well as walked the streets and did not see [R4 or 3 others. Police report was filed after they did not return...At 3 am [R4] was found in the backyard asleep on the trampoline. [R4] came into home and went to bed.\" 6. A review of R1's medical record revealed a behavioral health assessment Plan of Correction Name, title and/or Position of the Person Responsible Date temporary correction was implemented Date permanent correction will be complete 2023-10-10 Temporary Solution Permanent Solution Monitoring"
        }
    ]
}