{
    "legal_name": "SUNFLOWER LIVING LLC",
    "facility_status": "Active",
    "address": "8506 West Highland Avenue, Phoenix, AZ 85037",
    "license_status": "Active",
    "phone": "419-902-6878",
    "license_number": "BH7288",
    "max_licensed_capacity": "5",
    "license_effective_date": "5/9/2025",
    "chief_administrative_officer": "TIFFANY CARTER",
    "license_expires_date": "5/8/2026",
    "owner_licensee": "SUNFLOWER LIVING LLC",
    "inspection_number": "INSP-0088173",
    "inspection_date": "10/4/2024",
    "inspection_type": "Complaint",
    "certificate_number": "Initial Comments",
    "deficiencies": [
        {
            "rule": "B. An administrator shall ensure that: 3. Sufficient personnel members are present on a behavioral health residential facility's premises with the qualifications, experience, skills, and knowledge necessary to: a. Provide the services in the behavioral health residential facility's scope of services, b. Meet the needs of a resident, and c. Ensure the health and safety of a resident.",
            "evidence": "Based on documentation review, record review, and interview the administrator failed to ensure sufficient personnel members were present on a behavioral health residential facility's premises with the qualifications, experience, skills, and knowledge necessary to provide the services in the behavioral health residential facility's scope of services, meet the needs of a resident, and ensure the health and safety of a resident. The deficient practice posed a health and safety risk to residents.",
            "findings": "1. A review of facility documentation revealed the facility scope of services which stated \"Resident Agency Status...Shift # 1...resident to personnel ratio - (3:1)...Shift # 2... resident to personnel ration - (3:1).... Shift # 3....resident to personnel ration - (3:1)...\" 2. A review of facility documentation revealed daily staffing schedules from August- October 2024. The August 2024 daily staffing schedule revealed one personnel member was present on sixty-five out of seventy scheduled shifts. The September 2024 daily staffing schedule revealed one personnel member was present on seventy-one out of seventy-one scheduled shifts. The October 2024 daily staffing schedule revealed one personnel member was present on ten out of eleven scheduled shifts. 3. In an interview, E1 reported a current census of five residents. 4. A review of facility documentation revealed the facility scope of services which stated \"Behavioral Health Technician Minimum qualifications: A high school diploma or school equivalency diploma (GED) and has 18 credit hours of post-high school education in a field related to behavioral health and two years full- time behavioral health experience.\" 5. A review of E2's (date of hire August 2024) personnel record revealed E2 was hired as a behavioral health technician. However, a combination of eighteen credit hours of post-high school education in a field related to behavioral health and two years full-time behavioral health experience was not available for review. 6. In an interview, E1 acknowledged there was not sufficient personnel present at the behavioral health residential facility's premises to provide the services in the behavioral health residential facility's scope of services, meet the needs of a resident, and ensure the health and safety of a resident. E1 acknowledged E2 was hired not meeting the education and experience requirements of a behavioral health technician. Plan of Correction Name, title and/or Position of the Person Responsible Date temporary correction was implemented Date permanent correction will be complete 2024-11-01 Temporary Solution Permanent Solution Monitoring"
        },
        {
            "rule": "G. An administrator shall ensure that a personnel record is maintained for each personnel member, employee, volunteer, or student that includes: 3. Documentation of: h. Cardiopulmonary resuscitation training, if required for the individual according to R9-10- 703(C)(1)(e);",
            "evidence": "Based on documentation review, record review and interview, the administrator failed to ensure a personnel record was maintained for each personnel member which included documentation of cardiopulmonary resuscitation training, for one of two personnel records sampled. The deficient practice posed a health and safety risk as E2's cardiopulmonary resuscitation training did not include a skills evaluation.",
            "findings": "1. A review of facility documentation revealed a policy and procedure titled \"Personnel Members Requirements & Verification of Qualifications, Skills, and Knowledge.\" The policy stated \"All personnel present at the facility during hours of operation and/or on an outing must have current documentation indicating successful completion of first aid and CPR, and the ability to perform CPR.\" 2. A review of E2's personnel record revealed E2's \"American Red Cross Training Services Certificate of Completion.\" However, the certificate stated \"[E2] has successfully completed requirements for Adult First Aid/CPR/AED Online (Eligible for Skills Session within 90 days).\" 3. In an interview, E1 reported E2 had completed the skills session. E1 acknowledged E2's personnel record did not contain documentation of children's cardiopulmonary resuscitation training with a completed skills evaluation. Plan of Correction Name, title and/or Position of the Person Responsible Date temporary correction was implemented Date permanent correction will be complete 2024-11-01 Temporary Solution Permanent Solution Monitoring"
        },
        {
            "rule": "J. An administrator shall ensure that the following personnel members have first-aid and cardiopulmonary resuscitation training specific to the populations served by the behavioral health residential facility: 1. At least one personnel member who is present at the behavioral health residential facility during hours of operation of the behavioral health residential facility, and",
            "evidence": "Based on documentation review, record review and interview, the administrator failed to ensure one personnel member who was present at the behavioral health residential facility during hours of operation had first-aid and cardiopulmonary resuscitation training specific to the populations served, for one of two personnel records sampled. The deficient practice posed a health and safety risk as E2's cardiopulmonary resuscitation training did not include a skills evaluation and was not specific to the population served.",
            "findings": "1. A review of facility documentation revealed the scope of services which stated \"Sun Flower Living, LLC is a twenty-four-hour Behavioral Health Residential facility for adolescent males ages 18 years or younger.\" 2. A review of facility documentation revealed a policy and procedure titled \"Personnel Members Requirements & Verification of Qualifications, Skills, and Knowledge.\" The policy stated \"All personnel present at the facility during hours of operation and/or on an outing must have current documentation indicating successful completion of first aid and CPR, and the ability to perform CPR.\" 3. A review of the facilities documentation revealed daily staffing schedules from August-October 2024. The daily staffing schedules reported E2 was the only personnel member present during E2's scheduled work hours on the following dates: - August: 18, 19, 20, 21, 22, 25, 26, 27, 28, 29. - September: 1, 2, 3, 4, 5, 8, 9, 10, 11, 12, 13, 14, 15, 16, 17, 18, 19, 22, 23, 24, 25, 26, 30. - October: 1-3. 4. A review of E2's personnel record revealed E2's \"American Red Cross Training Services Certificate of Completion.\" However, the certificate stated \"[E2] has successfully completed requirements for Adult First Aid/CPR/AED Online (Eligible for Skills Session within 90 days).\" However, documentation of E2's completed skills session was not available for review. 5. In an interview, E1 reported E2 had completed the skills session. E1 acknowledged E2's personnel record did not contain documentation of children's cardiopulmonary resuscitation training with a completed skills evaluation. E1 acknowledged E2 was left alone in the facility with residents without completed documentation of cardiopulmonary resuscitation training specific to the population served. Plan of Correction Name, title and/or Position of the Person Responsible Date temporary correction was implemented Date permanent correction will be complete 2024-11-01 Temporary Solution Permanent Solution Monitoring"
        },
        {
            "rule": "B. An administrator shall ensure that: 1. A resident is treated with dignity, respect, and consideration;",
            "evidence": "Based on record review and interview, the administrator failed to ensure a resident was treated with dignity, respect, and consideration. The deficient practice posed a health risk to residents as R1's sleep was intentionally disturbed on a school night.",
            "findings": "1. A review of R1's medical record revealed an incident report dated September 18th with a start time of 10:45 P.M. R1's incident report stated \"Staff noticed before bedtime at 8pm that there was a flavorful smell coming from the hallway after [R1] came from the bathroom and cut the fan off inside of the bathroom. The smell that staff could smell was a strong smell of cherries and strawberries but staff noticed that [R1] did not have any perfume spray in [R1's] hands. Staff also noticed that [R1] had red eyes as well after leaving out of the bathroom right before bedtime. Staff waited around until 10:45pm when staff knew that CV would be sleeping for the night. Staff decided to search [R1's] bedroom with the help of 3 other staff members present to watch for any sudden moves made by [R1] as the search began at 10:45pm. Staff cut on the bedroom light and asked [R1] to wake up. One staff began to take the pillows and stuffed animals off the bed. Another staff took the extra blanket sitting on the foot of the bed off the bed, so that all staff could see the bed in its entirety. [R1] was sleeping on top of the comfortor [sic] and did not have any cover on for staff to remove. Staff then asked [R1] to get out of the bed biut [sic] [R1] refused and said [R1] does not want t oget [sic] out of the bed. Staff asked repeatedly for [R1] to get out of the bed so that staff can search [R1's] room and so that staff can have [R1] empty [R1's] pockets. As [R1] was refusing to get out of the bed, one other staff member was searching [R1's] dresser drawers and [R1's] closet as well. Staff informed [R1] that staff believes [R1] has a vape and would like for [R1] to give it up. [R1] stated that [R1] does not have anything and stated that [R1] is just tired. Staff then again asked [R1] to get out of bed and [R1] refused. Staff informed [R1] that no one will be physically touching [R1] or searching [R1] and let [R1] know that all [R1] has to do is stand up and empty out [R1's] pockets and let staff continue to search the entire room. Staff informed [R1] that if [R1] continues to refuse to get out of the bed, then the police will be called to the home to help with the search. Staff let [R1] know that if the police find [R1] in possession of an illegal substance for [R1's] age, they made decide to take [R1] to jail tonight. After 2 minutes passed, [R1] then stated, \"here, just take it\" and handed staff a Vape that has liquid marijuana present inside of it.\" 2. In an interview, the Compliance Officer asked E1 why personnel waited for R1 to fall asleep before conducting the room search, knowing R1 had school the next morning. E1 reported staff waited for R1 to fall asleep to catch R1 off guard and to prevent R1 from reacting to the search. The Compliance Officer asked if R1 could have been \"caught off guard\" after R1 exited the bathroom or at any point prior to R1 going to bed to which E1 stated \"yes, R1 could have.\" E1 acknowledged waiting for R1 to fall asleep, on a school night, to catch R1 off guard for a room search was not treating R1 with dignity, respect or consideration. Plan of Correction Name, title and/or Position of the Person Responsible Date temporary correction was implemented Date permanent correction will be complete 2024-11-01 Temporary Solution Permanent Solution Monitoring"
        }
    ]
}