{
    "legal_name": "SUNFLOWER LIVING LLC",
    "facility_status": "Active",
    "address": "8506 West Highland Avenue, Phoenix, AZ 85037",
    "license_status": "Active",
    "phone": "419-902-6878",
    "license_number": "BH7288",
    "max_licensed_capacity": "5",
    "license_effective_date": "5/9/2025",
    "chief_administrative_officer": "TIFFANY CARTER",
    "license_expires_date": "5/8/2026",
    "owner_licensee": "SUNFLOWER LIVING LLC",
    "inspection_number": "INSP-0101413",
    "inspection_date": "6/17/2025",
    "inspection_type": "Complaint;Compliance (Annual)",
    "certificate_number": "BH7288",
    "deficiencies": [
        {
            "rule": "R9-10-706.G.3.e. Personnel G. An administrator shall ensure that a personnel record is maintained for each personnel member, employee, volunteer, or student that includes: 3. Documentation of: e. The individual's compliance with requirements in A.R.S. \u00a7\u00a7 36-411, 36-411.01, and 36-425.03, as applicable;",
            "evidence": "Based on record review and interview, the administrator failed to ensure a personnel record was maintained to include documentation of Arizona Revised Statutes (A.R.S.) \u00a7 36-411(C)(1) and documentation of compliance with the requirements in Arizona Revised Statutes (A.R.S.) \u00a7 36-425.03(E), for two of four personnel members sampled. The deficient practice posed a risk if E2 and E4 were a danger to a vulnerable population.",
            "findings": "A.R.S. \u00a7 36-425.03(A) states \"Except as provided in subsections B, C and D of this section, children's behavioral health program personnel, including volunteers, shall submit the form prescribed in subsection E of this section to the employer and shall have a valid fingerprint clearance card issued pursuant to title 41, chapter 12, article 3.1 or, within seven working days after employment or beginning volunteer work, shall apply for a fingerprint clearance card.\" A.R.S. \u00a7 36-425.03(E) states \"Children's behavioral health program personnel shall certify on forms that are provided by the department and notarized that they are not awaiting trial on or have never been convicted of or admitted in open court or pursuant to a plea agreement to committing any of the offenses listed in section 41-1758.03, subsection B or C in this state or similar offenses in another state or jurisdiction.\" A.R.S. \u00a7 36-411(C)(1) states: \"C. Owners shall make documented, good faith efforts to: 1. Contact previous employers to obtain information or recommendations that may be relevant to a person's fitness to work in a residential care institution, nursing care institution or home health agency.\" 1. A review of E2's personnel record revealed documentation of compliance with A.R.S. \u00a7 36-411(C)(1) was not available for review. Additionally, E2\u2019s personnel record revealed a valid fingerprint clearance card, however, documentation of compliance with A.R.S. \u00a7 36-425.03(E) was not available for review. 2. In an interview, E1 reported E2 worked at the facility previously, and has not worked at the facility for \u201cawhile\u201d. E1 reported E2 is currently employed. Additionally, E2 was scheduled to work at the facility later in the week. 3. A review of E4\u2019s personnel record revealed a valid fingerprint clearance card, however, documentation of compliance with A.R.S. \u00a7 36-425.03(E) was not available for review. 4. In an exit interview, the findings were reviewed with E1, and further documentation or comment was not provided. Plan of Correction Name, title and/or Position of the Person Responsible TIFFANY CARTER - ADMINISTRATOR Date temporary correction was implemented 2025-07-01 Date permanent correction will be complete 2025-07-01 Temporary Solution E1 acknowledges immediate compliance by reviewing and updating personnel records to include documentation of compliance with A.R.S. \u00a7\u00a7 36-411, 36-411.01, and 36-425.03 for all personnel members. Permanent Solution Implement a standardized process for maintaining personnel records that includes regular audits to ensure ongoing compliance with the requirements. Monitoring Solution: Conduct quarterly reviews of personnel records to verify that all documentation is up- to-date and compliant with the relevant statutes. Monitoring Conduct quarterly reviews of personnel records to verify that all documentation is up- to-date and compliant with the relevant statutes."
        },
        {
            "rule": "R9-10-706.G.3.f. Personnel G. An administrator shall ensure that a personnel record is maintained for each personnel member, employee, volunteer, or student that includes: 3. Documentation of: f. The individual ' s compliance with the requirements in A.R.S. \u00a7 8-804, if applicable;",
            "evidence": "Based on record review and interview, the administrator failed to ensure a personnel record was maintained for each personnel member which included documentation of the individual's compliance with the requirements in A.R.S. \u00a7 8-804, for two of four personnel records sampled. The deficient practice posed a risk as the Department was unable to determine substantial compliance.",
            "findings": "A.R.S. \u00a7 8-804(K) states \"Before being employed in a position that provides direct services to children or vulnerable adults pursuant to subsection B, paragraphs 4, 5 and 10 and 11 or subsections C and D and E of this section, employees shall certify, under penalty of perjury, on forms that are provided by the department whether an allegation of abuse or neglect was made against them and was substantiated. The forms are confidential. If this certification does not indicate a current investigation or a substantiated report of abuse or neglect, the employee may provide direct services pending the findings of the central registry check.\" 1. A review of E2's (hired in 2025) personnel record revealed E2 was a behavioral health technician. However, no documentation demonstrating the licensee submitted to the department of child safety in a manner prescribed by the department of child safety information necessary to conduct a central registry background check on E2 was available for review. 2. A review of E4's (hired in 2025) personnel record revealed E4 was a behavioral health technician. However, no documentation demonstrating the licensee submitted to the department of child safety in a manner prescribed by the department of child safety information necessary to conduct a central registry background check on E4 was available for review. 3. In an exit interview, the findings were reviewed with E1, and further documentation or comment were not provided. Plan of Correction Name, title and/or Position of the Person Responsible TIFFANY CARTER - ADMINISTRATOR Temporary Solution E1 acknowledges immediate review and update personnel records to include Date temporary correction was implemented 2025-07-01 Date permanent correction will be complete 2025-07-01 documentation of compliance with A.R.S. \u00a7 8- 804 for all personnel members. Permanent Solution Establish a protocol for maintaining personnel records that includes mandatory checks for compliance with A.R.S. \u00a7 8-804 before employment. Monitoring Perform monthly audits of personnel records to ensure continuous compliance with the requirements."
        },
        {
            "rule": "R9-10-706.G.3.j. Personnel G. An administrator shall ensure that a personnel record is maintained for each personnel member, employee, volunteer, or student that includes: 3. Documentation of: j.",
            "evidence": "of freedom from infectious tuberculosis, if required for the individual according to subsection (F). Evidence Based on record review and interview, the administrator failed to ensure a personnel member provided evidence of freedom from infectious tuberculosis (TB), as specified in Arizona Administrative Code (A.A.C.) R9-10- 113(B)(1)(a)(i) and R9-10-113(A)(2) for two of four personnel sampled. The deficient practice posed a potential TB infection risk to residents.",
            "findings": "Arizona Administrative Code (A.A.C.) R9- 10-113(B)(1)(a)(i) A health care institution's chief administrative officer shall: 1. For an individual for whom baseline screening and documentation of freedom from infectious tuberculosis is required by an Article in this Chapter, as specified in subsection (A)(2)(a), obtain one of the following as evidence of freedom from infectious tuberculosis: a. Documentation of a negative Mantoux skin test or other tuberculosis screening test that: i. Is recommended by the U.S. Centers for Disease Control and Prevention (CDC). Arizona Administrative Code (A.A.C.) R9- 10-113(A)(2) If a health care institution is subject to the requirements of this Section, as specified in an Article in this Chapter, the health care institution's chief administrative officer shall ensure that the health care institution establishes, documents, and implements tuberculosis infection control activities that: 2. Include: a. For each individual who is employed by the health care institution, provides volunteer services for the health care institution, or is admitted to the health care institution and who is subject to the requirements of this Section, baseline screening, on or before the date specified in the applicable Article of this Chapter, that consists of: i. Assessing risks of prior exposure to infectious tuberculosis, ii. Determining if the individual has signs or symptoms of tuberculosis, and iii. Obtaining documentation of the individual's freedom from infectious tuberculosis according to subsection (B)(1). 1. A review of the CDC website revealed a web page titled \"TB Screening and Testing of Health Care Personnel.\" The web page stated \"If the Mantoux tuberculin skin test (TST) is used to test health care personnel upon hire (preplacement), two-step testing should be used.\" 2. A review of E2's personnel record (hired in 2025) revealed documentation of E2's freedom of infectious TB, per R9- 10-113 (A)(2)(iii) of two-step testing, and documentation of baseline screening consisting of assessing risks of prior exposure to infectious TB was not available for review. 3. A review of E4's personnel record (hired in 2025) revealed documentation of E4's freedom of infectious TB, per R9- 10-113 (A)(2)(iii) of two-step testing, and documentation of baseline screening consisting of assessing risks of prior exposure to infectious TB was not available for review. 4. In an exit interview, the findings were reviewed with E1, and further documentation or comment was not provided. Plan of Correction Name, title and/or Position of the Person Responsible TIFFANY CARTER - ADMINISTRATOR Date temporary correction was implemented 2025-07-01 Date permanent correction will be complete 2025-07-01 Temporary Solution E1 acknowledges to obtain and document evidence of freedom from infectious tuberculosis for all personnel members as required by A.A.C. R9-10-113. Permanent Solution Develop a comprehensive tuberculosis screening program that includes mandatory testing and documentation for all personnel members. Monitoring Implement bi-annual reviews of tuberculosis screening documentation to ensure ongoing compliance with the requirements."
        },
        {
            "rule": "R9-10-711.E.3.a. Resident Rights E. A resident has the following rights: 3. To receive privacy in treatment and care for personal needs, including the right not to be fingerprinted, photographed, or recorded without consent, except: a. A resident may be photographed when admitted to a behavioral health residential facility for identification and administrative purposes;",
            "evidence": "Based on observation and interview, the administrator failed to ensure a resident had the right to receive privacy in treatment and care for personal needs, including the right not to be fingerprinted, photographed, or recorded without consent. The deficient practice posed a risk if residents were unable to ensure their privacy.",
            "findings": "1. The Compliance Officer observed cameras installed on the ceiling of two resident bedrooms and the living room area. The Compliance Officer observed the office television screen displaying the video feed from the bedrooms and the living room area. 2. A review of R1\u2019s and R2\u2019s medical records revealed no documentation of evidence to indicate R1 and R2 consented to being recorded or documentation from R1's and R2's representatives indicating the residents were not allowed to have privacy. 3. In an interview, E1 reported the cameras were in the bedroom for safety and security purposes, and the videos are maintained on a temporary basis. E1 reported the Department did not previously have an issue with the cameras in the bedrooms. During the inspection, E1 disconnected the cameras. 4. In an exit interview, the findings were reviewed with E1 and further comment was not provided. Plan of Correction Name, title and/or Position of the Person Responsible TIFFANY CARTER - ADMINISTRATOR Date temporary correction was implemented 2025-07-01 Date permanent correction will be complete 2025-09-01 Temporary Solution E1 acknowledges and disconnected cameras from resident bedrooms and living areas to ensure privacy. Permanent Solution Established a policy and consent form to be signed by parents and guardians that would allow the use of cameras in living areas solely for the purposes of enhancing the safety, security, and well-being of all individuals in the home. Cameras in the bedrooms have been disconnected and will be removed entirely by Sept 1, 2025 Monitoring Obtained signed consents for current residents and in the future as an added document in the intake process. Cameras in the bedrooms have been disconnected and will be removed entirely by Sept 1, 2025"
        },
        {
            "rule": "R9-10-722.B.8.c. Physical Plant Standards B. An administrator shall ensure that: 8. A resident bedroom complies with the following: c. Contains a door that opens into a hallway, common area, or outdoors;",
            "evidence": "Based on observation and interview, the administrator failed to ensure a resident bedroom contained a door. The deficient practice posed a risk if residents were unable to ensure their privacy.",
            "findings": "1. The Compliance Officer observed three bedrooms in the facility occupied by five residents. However, all three bedrooms did not contain doors. 2. In an interview, E1 reported the bedroom doors had been removed for safety concerns. 3. In an exit interview, the findings were reviewed with E1 and further comment was not provided. Plan of Correction Name, title and/or Position of the Person Responsible TIFFANY CARTER - ADMINISTRATOR Date temporary correction was implemented 2025-07-01 Date permanent correction will be complete Temporary Solution E1 acknowledged and installed doors in all resident bedrooms to ensure privacy and compliance with physical plant standards. Permanent Solution Implement a policy that requires all resident bedrooms to have doors that open into a hallway, common area, or outdoors. 2025-07-01 Monitoring Perform routine checks to ensure that all resident bedrooms are equipped with doors and that the physical plant standards are being maintained."
        }
    ]
}