{
    "legal_name": "SUNFLOWER LIVING LLC",
    "facility_status": "Active",
    "address": "8506 West Highland Avenue, Phoenix, AZ 85037",
    "license_status": "Active",
    "phone": "419-902-6878",
    "license_number": "BH7288",
    "max_licensed_capacity": "5",
    "license_effective_date": "5/9/2025",
    "chief_administrative_officer": "TIFFANY CARTER",
    "license_expires_date": "5/8/2026",
    "owner_licensee": "SUNFLOWER LIVING LLC",
    "inspection_number": "INSP-0088164",
    "inspection_date": "4/27/2023",
    "inspection_type": "Compliance (Annual)",
    "certificate_number": "Initial Comments",
    "deficiencies": [
        {
            "rule": "36-420.01. Health care institutions; fall prevention and fall recovery; training programs; definition A. Each health care institution shall develop and administer a training program for all staff regarding fall prevention and fall recovery. The training program shall include initial training and continued competency training in fall prevention and fall recovery. A health care institution may use information and training materials from the department's Arizona falls prevention coalition in developing the training program.",
            "evidence": "Based on documentation review, record review, and interview, the health care institution failed to develop and administer a training program for all staff regarding fall prevention and fall recovery to include initial training and continued competency training in fall prevention and fall recovery. The deficient practice posed a risk if employees were not properly trained to assist a resident in an emergency, the Department was unable to determine substantial compliance as the required documentation was not available during the inspection, and was not provided to the Department within two hours after a Department request.",
            "findings": "1. A review of the facility's policies and procedures revealed a policy titled \"Staff Training\" dated March 15, 2022. The policy stated: \"Direct care staff will receive initial orientation and ongoing inservice training based on state regulations and the needs of the residents being served in the community...\" However, evidence of a fall prevention and fall recovery training program was not available for review. 2. A review of E2's personnel record revealed documentation of initial training or continued competency training in fall prevention and fall recovery was not available for review. 3. A review of E3's personnel record revealed documentation of initial training or continued competency training in fall prevention and fall recovery was not available for review. 4. A review of E4's personnel record revealed documentation of initial training or continued competency training in fall prevention and fall recovery was not available for review. 5. In an interview, E1 acknowledged the facility had not developed and administered a training program for all staff regarding fall prevention and fall recovery. Plan of Correction Name, title and/or Position of the Person Responsible Date temporary correction was implemented Date permanent correction will be complete Temporary Solution Permanent Solution Monitoring 2023-07-21"
        },
        {
            "rule": "C. An administrator shall ensure that: 5. Unless otherwise stated: a. Documentation required by this Article is provided to the Department within two hours after a Department request; and",
            "evidence": "Based on record review, documentation review, and interview, the administrator failed to ensure documentation required by this Article was provided to the Department within two hours after a Department request. The deficient practice posed a risk as the Department was unable to determine substantial compliance.",
            "findings": "1. A review of E4's personnel record revealed documentation of current contracted services including a description of the contracted services provided was not available for review. 2. A review of E4's personnel record revealed documentation to demonstrate E4's skills and knowledge were verified and documented was not available for review. 3. A review of E4's personnel record revealed documentation of E4's completed orientation was not available for review. 4. A review of E3's personnel record revealed documentation of compliance with A.R.S. \\'a7 36-411(C)(1)-(2) was not available for review. 5. A review of E4's personnel record revealed documentation of compliance with A.R.S. \\'a7 36-411(C)(1)-(2) was not available for review. 6. A review of the facility documentation revealed daily staffing schedules were not available for review. 7. A review of R1's medical record revealed documentation of general consent obtained in subsection (A)(3) was not available for review. 8. A review of R2's medical record revealed documentation of general consent obtained in subsection (A)(3) was not available for review. 9. A review of R1's medical record revealed documentation indicating R1 provided evidence of freedom from infectious TB before or within seven calendar days after R1's admission date was not available for review. Based on R1's admission date, documentation of evidence of freedom from infectious TB was required. 10. A review of R2's medical record revealed documentation indicating R2 provided evidence of freedom from infectious TB before or within seven calendar days after R2's admission date was not available for review. Based on R2's admission date, documentation of evidence of freedom from infectious TB was required. 11. A review of R1's medical record revealed a treatment plan per R9-10-708(A)(4) was not available for review. 12. A review of R2's medical record revealed a treatment plan per R9-10-708(A)(4) was not available for review. 13. The Compliance Officer requested to review counseling notes for the month of April 2023 for R1, however, counseling notes for R1 were available for review. 14. The Compliance Officer requested to review the facility's pest control program including a pest control contract, however, documentation of a pest control program for BH7288 was not available for review. 15. A review of E2's personnel record revealed documentation of initial training or continued competency training in fall prevention and fall recovery was not available for review. 16. A review of E3's personnel record revealed documentation of initial training or continued competency training in fall prevention and fall recovery was not available for review. 17. A review of E4's personnel record revealed documentation of initial training or continued competency training in fall prevention and fall recovery was not available for review. 18. In an interview, E1 acknowledged documentation required by Article 7 was not provided to the Department within two hours after a Department request. Plan of Correction Name, title and/or Position of the Person Responsible Date temporary correction was implemented Date permanent correction will be complete 2023-07-21 Temporary Solution Permanent Solution Monitoring"
        },
        {
            "rule": "An administrator shall ensure that: 2. Documentation of current contracted services is maintained that includes a description of the contracted services provided.",
            "evidence": "Based on record review and interview, the administrator failed to ensure documentation of current contracted services, including a description of the contracted services provided, was maintained. The deficient practice posed a risk as the Department was unable to determine substantial compliance as the documentation was not available during the inspection, and the documentation was not provided at the exit interview. Findings include: 1. A review of E4's personnel record revealed documentation of current contracted services, including a description of the contracted services provided, was not available for review. 2. In an interview, E1 acknowledged E4's documentation of current contracted services, including a description of the contracted services to be provided, was not maintained. Plan of Correction Name, title and/or Position of the Person Responsible Date temporary correction was implemented Date permanent correction will be complete 2023-07-21 Temporary Solution Permanent Solution Monitoring",
            "findings": ""
        },
        {
            "rule": "G. An administrator shall ensure that a personnel record is maintained for each personnel member, employee, volunteer, or student that includes: 3. Documentation of: a. The individual's qualifications, including skills and knowledge applicable to the individual's job duties;",
            "evidence": "Based on documentation review, record review, and interview, the administrator failed to ensure a personnel record was maintained for each personnel members to include documentation of the individual's skills and knowledge, for one behavioral health professional (BHP) sampled. The deficient practice posed a risk if a personnel member was unable to meet a resident's needs, the Department was unable to determine substantial compliance as the documentation was not in the personnel record during the inspection, and the documentation was not provided within two hours after a Department request.",
            "findings": "1. A review of the facility's policies and procedures revealed an undated policy titled \"Personnel Members Requirements & Verification of Qualifications, Skills and Knowledge\". The policy stated: \"Verify the skills and knowledge necessary to perform the duties consistent with the personnel member's job description for working in this agency, in addition to the specific skills and knowledge necessary to: a. Protect resident's rights. b. Provide treatment that promotes resident's dignity, independence, individuality, strengths, privacy, and choice. c. Recognize obvious symptoms of a mental disorder, personality disorder, or substance abuse. d. Provide the behavioral health services that the agency is authorized to provide and that the personnel members member is qualified to provide. e. Meet the unique needs of the resident populations served by the agency or the personnel members member, such as adults aged 18 years and older, individuals who have substance abuse problems, individuals who are seriously mentally ill, or individuals who have co-occurring disorders...Provide the activities or behavioral health services identified in the personnel members and member's job description or the agency's policy and procedure.\" 2. A review of E4's personnel record revealed documentation to demonstrate E4's skills and knowledge were verified and documented was not available for review. 3. In an interview, E1 reported E1 had documentation of E4's skills and knowledge, however, E1 could not locate the documentation. E1 acknowledged documentation to demonstrate E4's skills and knowledge were verified and documented was not provided for review. Plan of Correction Name, title and/or Position of the Person Responsible Date temporary correction was implemented Date permanent correction will be complete 2023-07-21 Temporary Solution Permanent Solution Monitoring"
        },
        {
            "rule": "G. An administrator shall ensure that a personnel record is maintained for each personnel member, employee, volunteer, or student that includes: 3. Documentation of: c. The individual's completed orientation and in- service education as required by policies and procedures;",
            "evidence": "Based on documentation review, record review, and interview, the administrator failed to ensure a personnel record was maintained for each personnel member to include documentation of the individual's completed orientation as required by policies and procedures, for one of three personnel members sampled. The deficient practice posed a risk if E4 was unable to meet the needs of the residents, the Department was unable to determine substantial compliance as the documentation was not in the personnel record during the inspection, and the documentation was not provided within two hours after a Department request. Findings include: 1. Arizona Administrative Code (A.A.C.) R9-10-101.155. states \"Orientation\" means \"the initial instruction and information provided to an individual before the individual starts work or volunteer services in a health care institution.\" 2. A review of the facility's policies and procedures revealed a policy titled \"R9-10-706 ORIENTATION\" dated March 15, 2022. The policy stated: \"Upon hiring, all new hire staff will need to go through our 4-hour training process before working alone. Professional test may be given to ensure that enough pertinent information has been retained. Ongoing staff meetings will take place at least, but not limited to, once every 30 days.\" 3. A review of E4's personnel record revealed documentation of E4's completed orientation was not available for review. 4. In an interview, E1 reported E4 completed orientation, however, E1 could not locate the documentation. E1 acknowledged documentation of E4's orientation was not available for review. Plan of Correction Name, title and/or Position of the Person Responsible Date temporary correction was implemented Date permanent correction will be complete 2023-07-21 Temporary Solution Permanent Solution Monitoring",
            "findings": ""
        },
        {
            "rule": "G. An administrator shall ensure that a personnel record is maintained for each personnel member, employee, volunteer, or student that includes: 3. Documentation of: e. The individual's compliance with requirements in A.R.S. \u00a7\u00a7 36-411, 36-411.01, and 36-425.03, as applicable;",
            "evidence": "Based on record review and interview, the administrator failed to ensure a personnel record included documentation of compliance Arizona Revised Statutes (A.R.S.) \\'a7 36-411, for two of three personnel members sampled. The deficient practice posed a risk as the Department was unable to determine substantial compliance as the documentation was not in the personnel record during the inspection, and the documentation was not provided within two hours after a Department request.",
            "findings": "1. A.R.S. \\'a7 36- 411(C) states: \"Owners shall make documented, good faith efforts to: 1. Contact previous employers to obtain information or recommendations that may be relevant to a person's fitness to work in a residential care institution, nursing care institution or home health agency. 2. Verify the current status of a person's fingerprint clearance card.\" 2. A review of E3's personnel record revealed documentation of compliance with A.R.S. \\'a7 36-411(C)(1)-(2) was not available for review. 3. A review of E4's personnel record revealed documentation of compliance with A.R.S. \\'a7 36-411(C)(1)-(2) was not available for review. 4. In an interview, E1 acknowledged documentation of compliance with A.R.S. \\'a7 36-411(C)(1)-(2) for E3 and E4 was not available for review. Plan of Correction Name, title and/or Position of the Person Responsible Date temporary correction was implemented Date permanent correction will be complete 2023-07-21 Temporary Solution Permanent Solution Monitoring"
        },
        {
            "rule": "K. An administrator shall ensure that: 3. There is",
            "evidence": "Based on documentation review and interview, a daily staffing schedule that: a. Indicates the date, scheduled work hours, and name of each employee assigned to work, including on-call personnel members; b. Includes documentation of the employees who work each calendar day and the hours worked by each employee; and c. Is maintained for at least 12 months after the last date on the documentation; the administrator failed to ensure there was a daily staffing schedule which indicated the date, scheduled work hours, and name of each employee assigned to work, including on-call personnel members, included documentation of the employees who worked each calendar day and the hours worked by each employee, and was maintained for at least 12 months after the last date on the documentation. The deficient practice posed a risk as there was no record to verify sufficient, qualified staff were present or available to meet the needs of the residents, the Department was unable to determine substantial compliance as the documentation was not available during the inspection, and the documentation was not provided within two hours after a Department request.",
            "findings": "1. A review of Department documentation revealed the license for BH7288 was effective on May 9, 2022. 2. A review of the facility documentation revealed daily staffing schedules were not available for review. 3. In an interview, E1 reported the facility maintained two shifts, 7:00 AM to 7:00 PM, and 7:00 PM to 7:00 AM. E1 acknowledged a daily staffing schedule indicating the date, scheduled work hours, and name of each employee assigned to work, including on-call personnel members, was not available for review. Plan of Correction Name, title and/or Position of the Person Responsible Date temporary correction was implemented Date permanent correction will be complete 2023-07-21 Temporary Solution Permanent Solution Monitoring"
        },
        {
            "rule": "A. An administrator shall ensure that: 5. The general consent obtained in subsection (A)(3) is documented in the resident's medical record;",
            "evidence": "Based on documentation review, record review, and interview, the administrator failed to ensure that general consent obtained in subsection (A)(3) is documented in the resident's medical record, for two of two residents sampled. The deficient practice posed a risk as the Department was unable to determine substantial compliance as the documentation was not in the medical records during the inspection, and the documentation was not provided at the exit interview. Findings include: 1. Arizona Administrative Code (A.A.C.) R9-10-707(A)(3)(b) states: \"A. An administrator shall ensure that: 3. Except as provided in subsection (A)(4), general consent is obtained from: b. A resident's representative, if the resident is not an adult.\" 2. A review of R1's medical record revealed documentation of general consent obtained in subsection (A)(3) was not available for review. 3. A review of R2's medical record revealed documentation of general consent obtained in subsection (A)(3) was not available for review. 4. In an interview, E1 reported to be unaware of the requirement. E1 acknowledged general consent for R1 and R2 was not obtained or documented in R1's and R2's medical records. Plan of Correction Name, title and/or Position of the Person Responsible Date temporary correction was implemented Date permanent correction will be complete 2023-07-21 Temporary Solution Permanent Solution Monitoring",
            "findings": ""
        },
        {
            "rule": "A. An administrator shall ensure that: 13. Except as provided in subsection (E)(1)(d), a resident provides",
            "evidence": "of freedom from infectious tuberculosis: a. Before or within seven calendar days after the resident's admission, and b. As specified in R9-10-113. Evidence Based on record review and interview, the administrator failed to ensure a resident provided evidence of freedom from infectious tuberculosis (TB) before or within seven calendar days after the resident's admission, for two of two residents sampled. The deficient practice posed a TB exposure risk to residents, the Department was unable to determine substantial compliance as the documentation was not in the medical records during the inspection, and the documentation was not provided within two hours after a Department request.",
            "findings": "1. A review of R1's medical record revealed documentation indicating R1 provided evidence of freedom from infectious TB before or within seven calendar days after R1's admission date was not available for review. Based on R1's admission date, documentation of evidence of freedom from infectious TB was required. 2. A review of R2's medical record revealed documentation indicating R2 provided evidence of freedom from infectious TB before or within seven calendar days after R2's admission date was not available for review. Based on R2's admission date, documentation of evidence of freedom from infectious TB was required. 3. In an interview, E1 reported R1 and R2 had TB tests from previous facilities, however, E1 did not have the documentation. E1 acknowledged documentation indicating R1 and R2 provided evidence of freedom from infectious TB before or within seven calendar days after R1's and R2's admission was not available for review. Plan of Correction Name, title and/or Position of the Person Responsible Date temporary correction was implemented Date permanent correction will be complete 2023-07-21 Temporary Solution Permanent Solution Monitoring"
        },
        {
            "rule": "C. An administrator shall ensure that a resident's medical record contains: 12. Treatment plans;",
            "evidence": "Based on record review and interview, the administrator failed to ensure a resident's medical record contained a treatment plan, for two of two residents sampled. The deficient practice posed a risk as there was no treatment plan to direct services to be provided to a resident, the Department was unable to determine substantial compliance as the required documentation was not in the medical record during the inspection, and was not provided to the Department within two hours after a Department request.",
            "findings": "1. A review of R1's medical record revealed a treatment plan per Arizona Administrative Code (A.A.C.) R9-10-708(A)(4) was not available for review. 2. A review of R2's medical record revealed a treatment plan per A.A.C. R9-10-708(A)(4) was not available for review. 3. In an interview, E1 reported treatment plans are done verbally over the phone to plan treatment. E1 acknowledged a treatment plan for R1 and R2 was not available for review. Plan of Correction Name, title and/or Position of the Person Responsible Date temporary correction was implemented Date permanent correction will be complete 2023-07-21 Temporary Solution Permanent Solution Monitoring"
        },
        {
            "rule": "B. An administrator shall ensure that counseling is: 1. Offered as described in the behavioral health residential facility's scope of services,",
            "evidence": "Based on documentation review, record review, and interview, the administrator failed to ensure counseling was offered as described in the behavioral health residential facility's scope of services. The deficient practice posed a risk if a resident did not receive treatment at the behavioral health residential facility to cure, improve, or palliate their behavioral health issue, the Department was unable to determine substantial compliance as the documentation was not available in the medical records during the inspection, and the licensee did not provide the documentation within two hours after a Department request.",
            "findings": "1. A review of the facility's policies and procedures revealed an undated policy titled \"Scope of Services\". The policy stated: \"Type of counseling Individual # Of Contacts Minimum 1 hr. sessions per week-per resident...Group # Of Contacts Minimum 1 hr. sessions per week-per resident...\" 2. The Compliance Officer requested to review counseling notes for the month of April 2023 for R1, however, counseling notes for R1 were available for review. 3. In an interview, E2 reported R1 would be starting counseling the following week. E2 acknowledged counseling was not offered as described in the behavioral health residential facility's scope of services. Plan of Correction Name, title and/or Position of the Person Responsible Date temporary correction was implemented Date permanent correction will be complete 2023-07-21 Temporary Solution Permanent Solution Monitoring"
        },
        {
            "rule": "C. An administrator shall: 3. Maintain documentation of a current fire inspection.",
            "evidence": "Based on observation and interview, the administrator failed to ensure the facility maintained documentation of a current fire inspection.",
            "findings": "1. During the environmental inspection of the facility, the Compliance Officer observed a fire inspection report dated November 4, 2021 from the City of Phoenix posted on the wall in a hallway of the facility. The expiration date of the inspection report was November 4, 2022. 2. In an interview, E1 acknowledged the fire inspection for the facility was not current. Plan of Correction Name, title and/or Position of the Person Responsible Date temporary correction was implemented Date permanent correction will be complete 2023-07-21 Temporary Solution Permanent Solution Monitoring"
        },
        {
            "rule": "A. Except for an outdoor behavioral health care program provided by a behavioral health residential facility, an administrator shall ensure that: 1. The premises and equipment are: c. Free from a condition or situation that may cause a resident or other individual to suffer physical injury;",
            "evidence": "Based on observation and interview, the administrator failed to ensure the premises was free from a condition or situation that may cause a resident or other individual to suffer physical injury. The deficient practice posed a risk as a ligature point was identified. Findings include: 1. During the environmental inspection of the facility, the Compliance Officer observed one grab bar attached to the wall next to the shower, and one grab bar attached to the wall by the toilet area, in a hallway bathroom accessible to residents. 2. In an interview, E1 acknowledged the grab bars posed a potential ligature hazard, and the premises was not free from a condition or situation that may cause a resident or other individual to suffer physical injury. Plan of Correction Name, title and/or Position of the Person Responsible Date temporary correction was implemented Date permanent correction will be complete 2023-07-21 Temporary Solution Permanent Solution Monitoring",
            "findings": ""
        },
        {
            "rule": "A. Except for an outdoor behavioral health care program provided by a behavioral health residential facility, an administrator shall ensure that: 2. A pest control program that complies with A.A.C. R3-8-20l(C)(4) is implemented and documented;",
            "evidence": "Based on documentation review and interview, the manager failed to ensure a pest control program in compliance with Arizona Administrative Code (A.A.C.) R3-8-201(C)(4) was documented. The deficient practice posed a risk as the facility standards were not documented, the Department was unable to determine substantial compliance as the documentation was not available during the inspection, the documentation was not provided within two hours after a Department request.",
            "findings": "1. The Compliance Officer requested to review the facility's pest control program including a pest control contract, however, documentation of a pest control program for BH7288 was not available for review. 2. In an interview, E1 reported the facility has a current pest control contract, however, E1 could not open the documentation on the computer. E1 acknowledged a pest control program compliant with A.A.C. R3-8- 20l(C)(4) was not documented. Plan of Correction Name, title and/or Position of the Person Responsible Date temporary correction was implemented Date permanent correction will be complete 2023-07-21 Temporary Solution Permanent Solution Monitoring"
        }
    ]
}