{
    "legal_name": "SUNNY SIDE GROUP HOME",
    "facility_status": "Active",
    "address": "252 West Caribbean Drive, Casa Grande, AZ 85122",
    "license_status": "Active",
    "phone": "2028805147",
    "license_number": "BH9801",
    "max_licensed_capacity": "7",
    "license_effective_date": "7/31/2025",
    "chief_administrative_officer": "MICHAEL ROBINSON II",
    "license_expires_date": "7/30/2026",
    "owner_licensee": "SUNNY SIDE GROUP HOME LLC",
    "inspection_number": "INSP-0158023",
    "inspection_date": "8/18/2025",
    "inspection_type": "Compliance (Annual)",
    "certificate_number": "BH9801",
    "deficiencies": [
        {
            "rule": "R9-10-109.B.1-2. Changes Affecting a License B. If a licensee intends to terminate the operation of a health care institution , the licensee shall ensure that the Department is notified in writing of: 1. The termination of the health care institution's operations, as required in A.R.S. \u00a7 36-422(D), at least 30 calendar days before the termination, and 2. The address and contact information for the location where the health care institution ' s medical records will be retained as required in A.R.S. \u00a7 12-2297.",
            "evidence": "Based on documentation review, observation, record review, and interview, the licensee failed to ensure the Department was notified in writing of the termination of the health care institution's operations, as required in A.R.S. \u00a7 36-422(D), at least 30 calendar days before the termination. The deficient practice posed a risk as the facility was not operating as a health care institution, and the condition of the facility posed a risk to the health and safety of an individual.",
            "findings": "A.R.S. \u00a7 36-401(23) \"Health care institution\" means every place, institution, building or agency, whether organized for profit or not, that provides facilities with medical services, nursing services, behavioral health services, health screening services, other health-related services, supervisory care services, personal care services or directed care services and includes home health agencies as defined in section 36-151, outdoor behavioral health care programs and hospice service agencies. 1. A review of Department documentation revealed the following substantive policy statement effective August 23, 2021: \"The purpose of this substantive policy statement is to notify the public of the Department's interpretation of the definition of 'health care institution,' contained in A.R.S. \u00a7 36-401, as it relates to a health care institution license under A.R.S. \u00a7 36-424 and 36-425. A.R.S. \u00a736- 401 states: 'Health care institution' means every place, institution, building or agency, whether organized for profit or not, that provides facilities with medical services, nursing services, behavioral health services, health screening services, other health-related services, supervisory care services, personal care services or directed care services and includes home health agencies as defined in section 36-151, outdoor behavioral health care programs and hospice service agencies. The Department interprets this definition to mean that in order to be a health care institution, a place, institution, building, or agency must be providing medical services, nursing services, behavioral health services, health screening services, other health-related services, supervisory care services, personal care services, or directed care services. A place, institution, building, or agency that does not provide any of these services for an extended period of time ceases to be a health care institution, because it no longer fits within the statutory definition of 'health care institution'. If the Department determines upon performing a compliance inspection for a health care institution that a licensed 'health care institution' has not provided medical services, nursing services, behavioral health services, health screening services, other health-related services, supervisory care services, personal care services, or directed care services for 12 consecutive months, the Department shall revoke the health care institution license on the grounds that the place, institution, building, or agency is not a health care institution and thus is ineligible for licensure.\" 2. A review of Department documentation revealed the behavioral health residential facility perpetual license (BH9801) was effective on July 31, 2024. 3. The Compliance Officers observed a license conspicuously posted on the premises for BH9801, dated July 31, 2024, with an anniversary date of July 30, 2025. 4. The Compliance Officers observed no residents on the premises. 5. The Compliance Officers observed a toilet with low water and discoloration in the toilet bowl. 6. In an interview, E1 reported E1 had the water turned off because there were no residents and no services were being provided. 7. A review of Department documentation revealed an email received by the Department on May 30, 2025 from E2. The email revealed E2 ended E2\u2019s contract as the behavioral health professional (BHP) with BH9801. 8. In an interview, E1 reported BH9801 did not have a BHP. E1 reported E1 was in the process of signing a contract with O1. 9. In an interview, E1 reported no residents had been admitted to the facility since the facility was licensed. E1 reported the facility had not yet accepted residents due to the Arizona Health Care Contract Containment System (AHCCCS) moratorium. E1 reported the facility recently received a contract with AHCCCS. 10. In an interview, E1 reported the facility was working with the Arizona Department of Child Safety, Arizona Department of Economic Security, and the Salt River Pima\u2013Maricopa Indian Community for referrals and placement. 11. In an exit interview, the findings were reviewed with E1, and no additional comments or statements were provided regarding the findings."
        }
    ]
}