{
    "legal_name": "SUNNY SIDE GROUP HOME",
    "facility_status": "Active",
    "address": "252 West Caribbean Drive, Casa Grande, AZ 85122",
    "license_status": "Active",
    "phone": "2028805147",
    "license_number": "BH9801",
    "max_licensed_capacity": "7",
    "license_effective_date": "7/31/2025",
    "chief_administrative_officer": "MICHAEL ROBINSON II",
    "license_expires_date": "7/30/2026",
    "owner_licensee": "SUNNY SIDE GROUP HOME LLC",
    "inspection_number": "INSP-0088286",
    "inspection_date": "10/8/2024",
    "inspection_type": "Initial Monitoring",
    "certificate_number": "Initial Comments",
    "deficiencies": "no deficiencies"
}