{
    "legal_name": "THE U - TURN FOUNDATION",
    "facility_status": "Active",
    "address": "4005 East Edgewood Avenue, Mesa, AZ 85206",
    "license_status": "Active",
    "phone": "4806341163",
    "license_number": "BH2457",
    "max_licensed_capacity": "10",
    "license_effective_date": "8/1/2025",
    "chief_administrative_officer": "MELONY K OPHEIM",
    "license_expires_date": "7/31/2026",
    "owner_licensee": "THE U-TURN FOUNDATION, INC.",
    "inspection_number": "INSP-0091873",
    "inspection_date": "9/20/2022",
    "inspection_type": "Compliance (Annual)",
    "certificate_number": "Initial Comments",
    "deficiencies": [
        {
            "rule": "A. Each health care institution shall develop and administer a training program for all staff regarding fall prevention and fall recovery. The training program shall include initial training and continued competency training in fall prevention and fall recovery. A health care institution may use information and training materials from the department's Arizona falls prevention coalition in developing the training program.",
            "evidence": "Based on documentation review, record review and interview, the health care institution failed to develop and administer a training program for all staff regarding fall prevention and fall recovery to include initial training and continued competency training in fall prevention and fall recovery.",
            "findings": "1. A review of the facility's policies and procedures revealed a policy titled \"Orientation, Training, & Education\" (dated September 1, 2018). The policy stated \"1. Upon hire, employees will receive a minimum of 24 hours of orientation and training to include education on...2. Within the first year of employment, all employees will receive 48 hours of total training and education, which may include some or all hours from the employee's orientation. 3. Each year after the first year of employment, employees will receive 24 hours of continuing training and education. 4. Topic for training and education will be based on consistently evolving contractual requirements, but include at a minimum the following topics...\" However, evidence of a fall prevention and fall recovery training program was not available for review. 2. A review of E1's personnel record revealed documentation of initial training or continued competency training in fall prevention and fall recovery was not available for review. 3. A review of E3's personnel record revealed documentation of initial training or continued competency training in fall prevention and fall recovery was not available for review. 4. A review of E4's personnel record revealed documentation of initial training or continued competency training in fall prevention and fall recovery was not available for review. 5. A review of E5's personnel record revealed documentation of initial training or continued competency training in fall prevention and fall recovery was not available for review. 6. In a joint interview, E1 and E2 acknowledged the facility had not developed and administered a training program for all staff regarding fall prevention and fall recovery. Plan of Correction Name, title and/or Position of the Person Responsible Date temporary correction was implemented Date permanent correction will be complete 2022-10-21 Temporary Solution Permanent Solution Monitoring"
        },
        {
            "rule": "C. An administrator shall ensure that: 3. Policies and procedures are reviewed at least once every three years and updated as needed;",
            "evidence": "Based on documentation review and interview, the administrator failed to ensure the facility's policies and procedures were reviewed at least once every three years and updated as needed.",
            "findings": "1. A review of facility documentation revealed a policy and procedures manual. The policy and procedures manual revealed a document titled \"Approval & Biennial Review.\" The document stated \"Review Date: 9/1/18...\" 2. In a joint interview, E1 and E2 acknowledged the policies and procedures were not reviewed at least once every three years and updated as needed. Plan of Correction Name, title and/or Position of the Person Responsible Date temporary correction was implemented Date permanent correction will be complete 2022-10-14 Temporary Solution Permanent Solution Monitoring"
        },
        {
            "rule": "A. An administrator shall ensure that: 2. At the time of admission, a resident or the resident's representative receives a written copy of the requirements in subsection (B) and the resident rights in subsection (E); and",
            "evidence": "Based on record review and interview, the administrator failed to ensure at the time of admission, a resident or the resident representative received a written copy of the requirements in subsection (B) and the resident rights in subsection (E), for three of three residents sampled.",
            "findings": "1. A review of R1's medical record revealed a document titled \"Client Rights\" (dated in May 2021). However, the document did not meet the requirements in subsection (B) and the resident rights in subsection (E). 2. A review of R2's medical record revealed a document titled \"Client Rights\" (dated in April 2022). However, the document did not meet the requirements in subsection (B) and the resident rights in subsection (E). 3. A review of R3's medical record revealed a document titled \"Client Rights\" (dated in September 2022). However, the document did not meet the requirements in subsection (B) and the resident rights in subsection (E). 4. In a joint interview, E1 and E2 acknowledged R1, R2, and R3 did not receive a written copy of the requirements in subsection (B) and the resident rights in subsection (E). Plan of Correction Name, title and/or Position of the Person Responsible Date temporary correction was implemented Temporary Solution Permanent Solution Monitoring Date permanent correction will be complete 2022-10-14"
        },
        {
            "rule": "C. An administrator shall ensure that a resident's medical record contains: 18. Except as allowed in R9-10-707(E)(1)(d), documentation of freedom from infectious tuberculosis required in R9-10-707(A)(13);",
            "evidence": "Based on record review and interview, the administrator failed to ensure a resident's medical record contained documentation of freedom from infectious tuberculosis (TB) as required in R9-10-707(A)(13), for one of three resident's sampled. The deficient practice posed a TB exposure risk to residents. Findings include: R9-10-113(B) A health care institution's chief administrative officer shall: 1. For an individual for whom baseline screening and documentation of freedom from infectious tuberculosis is required by an Article in this Chapter, as specified in subsection (A)(2) (a), obtain one of the following as evidence of freedom from infectious tuberculosis: a. Documentation of a negative Mantoux skin test or other tuberculosis screening test that: i. Is recommended by the U.S. Centers for Disease Control and Prevention (CDC), ii. Was administered within 12 months before the date the individual begins providing services at or on behalf of the health care institution or is admitted to the health care institution, and iii. Includes the date and the type of tuberculosis screening test; b. If the individual had a history of tuberculosis or documentation of latent tuberculosis infection, as defined in A.A.C. R9- 6-1201, compliance with subsection (A)(2)(b); or c. If the individual had a positive Mantoux skin test or other tuberculosis screening test according to subsection (B)(1)(a) and does not have history of tuberculosis or documentation of latent tuberculosis infection, as defined in A.A.C. R9-6-1201, a written statement: i. That the individual is free from infectious tuberculosis, signed by a medical practitioner or local health agency, as defined in A.A.C. R9- 6-101; and ii. Dated within 12 months before the date the individual begins providing services at or on behalf of the health care institution or is admitted to the health care institution; and 2. As part of the annual assessment of the health care institution ' s risk of exposure to infectious tuberculosis according to subsection (A)(2)(d), ensure that documentation is obtained for each individual required to be screened for infectious tuberculosis that: a. Indicates the individual ' s freedom from symptoms of infectious tuberculosis; and b. Is signed by a medical practitioner, occupation health provider, as defined in A.A.C. R9-6-801, or local health agency, as defined in A.A.C. R9-6-101. 1. A review of R2's (admitted in 2022) medical record revealed documentation of evidence of freedom from infectious TB was not available for review. 2. In a joint interview, E1 and E2 acknowledged R2 did not provide evidence of freedom from infectious TB. Plan of Correction Name, title and/or Position of the Person Responsible Date temporary correction was implemented Date permanent correction will be complete 2022-09-21 Temporary Solution Permanent Solution Monitoring",
            "findings": ""
        },
        {
            "rule": "B. Except for an outdoor behavioral health care program provided by a behavioral health residential facility, an administrator shall ensure that: 2. The disaster plan required in subsection (B)(1) is reviewed at least once every 12 months;",
            "evidence": "Based on documentation review and interview, the administrator failed to ensure the disaster plan was reviewed at least once every twelve months. The deficient practice posed a risk as a disaster plan reinforces and clarifies standards expected of employees.",
            "findings": "1. A review of facility documentation revealed a disaster plan annual review (dated July 16, 2020). However, documentation to indicate the disaster plan was reviewed at least once every twelve months was not available for review. 2. In a joint interview, E1 and E2 acknowledged the facility's disaster plan had not been reviewed at least once every twelve months. Plan of Correction Name, title and/or Position of the Person Responsible Date temporary correction was implemented Date permanent correction will be complete 2022-10-10 Temporary Solution Permanent Solution Monitoring"
        }
    ]
}