{
    "legal_name": "THE U - TURN FOUNDATION",
    "facility_status": "Active",
    "address": "4005 East Edgewood Avenue, Mesa, AZ 85206",
    "license_status": "Active",
    "phone": "4806341163",
    "license_number": "BH2457",
    "max_licensed_capacity": "10",
    "license_effective_date": "8/1/2025",
    "chief_administrative_officer": "MELONY K OPHEIM",
    "license_expires_date": "7/31/2026",
    "owner_licensee": "THE U-TURN FOUNDATION, INC.",
    "inspection_number": "INSP-0091876",
    "inspection_date": "10/25/2024",
    "inspection_type": "Complaint;Compliance (Annual)",
    "certificate_number": "Initial Comments",
    "deficiencies": "no deficiencies"
}