{
    "legal_name": "THY GRACE CARE 2",
    "facility_status": "Active",
    "address": "37728 West San Capistrano Avenue, Maricopa, AZ 85138",
    "license_status": "Active",
    "phone": "6144324351",
    "license_number": "BH9989",
    "max_licensed_capacity": "6",
    "license_effective_date": "5/16/2025",
    "chief_administrative_officer": "GRACE GYAN",
    "license_expires_date": "5/15/2026",
    "owner_licensee": "THY GRACE CARE LLC",
    "inspection_number": "INSP-0089743",
    "inspection_date": "5/10/2024",
    "inspection_type": "Compliance (Initial)",
    "certificate_number": "Initial Comments",
    "deficiencies": "no deficiencies"
}