{
    "legal_name": "TREE OF LIFE ARIZONA",
    "facility_status": "Active",
    "address": "1659 East Draper, Mesa, AZ 85203",
    "license_status": "Active",
    "phone": "4802419963",
    "license_number": "BH4477",
    "max_licensed_capacity": "5",
    "license_effective_date": "10/1/2024",
    "chief_administrative_officer": "FLOYD PATTERSON II",
    "license_expires_date": "9/30/2025",
    "owner_licensee": "TREE OF LIFE ARIZONA LLC",
    "inspection_number": "INSP-0090025",
    "inspection_date": "10/11/2023",
    "inspection_type": "Compliance (Annual)",
    "certificate_number": "Initial Comments",
    "deficiencies": "no deficiencies"
}