{
    "legal_name": "TREE OF LIFE ARIZONA",
    "facility_status": "Active",
    "address": "1659 East Draper, Mesa, AZ 85203",
    "license_status": "Active",
    "phone": "4802419963",
    "license_number": "BH4477",
    "max_licensed_capacity": "5",
    "license_effective_date": "10/1/2024",
    "chief_administrative_officer": "FLOYD PATTERSON II",
    "license_expires_date": "9/30/2025",
    "owner_licensee": "TREE OF LIFE ARIZONA LLC",
    "inspection_number": "INSP-0090026",
    "inspection_date": "8/5/2024",
    "inspection_type": "Complaint",
    "certificate_number": "Initial Comments",
    "deficiencies": [
        {
            "rule": "I. If an administrator has a reasonable basis, according to A.R.S. \u00a7 13-3620 or 46-454, to believe abuse, neglect, or exploitation has occurred on the premises or while a resident is receiving services from a behavioral health residential facility ' s employee or personnel member, the administrator shall: 3. Document: a. The suspected abuse, neglect, or exploitation; b. Any action taken according to subsection (I)(1); and c. The report in subsection (I)(2);",
            "evidence": "Based on interview and documentation review, according to A.R.S. \\'a7 13-3620, the administrator had a reasonable basis to believe abuse, neglect, or exploitation had occurred on the premises or while a resident was receiving services from a behavioral health residential facility's employee or personnel member, and failed to document the suspected abuse; any action taken according to subsection (I)(1); and the report in subsection (I)(2), for one of two residents sampled. The deficient practice posed a risk as a peace officer, the department of child safety, or a tribal law enforcement was unable to assess if there was an immediate health and safety concern for the resident and other residents residing in the behavioral health residential facility.",
            "findings": "A.R.S. \\'a7 13-3620 Any person who reasonably believes that a minor is or has been the victim of physical injury, abuse, child abuse, a reportable offense or neglect that appears to have been inflicted upon the minor by other than accidental means or that is not explained by the available medical history as being accidental in nature or who reasonably believes there has been a denial or deprivation of necessary medical treatment or surgical care or nourishment with the intent to cause or allow the death of an infant who is protected under section 36-2281 shall immediately report or cause reports to be made of this information to a peace officer, to the Department of Child Safety or to a tribal law enforcement or social services agency for any Indian minor who resides on an Indian reservation, except if the report concerns a person who does not have care, custody or control of the minor, the report shall be made to a peace officer only ... For the purposes of this subsection, \"person\" means: Any other person who has responsibility for the care or treatment of the minor. 1. In a joint interview E6 reported around August 2, 2024, R2's grandmother reported possible verbal abuse against R2 by E3 to Julie. E1 stated an internal investigation was conducted and no evidence of abuse was found. Therefore, no report was made to a peace officer, to the Department of Child Safety, or to a tribal law enforcement or social services agency for any Indian minor who resided on an Indian reservation the facility 2. In a joint interview, E1 and E6 reported R2's high needs case manager and R2's mother were included in the conversations held surrounding the alleged verbal abuse against R2. 3. The Compliance Officer requested to review documentation of the suspected abuse, action taken, and the report. However, the documentation was not provided for review. 4. In a joint interview, E1 and E6 acknowledged the suspected abuse was not documented per the Rule. Plan of Correction Name, title and/or Position of the Person Responsible Date temporary correction was implemented Date permanent correction will be complete 2024-09-15 Temporary Solution Permanent Solution Monitoring"
        }
    ]
}