{
    "legal_name": "TREE OF LIFE ARIZONA",
    "facility_status": "Active",
    "address": "2935 East Dartmouth Street, Mesa, AZ 85213",
    "license_status": "Active",
    "phone": "4802846498",
    "license_number": "BH5668",
    "max_licensed_capacity": "10",
    "license_effective_date": "2/1/2025",
    "chief_administrative_officer": "FLOYD PATTERSON II",
    "license_expires_date": "1/31/2026",
    "owner_licensee": "TREE OF LIFE ARIZONA LLC",
    "inspection_number": "INSP-0090031",
    "inspection_date": "1/28/2025",
    "inspection_type": "Compliance (Annual)",
    "certificate_number": "Initial Comments",
    "deficiencies": "no deficiencies"
}