{
    "legal_name": "YOUTH DEVELOPMENT INSTITUTE",
    "facility_status": "Active",
    "address": "1921 East Portland Street, Phoenix, AZ 85006",
    "license_status": "Active",
    "phone": "6022565300",
    "license_number": "BH3061",
    "max_licensed_capacity": "10",
    "license_effective_date": "6/1/2025",
    "chief_administrative_officer": "DAVID J COCOROS",
    "license_expires_date": "5/31/2026",
    "owner_licensee": "YOUTH DEVELOPMENT INSTITUTE",
    "inspection_number": "INSP-0055387",
    "inspection_date": "7/1/2024",
    "inspection_type": "Compliance (Annual)",
    "certificate_number": "Initial Comments",
    "deficiencies": "no deficiencies"
}