{
    "legal_name": "YOUTH DEVELOPMENT INSTITUTE",
    "facility_status": "Active",
    "address": "1921 East Portland Street, Phoenix, AZ 85006",
    "license_status": "Active",
    "phone": "6022565300",
    "license_number": "BH3061",
    "max_licensed_capacity": "10",
    "license_effective_date": "6/1/2025",
    "chief_administrative_officer": "DAVID J COCOROS",
    "license_expires_date": "5/31/2026",
    "owner_licensee": "YOUTH DEVELOPMENT INSTITUTE",
    "inspection_number": "INSP-0055389",
    "inspection_date": "10/2/2024",
    "inspection_type": "Complaint",
    "certificate_number": "Initial Comments",
    "deficiencies": [
        {
            "rule": "A.R.S. \u00a7 36-424. Inspections; suspension or revocation of license; report to board of examiners of nursing care institution administrators and assisted living facility managers C. On a determination by the director that there is reasonable cause to believe a health care institution is not adhering to the licensing requirements of this chapter, the director and any duly designated employee or agent of the director, including county health representatives and county or municipal fire inspectors, consistent with standard medical practices, may enter on and into the premises of any health care institution that is licensed or required to be licensed pursuant to this chapter at any reasonable time for the purpose of determining the state of compliance with this chapter, the rules adopted pursuant to this chapter and local fire ordinances or rules. Any application for licensure under this chapter constitutes permission for and complete acquiescence in any entry or inspection of the premises during the pendency of the application and, if licensed, during the term of the license. If an inspection reveals that the health care institution is not adhering to the licensing requirements established pursuant to this chapter, the director may take action authorized by this chapter. Any health care institution, including an accredited hospital, whose license has been suspended or revoked in accordance with this section is subject to inspection on application for relicensure or reinstatement of license.",
            "evidence": "Based on observation, and interview, the licensee failed to provide complete acquiescence in any entry or inspection of the premises during the term of the license. The deficient practice posed a risk as the Department was unable to determine substantial compliance.",
            "findings": "A.R.S. \\'a7 36-427(B) If the licensee, the chief administrative officer or any other person in charge of the institution refuses to permit the department or its employees or agents the right to inspect the institution's premises as provided in section 36-424, such action shall be deemed reasonable cause to believe that a substantial violation under subsection A, paragraph 3 of this section exists. 1. A review of the Department documentation revealed the facility's perpetual license was effective on June 1, 2020. 2. The Compliance Officer arrived at the facility on October 2, 2024 at 2:40 PM to conduct a compliance inspection. The Compliance Officer was not able to reach the door due to a wooden gate locked with a metal lock. The Compliance Officer contacted E1 by telephone at 2:47 PM and 2:52 PM but did not receive a response. The Compliance left the facility at 3:10 PM. 3. A review of the Department documentation revealed an email to E1 at 2:57 PM stating the Compliance Officer was not able to obtain access to the facility. E1 responded at 3:46 PM and stated \" I have attempted to call at ... at 3:30 PM and was connected to your voicemail and left a message.\" Plan of Correction Name, title and/or Position of the Person Responsible Date temporary correction was implemented Date permanent correction will be complete Temporary Solution Permanent Solution Monitoring"
        }
    ]
}