{
    "legal_name": "YOUTH DEVELOPMENT INSTITUTE - PORTLAND HOUSE",
    "facility_status": "Active",
    "address": "1927 East Portland Street, Phoenix, AZ 85006",
    "license_status": "Active",
    "phone": "6022565300",
    "license_number": "BH3760",
    "max_licensed_capacity": "6",
    "license_effective_date": "11/1/2024",
    "chief_administrative_officer": "DAVID J COCOROS",
    "license_expires_date": "10/31/2025",
    "owner_licensee": "YOUTH DEVELOPMENT INSTITUTE",
    "inspection_number": "INSP-0055399",
    "inspection_date": "2/7/2024",
    "inspection_type": "Compliance (Annual)",
    "certificate_number": "Initial Comments",
    "deficiencies": "no deficiencies"
}