{
    "legal_name": "YOUTH DEVELOPMENT INSTITUTE",
    "facility_status": "Active",
    "address": "1050-A North 19th Street, Phoenix, AZ 85006",
    "license_status": "Active",
    "phone": "6022565300",
    "license_number": "BH311",
    "max_licensed_capacity": "16",
    "license_effective_date": "7/1/2025",
    "chief_administrative_officer": "DAVID J COCOROS",
    "license_expires_date": "6/30/2026",
    "owner_licensee": "YOUTH DEVELOPMENT INSTITUTE",
    "inspection_number": "INSP-0055397",
    "inspection_date": "7/9/2024",
    "inspection_type": "Complaint",
    "certificate_number": "Initial Comments",
    "deficiencies": [
        {
            "rule": "K. An administrator shall ensure that: 3. There is a daily staffing schedule that: a. Indicates the date, scheduled work hours, and name of each employee assigned to work, including on-call personnel members; b. Includes documentation of the employees who work each calendar day and the hours worked by each employee; and c. Is maintained for at least 12 months after the last date on the documentation;",
            "evidence": "Based on record review, documentation review, and interview, the administrator failed to provide a daily staffing schedule that list all the required items in R9-10-706(K)(3)(a-c). The deficient practice posed a risk as the Department was unable to ensure the facility's compliance. Findings: 1. The Compliance Officer requested a daily staffing schedule for May 2024, June 2024, and July 2024 at 10:11 AM (per R9-10-706(K)(3)(a-b)). The documentation requested was not provided. 2. In an interview, E2 and E3 reported \"They are still working on it, the system takes a while\". E1, E2, E3, and E4 acknowledged documentation required was not provided to the Department within two hours after a Department request. Plan of Correction Name, title and/or Position of the Person Responsible Date temporary correction was implemented Date permanent correction will be complete 2024-10-22 Temporary Solution Permanent Solution Monitoring",
            "findings": ""
        },
        {
            "rule": "B. An administrator shall ensure that: 1. A resident is treated with dignity, respect, and consideration;",
            "evidence": "Based on documention review and interview, the administrator failed to ensure a resident was treated with dignity, respect, and consideration. The deficient practice posed a risk as sexual abuse was alleged for one resident.",
            "findings": "1. A review of facility documentation revealed an Arizona Health Care Cost Containment System (AHCCCS) incident report dated July 9, 2024 for an incident of sexual abuse reported on July 5, 2024. The report indicated suspected sexual abuse of R1 by E5. The report stated \"On 7/6, the member reported to a staff member that on 7/5, a staff member has inappropriate sexual contact with [R1].\" 2. In an interview, E2 confirmed the aforementioned incident that occurred on July 5, 2024. E2 reported E5 was the only personnel member working at the facility during the time of the incident. E2 reported E5 was no longer working in the faclity as of \"July 2024.\" 3. In an interview, R1 confirmed the aforementioned incident that occurred on July 5, 2024. R1 stated \"yes\" when asked if E5 initiated sexual contact with R1. R1 stated \"it happened July 5 around 8:30 PM in my bedroom.\" R1 stated \"this set me back with my trauma.\" R1 reported E5 was no longer working at the facility. 4. In a joint interview, E1, E2, E3, and E4 acknowledged R1 was not treated with dignity, respect, and consideration. Plan of Correction Name, title and/or Position of the Person Responsible Date temporary correction was implemented Date permanent correction will be complete 2024-10-22 Temporary Solution Permanent Solution Monitoring"
        }
    ]
}