{
    "legal_name": "YOUTH DEVELOPMENT INSTITUTE",
    "facility_status": "Active",
    "address": "1050-A North 19th Street, Phoenix, AZ 85006",
    "license_status": "Active",
    "phone": "6022565300",
    "license_number": "BH311",
    "max_licensed_capacity": "16",
    "license_effective_date": "7/1/2025",
    "chief_administrative_officer": "DAVID J COCOROS",
    "license_expires_date": "6/30/2026",
    "owner_licensee": "YOUTH DEVELOPMENT INSTITUTE",
    "inspection_number": "INSP-0055395",
    "inspection_date": "3/8/2024",
    "inspection_type": "Complaint",
    "certificate_number": "Initial Comments",
    "deficiencies": "no deficiencies"
}