{
    "legal_name": "ZAREPHATH, INC",
    "facility_status": "Active",
    "address": "2194 West Painted Sunset Circle, Tucson, AZ 85745",
    "license_status": "Active",
    "phone": "4805186826",
    "license_number": "BH3618",
    "max_licensed_capacity": "7",
    "license_effective_date": "7/1/2025",
    "chief_administrative_officer": "CHANTEL CATALFO",
    "license_expires_date": "6/30/2026",
    "owner_licensee": "ZAREPHATH INC.",
    "inspection_number": "INSP-0055307",
    "inspection_date": "4/3/2023",
    "inspection_type": "Compliance (Annual)",
    "certificate_number": "Initial Comments",
    "deficiencies": [
        {
            "rule": "G. An administrator shall ensure that a personnel record is maintained for each personnel member, employee, volunteer, or student that includes: 3. Documentation of: e. The individual's compliance with requirements in A.R.S. \u00a7\u00a7 36-411, 36-411.01, and 36-425.03, as applicable;",
            "evidence": "Based on documentation review, record review, and interview, the administrator failed to ensure a personnel record was maintained to include documentation of compliance with Arizona Revised Statutes (A.R.S.) \\'a7 36-411, and A.R.S. \\'a7 36-425.03, for two of two personnel sampled. A.R.S. \\'a7 36-411(C)(1) states: \"Owners shall make documented, good faith efforts to: 1. Contact previous employers to obtain information or recommendations that may be relevant to a person's fitness to work in a residential care institution, nursing care institution or home health agency.\" A.R.S. \\'a7 36-411(G) states: \"If a person's employment record contains a six-month or longer time frame during which the person was not employed by any employer, a completed application with a new set of fingerprints shall be submitted to the department of public safety.\" A.R.S. \\'a7 36-425.03(A) states: \"A. Except as provided in subsections B, C and D of this section, children's behavioral health program personnel, including volunteers, shall submit the form prescribed in subsection E of this section to the employer and shall have a valid fingerprint clearance card issued pursuant to title 41, chapter 12, article 3.1 or, within seven working days after employment or beginning volunteer work, shall apply for a fingerprint clearance card.\" A.R.S. \\'a7 36- 425.03(E) states: \"E. Children's behavioral health program personnel shall certify on forms that are provided by the department and notarized that they are not awaiting trial on or have never been convicted of or admitted in open court or pursuant to a plea agreement to committing any of the offenses listed in section 41-1758.03, subsection B or C in this state or similar offenses in another state or jurisdiction.\"",
            "findings": "1. A review of E3's personnel record revealed a form titled, \"Reference Form\", which listed three people and their contact information and documented attempts to contact each person. The first reference stated contact attempts were unsuccessful. The other two reference contacts were successful, however, the relationship between E3 and the reference was not documented to have been an employer relationship. 2. A review of E4's personnel record revealed a form titled, \"Reference Form\", which listed three people and their contact information. However, all three references were with a single employer. Additionally, the reference form included a work history starting in March 2018 through the date of hire. 3. A review of E4's personnel record revealed at the time of E4's hire in January of 2022, E4 possessed a valid fingerprint clearance card issued on November 30, 2016. 4. A review of E4's personnel record revealed an employment history documenting E4's employment between November 30, 2016, and March of 2018, was not available for review, a time frame of more than six months during which time E4 was not documented to have been employed by any employer. 5. A review of E4's personnel record revealed a form titled,\"..Office of Behavioral Health Licensing...Criminal History Affidavit,\" which was largely similar to the Criminal History Affidavit found at https://www.azdhs.gov/documents/licensing/r esidential-facilities/fingerprint-criminal- history-affidavit.pdf and required by A.R.S. \\'a7 36-425.03(E). The affidavit was completed, however, the affidavit had not been notarized. 6. In an interview, E1 acknowledged the administrator failed to ensure compliance with A.R.S. \\'a7 36-411 and A.R.S. \\'a7 36-425.03 Plan of Correction Name, title and/or Position of the Person Responsible Date temporary correction was implemented Temporary Solution Permanent Solution Monitoring Date permanent correction will be complete 2023-05-25"
        },
        {
            "rule": "A. An administrator shall ensure that: 1. A resident is admitted based upon: b. The resident's behavioral health issue and treatment needs are within the behavioral health residential facility's scope of services;",
            "evidence": "Based on documentation review, record review, and interview, the administrator failed to ensure a resident was admitted based upon the resident's behavioral health issue and treatment needs being within the behavioral health residential facility's scope of services, for two of two residents sampled. The deficient practice posed a risk if the facility did not provide behavioral health services based on the sampled resident's treatment needs of a behavioral health issue as required by this article. R9-10-101(36) \"Behavioral health residential facility\" means a health care institution that provides treatment to an individual experiencing a behavioral health issue that: a. Limits the individual's ability to be independent, or b. Causes the individual to require treatment to maintain or enhance independence. R9-10-101(238) states, \"Treatment\" means a procedure or method to cure, improve, or palliate an individual's medical condition or behavioral health issue. R9-10-101 (29) states, \"Behavioral health issue\" means an individual's condition related to a mental disorder, a personality disorder, substance abuse, or a significant psychological or behavioral response to an identifiable stressor or stressors. A.R.S. 36-401(A)(11), \"Behavioral health services\" means services that pertain to mental health and substance use disorders and that are either (a) Performed by or under the supervision of a professional who is licensed pursuant to title 32 and whose scope of practice allows the professional to provide these services. (b) Performed on behalf of patients by behavioral health staff as prescribed by rule. ARS \\'a7 36-401(A)(45) states, \"Respite care services\" means services that are provided by a licensed health care institution to persons who are otherwise cared for in foster homes and in private homes to provide an interval of rest or relief of not more than thirty days to operators of foster homes or to family members.",
            "findings": "1. A review of facility documentation revealed the facility's scope of services included: - \"Unskilled respite services\"; - \"Transportation\"; - \"Assistance in the self-administration of medication\"; and - \"Treatment planning.\" 2. A review of R1's medical record revealed a behavioral health assessment (BHA) from an third party provider dated prior to R1's admission. This BHA indicated R1's presenting concerns included, \"...lack of management of anxiety and depression symptoms...guardian indicates member exhibits symptoms of detachment, member does not respond to positive or negative situations normally and internalizes rather than expressing [their] emotions.\" The BHA indicated R1's presenting symptoms included, \"...Member will isolate a few times a week and it can last minutes to an hour...\"; and, \"...Multiple times per day..member appears to not, \"be there\" or absorb information and just walks away...\" The BHA indicated R1's trauma history included domestic violence, sexual abuse, and divorce/separation of caregivers. R1's diagnoses at the time of the BHA included, \"Chronic post-traumatic stress disorder, Cyclothymic disorder, Separation anxiety disorder, Excoriation disorder, obsessive compulsive disorder, intellectual delay, speech delay, fetal alcohol syndrome, and diabetes. 3. A review of R1's medical record revealed a BHA completed by the facility on R1's admission date. The BHA noted R1 had ongoing behavioral health services with other providers including in home support three times a week and therapy one time per week. The BHA identified additional symptoms including, over eats, struggles to fall asleep, believes everyone is [R1's] friend, verbal aggression, cussing, yelling, struggles to remember to brush teeth or hair, shuts down and isolates, likes attention and lashes out if [R1] does not get it, recently caught chatting with adult male online, gave out contact information, does not recognize danger/ stranger danger. The BHA also noted, \"no DTS/DTO, no physical aggressive bx.\" The BHA listed R1's primary diagnosis as \"Post- Traumatic Stress Disorder,\" and the interim service plan recommended respite to improve social skills and reduce the stress level at home. 4. A review of R1's medical record revealed a treatment plan completed by the facility on R1's admission date. The treatment plan listed R1's presenting needs as, \"To provide temporary therapeutic break for client and family.\" The goals and objectives identified in the plan were, \"Increase positive social skills and peer interactions by 2 points,\" \"Improve stress level in home environment by 2 points,\" and, \"Improve ability to complete independent living skills by 2 points.\" 5. A review of R2's medical record revealed a BHA from a third party provider dated prior to R2's admission. This BHA indicated R2's presenting concerns were, \"..having a hard time in school as reports of red flag of ADHD and autism, school reports [R2] has a hard time focusing, meltdown temper tantrums, hard time regulating emotions, does not follow directions both at home and school, at home 3x a week, in school at least 5/5x in school. Member has IEP for years, OT, speech therapy, behaviors.\" The BHA indicated R2's presenting symptoms included, \"Difficulty with attention focus, Difficulty with emotional regulation, Disruptive/Impulsive- control, Hyperactive, Irritability, Somatic symptoms.\" The BHA indicated R2's trauma history included, \"Physical abuse, Domestic Violence, Bullying, Emotional Abuse, Significant move or loss, Separation from family member.\" R2's Diagnoses at the time of the assessment included, \"Adjustment disorder with mixed disturbance of emotions and conduct, and other symptoms and signs involving appearance and behavior.\" 6. A review of R2's medical record revealed a treatment plan completed by the facility on R2's admission date. The treatment plan listed R2's presenting needs as, \"Increase positive social interactions and reduce in-home stress by providing a therapeutic break.\" The goals and objectives identified in the plan were, \"Increase positive social skills and peer interactions by 2 points,\" \"Improve stress level in home environment by 2 points,\" and, \"Improve ability to complete independent living skills by 2 points.\" 7. In an interview, E1 reported the facility provides only respite services. E1 reported the residents at the facility already have behavioral health services in place from another provider and are referred for the addition of respite to their other services. E1 reported the facility's scope of services lists the services provided by the facility. E1 reported the facility does not provide counseling services to their residents. Plan of Correction Name, title and/or Position of the Person Responsible Temporary Solution Permanent Solution Date temporary correction was implemented Date permanent correction will be complete 2023-05-25 Monitoring"
        },
        {
            "rule": "B. An administrator shall ensure that: 1. A behavioral health residential facility has a: a. Room that provides privacy for a resident to receive treatment or visitors; and",
            "evidence": "Based on observation and interview, the administrator failed to ensure the behavioral health residential facility had a room to provide privacy for a resident to receive treatment or visitors.",
            "findings": "1. The Compliance Officer observed the facility did not have a room to provide privacy for a resident to receive treatment or visitors. 2. In an interview, E1 acknowledged the facility did not have a privacy room for a resident to receive treatment or visitors. Plan of Correction Name, title and/or Position of the Person Responsible Date temporary correction was implemented Date permanent correction will be complete 2023-05-25 Temporary Solution Permanent Solution Monitoring"
        }
    ]
}