{
    "legal_name": "ZAREPHATH APACHE HOUSE",
    "facility_status": "Active",
    "address": "2060 East 37th Avenue, Apache Junction, AZ 85119",
    "license_status": "Active",
    "phone": "4805186826",
    "license_number": "BH4725",
    "max_licensed_capacity": "10",
    "license_effective_date": "10/1/2024",
    "chief_administrative_officer": "CHANTEL CATALFO",
    "license_expires_date": "9/30/2025",
    "owner_licensee": "ZAREPHATH INC.",
    "inspection_number": "INSP-0135929",
    "inspection_date": "7/18/2025",
    "inspection_type": "Compliance (Annual)",
    "certificate_number": "BH4725",
    "deficiencies": [
        {
            "rule": "A.R.S. \u00a7 36-420.01.A. Health care institutions; fall prevention and fall recovery; training programs; definition A. Each health care institution shall develop and administer a training program for all staff regarding fall prevention and fall recovery. The training program shall include initial training and continued competency training in fall prevention and fall recovery. A health care institution may use information and training materials from the department's Arizona falls prevention coalition in developing the training program.",
            "evidence": "Based on documentation review and interview, the health care institution failed to develop a training program regarding fall prevention and fall recovery. The deficient practice posed a risk as organized instruction and information related to resident care and safety was not developed.",
            "findings": "1. A review of facility documentation revealed no training program for fall prevention and fall recovery. 2. In an interview, E1 reported policies and procedures were developed regarding fall prevention and fall recovery. However, E1 was unable to locate the policies and procedures. 3. In an exit interview, the findings were reviewed with E1, and no additional comments or documentation were provided. Plan of Correction Name, title and/or Position of the Person Responsible Colleen Bartruff, Chief Operating Officer and Sadie Lassiter, Respite Director Date temporary correction was implemented 2025-08-01 Date permanent correction will be complete 2025-08-01 Temporary Solution The correction has been implemented; therefore, a temporary solution is not needed. Permanent Solution Zarephath has addressed the identified deficiency by incorporating the required verbiage into our Policies and Procedures regarding fall prevention and fall recovery. Training for all staff began following the Plan of Correction for BH-4117, initiated on 3/17/22. Since that date, all staff have completed the required training on an annual basis. During the interview, the Administrator presented documentation of training completed by selected staff members. Monitoring Staff training completion is recorded and reviewed monthly to verify that all employees remain current with fall prevention and fall recovery training requirements. Any lapses are immediately addressed through targeted follow-up and retraining as necessary. Zarephath remains committed to maintaining compliance through ongoing staff education, routine audits, and thorough documentation to ensure resident safety and quality of care."
        },
        {
            "rule": "R9-10-706.G.3.g. Personnel G. An administrator shall ensure that a personnel record is maintained for each personnel member, employee, volunteer, or student that includes: 3. Documentation of: g. If the individual is a behavioral health technician, clinical oversight required in R9-10- 115;",
            "evidence": "Based on documentation review, record review, and interview, the administrator failed to ensure a personnel record was maintained to include documentation of clinical oversight, as required in Arizona Administrative Code (A.A.C.) R9-10-115, for one of one personnel members sampled who provided counseling. The deficient practice posed a risk as a behavioral health technician provided behavioral health services they were not licensed to provide and were without clinical oversight by a licensed behavioral health professional.",
            "findings": "A.A.C. R9-10-101.49.a.b.c.d. \"Clinical oversight\" means: Monitoring the behavioral health services provided by a behavioral health technician to ensure that the behavioral health technician is providing the behavioral health services according to the health care institution's policies and procedures and, if applicable, a patient's treatment plan; Providing on-going review of a behavioral health technician's skills and knowledge related to the provision of behavioral health services; Providing guidance to improve a behavioral health technician's skills and knowledge related to the provision of behavioral health services; and Recommending training for a behavioral health technician to improve the behavioral health technician's skills and knowledge related to the provision of behavioral health services. A.A.C. R9-10-115(4) A behavioral health technician receives clinical oversight at least once during each two-week period, if the behavioral health technician provides services related to patient care at the health care institution during the two-week period. 1. A review of R1's and R2's medical records revealed E5 had provided group counseling to R1 and R2 in March 2025. 2. A review of E5's electronic personnel record revealed no documentation of clinical oversight. 3. In an interview, E1 reported E5 received clinical oversight and was unsure why E5's documentation was not in E5's personnel record. 4. In an exit interview, the findings were reviewed with E1, and no additional comments or documentation were provided. Plan of Correction Name, title and/or Position of the Person Responsible Colleen Bartruff, Chief Operating Officer and Sadie Lassiter, Respite Director Date temporary correction was implemented 2025-08-01 Date permanent correction will be complete 2025-08-01 Temporary Solution The correction has been implemented; therefore, a temporary solution is not needed. Auditing is ongoing. Permanent Solution Zarephath has ensured that all Behavioral Health Technicians (BHTs) receive and document the required clinical oversight. Clinical oversight documentation is sent to each BHT through BambooHR. Once received, staff are required to review and sign the documentation, which is then uploaded directly into their personnel file. To ensure oversight is consistently completed and documented, Zarephath has implemented a monitoring process. The Administrator and/or designee will conduct regular audits of personnel files to confirm that clinical oversight is occurring as required. Any missing or delayed documentation will be addressed promptly with appropriate follow-up. Monitoring Audits will be performed on an ongoing monthly basis to ensure continued compliance. Zarephath remains committed to maintaining accurate records and supporting staff with the guidance and supervision necessary to provide safe, effective behavioral health services."
        },
        {
            "rule": "R9-10-706.G.3.j. Personnel G. An administrator shall ensure that a personnel record is maintained for each personnel member, employee, volunteer, or student that includes: 3. Documentation of: j.",
            "evidence": "of freedom from infectious tuberculosis, if required for the individual according to subsection (F). Evidence Based on documentation review, record review, and interview, the administrator failed to ensure a personnel record was maintained to include documentation of evidence of freedom from infectious tuberculosis (TB) as specified in R9-10-113.A.B., for one of seven personnel members sampled. The deficient practice posed a potential TB exposure risk to residents.",
            "findings": "R9-10-113(A)(2)(b) states: \"If an individual may have a latent tuberculosis infection, as defined in A.A.C. R9-6-1201: Referring the individual for assessment or treatment; and annually obtaining documentation of the individual's freedom from symptoms of infectious tuberculosis, signed by a medical practitioner, occupation health provider, as defined in A.A.C. R9-6- 801, or local health agency, as defined in A.A.C. R9-6-101.\" R9-10-113(B)(1)(a)(i) A health care institution's chief administrative officer shall: 1. For an individual for whom baseline screening and documentation of freedom from infectious tuberculosis is required by an Article in this Chapter, as specified in subsection (A)(2)(a), obtain one of the following as evidence of freedom from infectious tuberculosis: a. Documentation of a negative Mantoux skin test or other tuberculosis screening test that: i. Is recommended by the U.S. Centers for Disease Control and Prevention (CDC), 1. A review of the Centers for Disease Control and Prevention website revealed a web page titled \"TB Screening and Testing of Health Care Personnel.\" The web page stated, \"If the Mantoux tuberculin skin test (TST) is used to test health care personnel upon hire (pre-placement), two-step testing should be used.\" 2. A review of E7's electronic personnel record revealed documentation of a single negative TST dated in July 2023, \"TB HEALTHCARD\" and chest x-ray dated in November 2023. However, E7's electronic personnel record revealed no documentation of the recommended two-step TST. 3. In an interview, E1 reported to be unaware the \"TB HEATHCARD\" was not in compliance in R9-10-113. 4. In an exit interview, the findings were reviewed with E1, and no additional comments or documentation were provided. Plan of Correction Name, title and/or Position of the Person Responsible Colleen Bartruff, Chief Operating Officer and Sadie Lassiter, Respite Director Date temporary correction was implemented 2025-08-01 Date permanent correction will be complete 2025-08-01 Temporary Solution Staff identified in finding was removed from schedule. The correct requirement has been obtained. The correction has been implemented; therefore, a temporary solution is not needed. Auditing is ongoing. Permanent Solution Zarephath acknowledges the oversight related to documentation of TB screening for personnel. This was a simple oversight, as we were not aware that the \"TB Health Card\" was not an acceptable form of documentation under the current requirements. Upon being informed, we immediately reviewed all employee files and have ensured that all staff now have the correct and complete TB testing on record. The staff member identified in the finding will not be scheduled to work until updated and compliant TB test results, including the appropriate two-step TST or acceptable alternative, are received and documented. Monitoring Personnel records will be audited for correct TB documentation prior to any staff member starting work. Staff will not be permitted to begin their duties without verified, compliant TB test results. Zarephath remains committed to maintaining a safe and compliant environment for both staff and residents."
        },
        {
            "rule": "R9-10-708.A.1. Treatment Plan A. An administrator shall ensure that a treatment plan is developed and implemented for each resident that: 1. Is based on the medical history and physical examination or nursing assessment required in R9-10-707(A)(6) or (E)(1)(a) and the behavioral health assessment required in R9-10-707(A)(9) or (10) and on-going changes to the behavioral health assessment of the resident;",
            "evidence": "Based on record review and interview, the administrator shall ensure a treatment plan was developed and implemented for each resident based on the nursing assessment required in R9-10-707(A)(6) or (E)(1)(a) for two of two medical records sampled. The deficient practice posed a risk as a treatment plan was not developed to articulate decisions and agreements based on the medical history and physical examination or nursing assessment.",
            "findings": "A.R.S. \u00a7 36-425.08(A) A behavioral health residential facility may provide respite care to a child for increments of fewer than five consecutive days and not more than twelve days in a ninety-day period or an outpatient clinic may provide respite care to a child for up to ten continuous hours per day between the hours of 6:00 a.m. and 10:00 p.m. without a medical history and physical examination. 1. A review of R1's (last admitted in 2025) electronic medical record revealed a treatment plan dated in December 2024. However, a review of R1's electronic medical record revealed no documentation of a nursing assessment required in R9-10-707(A)(6) or (E) (1)(a), and therefore, the treatment plan was not based on the nursing assessment. 2. A review of R2's (last admitted in 2025) electronic medical record revealed a treatment plan dated in January 2025. However, a review of R2's electronic medical record revealed no documentation of a nursing assessment required in R9-10-707(A)(6) or (E)(1)(a), and therefore, the treatment plan was not based on the nursing assessment. 3. In an exit interview, the findings were reviewed with E1, and no additional comments or documentation were provided. Plan of Correction Name, title and/or Position of the Person Responsible Colleen Bartruff, Chief Operating Officer and Sadie Lassiter, Respite Director Date temporary correction was implemented 2025-09-07 Date permanent correction will be complete 2026-02-07 Temporary Solution Zarephath will audit anyone that meets that criteria and will complete a nursing assessment. Permanent Solution Upcoming schedule with be auditing monthly. Anyone that meets that criteria will complete a nursing assessment. Monitoring We will ensure that any client that does exceed the amount of time outlined a nursing assessment will be completed. Client will not be able to attend until completed."
        },
        {
            "rule": "R9-10-712.C.9. Medical Records C. An administrator shall ensure that a resident's medical record contains: 9. Orders;",
            "evidence": "Based on record review and interview, the administrator failed to ensure a resident's medical record contained orders, for two of two medical records sampled. The deficient practice posed a risk if the resident experienced a change in condition due to improper assistance in the self-administration of medication.",
            "findings": "1. A review of R1's and R2's (last admitted in 2025) electronic medical records revealed no documentation of medication orders. 2. A review of R1's electronic medical record revealed a medication administration record dated in March 2025 for the following medication: -\"Amphetam / Dextoamp ER 10mg 1 capsule @ 8 am.\" However, E1's electronic record revealed no documentation of medication orders. 3. A review of R2's electronic medical record revealed a medication administration record dated in March 2025 for the following medications: -\"Clonidine HCL .1mg tab 2 tabs @ 8 pm;\" and -\"Atomoxetine HCL 18 mg cap 1 cap @ 8 am.\" However, R2's electronic record revealed no documentation of medication orders. 4. In an interview, E1 reported E1 has requested the signed medication orders in the past but had not received the orders. 5. In an exit interview, the findings were reviewed with E1, and no additional comments or documentation were provided. Plan of Correction Name, title and/or Position of the Person Responsible Colleen Bartruff, Chief Operating Officer and Sadie Lassiter, Respite Director Date temporary correction was implemented 2025-09-01 Date permanent correction will be complete 2026-02-01 Temporary Solution Communication outlining this requirement is now being sent to guardians and case managers and will continue to be sent on an ongoing basis. Permanent Solution Zarephath has implemented a process to ensure that all youth attending respite services with prescribed medications have current medication orders on file. Communication outlining this requirement is now being sent to guardians and case managers and will continue to be sent on an ongoing basis. Zarephath\u2019s electronic medical record (EMR) system includes a compliance tracking feature specifically for medication orders, which supports both our documentation efforts and our ongoing compliance project. For all new referrals and intakes, medication orders will be requested at the time of admission. For current youth already receiving services, any missing medication orders will be actively requested from the assigned health agency until documentation is obtained and compliance is achieved. If medication orders cannot be obtained directly from the health agency, Zarephath will verify the prescription with the dispensing pharmacy to ensure the label reflects a current, active order. A Behavioral Health Professional (BHP) will then authenticate the verified information and ensure it is appropriately filed in the resident\u2019s medical record. Monitoring Zarephath will monitor medication order compliance by reviewing the EMR before each respite admission to ensure all orders are current. Weekly audits will be conducted for existing respite clients to identify and follow up on any missing medication orders. Additionally, Zarephath will review compliance quarterly to address any issues and ensure ongoing adherence until 100% compliance is achieved."
        },
        {
            "rule": "R9-10-716.B.2. Behavioral Health Services B. An administrator shall ensure that counseling is: 2. Provided according to the frequency and number of hours identified in the resident's treatment plan, and",
            "evidence": "Based on record review and interview, the administrator failed to ensure counseling was provided according to the frequency and number of hours identified in the resident's treatment plan, for two of two medical records sampled. The deficient practice posed a risk if a resident did not receive sufficient treatment to cure, improve, or palliate their behavioral health issues.",
            "findings": "1. A review of R1's (last admitted in 2025) electronic medical record revealed a treatment plan dated in December 2024. The treatment plan stated \"...Group counseling (Respite) (1- 6x/Quarter).\" However, the treatment plan did not include the number of hours for group therapy to be provided to R1. 2. A review of R2's (last admitted in 2025) electronic medical record revealed a treatment plan dated in January 2025. The treatment plan stated \"...Group counseling (Respite) (1- 6x/Quarter).\" However, the treatment plan did not include the number of hours for group therapy to be provided to R1. 3. In an exit interview, the findings were reviewed with E1, and no additional comments or documentation were provided. Plan of Correction Name, title and/or Position of the Person Responsible Colleen Bartruff, Chief Operating Officer and Sadie Lassiter, Respite Director Date temporary correction was implemented 2025-08-01 Date permanent correction will be complete 2025-08-01 Temporary Solution The correction has been implemented; therefore, a temporary solution is not needed. Permanent Solution Zarephath has reviewed and updated the treatment plans to include the specific number of hours for group counseling services. This ensures compliance with the requirement that counseling be delivered according to the treatment plan. Monitoring Zarephath will ensure that all treatment plans are updated with the new form, including specified counseling hours, as they expire. Zarephath will review treatment plans regularly to confirm timely updates and compliance."
        }
    ]
}