{
    "legal_name": "ZAREPHATH, INC",
    "facility_status": "Active",
    "address": "3035 West Montage Vista Drive, Tucson, AZ 85745",
    "license_status": "Active",
    "phone": "4805186826",
    "license_number": "BH4117",
    "max_licensed_capacity": "8",
    "license_effective_date": "11/1/2024",
    "chief_administrative_officer": "CHANTEL CATALFO",
    "license_expires_date": "10/31/2025",
    "owner_licensee": "ZAREPHATH INC.",
    "inspection_number": "INSP-0055350",
    "inspection_date": "8/21/2023",
    "inspection_type": "Other",
    "certificate_number": "Initial Comments",
    "deficiencies": "no deficiencies"
}