{
    "legal_name": "ZAREPHATH, INC",
    "facility_status": "Active",
    "address": "2194 West Painted Sunset Circle, Tucson, AZ 85745",
    "license_status": "Active",
    "phone": "4805186826",
    "license_number": "BH3618",
    "max_licensed_capacity": "7",
    "license_effective_date": "7/1/2025",
    "chief_administrative_officer": "CHANTEL CATALFO",
    "license_expires_date": "6/30/2026",
    "owner_licensee": "ZAREPHATH INC.",
    "inspection_number": "INSP-0055309",
    "inspection_date": "8/2/2023",
    "inspection_type": "Other",
    "certificate_number": "Initial Comments",
    "deficiencies": "no deficiencies"
}