{
    "legal_name": "ZAREPHATH, INC",
    "facility_status": "Active",
    "address": "11358 East Sonrisa Avenue, Mesa, AZ 85212",
    "license_status": "Active",
    "phone": "4805186826",
    "license_number": "BH4097",
    "max_licensed_capacity": "8",
    "license_effective_date": "11/1/2024",
    "chief_administrative_officer": "CHANTEL CATALFO",
    "license_expires_date": "10/31/2025",
    "owner_licensee": "ZAREPHATH INC.",
    "inspection_number": "INSP-0055340",
    "inspection_date": "10/22/2024",
    "inspection_type": "Compliance (Annual)",
    "certificate_number": "Initial Comments",
    "deficiencies": "no deficiencies"
}