{
    "legal_name": "ZAREPHATH, INC",
    "facility_status": "Active",
    "address": "3035 West Montage Vista Drive, Tucson, AZ 85745",
    "license_status": "Active",
    "phone": "4805186826",
    "license_number": "BH4117",
    "max_licensed_capacity": "8",
    "license_effective_date": "11/1/2024",
    "chief_administrative_officer": "CHANTEL CATALFO",
    "license_expires_date": "10/31/2025",
    "owner_licensee": "ZAREPHATH INC.",
    "inspection_number": "INSP-0055351",
    "inspection_date": "4/15/2024",
    "inspection_type": "Compliance (Annual)",
    "certificate_number": "Initial Comments",
    "deficiencies": [
        {
            "rule": "A. Except for an outdoor behavioral health care program provided by a behavioral health residential facility, an administrator shall ensure that: 1. The premises and equipment are: c. Free from a condition or situation that may cause a resident or other individual to suffer physical injury;",
            "evidence": "Based on observation, documentation review, and interview, the administrator failed to ensure the premises was free from a condition or situation which may cause a resident or other individual to suffer physical injury. The deficient practice posed a risk to the physical health and safety of residents. Findings include: 1. The Compliance Officer observed grab bars attached to the shower walls in two common bathrooms in the facility. 2. A review of R2's medical record revealed a treatment plan (dated October 2023.) The treatment plan stated under \"Client Risk Factors\" R2 had a \"history of homicidal ideation, hurting animals, and has expressed feelings of not feeling safe in any environment.\" 3. In an interview, E1 reported R2's history was not current. E1 acknowledged the grab bars attached to the shower walls in two common bathrooms in the facility could potentially pose a risk to the health and safety of residents. Plan of Correction Name, title and/or Position of the Person Responsible Date temporary correction was implemented Date permanent correction will be complete 2024-06-03 Temporary Solution Permanent Solution Monitoring",
            "findings": ""
        }
    ]
}