{
    "legal_name": "ZAREPHATH, INC",
    "facility_status": "Active",
    "address": "1701 South Cactus Road, Apache Junction, AZ 85119",
    "license_status": "Active",
    "phone": "4805186826",
    "license_number": "BH3620",
    "max_licensed_capacity": "10",
    "license_effective_date": "7/1/2025",
    "chief_administrative_officer": "CHANTEL CATALFO",
    "license_expires_date": "6/30/2026",
    "owner_licensee": "ZAREPHATH INC.",
    "inspection_number": "INSP-0055318",
    "inspection_date": "10/29/2024",
    "inspection_type": "Compliance (Annual)",
    "certificate_number": "Initial Comments",
    "deficiencies": "no deficiencies"
}