{
    "legal_name": "ZAREPHATH YUMA HOUSE",
    "facility_status": "Active",
    "address": "11680 East 36th Street, Yuma, AZ 85367",
    "license_status": "Active",
    "phone": "4805186826",
    "license_number": "BH4848",
    "max_licensed_capacity": "8",
    "license_effective_date": "3/1/2025",
    "chief_administrative_officer": "COLLEEN BARTRUFF",
    "license_expires_date": "2/28/2026",
    "owner_licensee": "ZAREPHATH INC.",
    "inspection_number": "INSP-0055300",
    "inspection_date": "2/23/2023",
    "inspection_type": "Compliance (Annual)",
    "certificate_number": "Initial Comments",
    "deficiencies": "no deficiencies"
}