{
    "legal_name": "ZAREPHATH YUMA HOUSE",
    "facility_status": "Active",
    "address": "11680 East 36th Street, Yuma, AZ 85367",
    "license_status": "Active",
    "phone": "4805186826",
    "license_number": "BH4848",
    "max_licensed_capacity": "8",
    "license_effective_date": "3/1/2025",
    "chief_administrative_officer": "COLLEEN BARTRUFF",
    "license_expires_date": "2/28/2026",
    "owner_licensee": "ZAREPHATH INC.",
    "inspection_number": "INSP-0055301",
    "inspection_date": "9/6/2024",
    "inspection_type": "Compliance (Annual)",
    "certificate_number": "Initial Comments",
    "deficiencies": [
        {
            "rule": "C. An administrator shall ensure that: 2. Policies and procedures for behavioral health services and physical health services are established, documented, and implemented to protect the health and safety of a resident that: t. Cover how the behavioral health residential facility will respond to a resident's sudden, intense, or out- of-control behavior to prevent harm to the resident or another individual;",
            "evidence": "Based on documentation review, record review, and interview, the administrator failed to ensure policies and procedures for behavioral health services were established and documented to protect the health and safety of a resident to cover how the behavioral health residential facility will respond to a resident's sudden, intense, or out- of-control behavior to prevent harm to the resident or another individual. The deficient practice posed a risk as policies and procedures reinforce and clarify standards expected of employees.",
            "findings": "1. A review of the facility's policies and procedures revealed a policy and procedure to cover how the behavioral health residential facility will respond to a resident's sudden, intense, or out- of-control behavior to prevent harm to the resident or another individual was not available for review. 2. In an interview, E1 reported the facility did not have a policy and procedure regarding covering how the behavioral health residential facility will respond to a resident's sudden, intense, or out- of-control behavior to prevent harm to the resident or another individual. Plan of Correction Name, title and/or Position of the Person Responsible Temporary Solution Permanent Solution Date temporary correction was implemented Date permanent correction will be complete 2024-09-30 Monitoring"
        }
    ]
}