{
    "legal_name": "ZAREPHATH, INC",
    "facility_status": "Active",
    "address": "7247 East Milagro Avenue, Mesa, AZ 85209",
    "license_status": "Active",
    "phone": "4805186826",
    "license_number": "BH3621",
    "max_licensed_capacity": "8",
    "license_effective_date": "7/1/2025",
    "chief_administrative_officer": "CHANTEL CATALFO",
    "license_expires_date": "6/30/2026",
    "owner_licensee": "ZAREPHATH INC.",
    "inspection_number": "INSP-0055325",
    "inspection_date": "10/29/2024",
    "inspection_type": "Complaint;Compliance (Annual)",
    "certificate_number": "Initial Comments",
    "deficiencies": [
        {
            "rule": "C. If a behavioral health residential facility provides assistance in the self-administration of medication, an administrator shall ensure that: 6. Assistance in the self-administration of medication provided to a resident: a. Is in compliance with an order, and b. Is documented in the resident's medical record.",
            "evidence": "Based on record review, documentation review, observation and interview, the administrator failed to ensure assistance in the self-administration of medication provided to a resident was in compliance with an order, for one of two residents sampled. The deficient practice posed a health risk if the resident experienced a change in condition due to improper assistance in the self-administration of medication.",
            "findings": "1. A review of the facilities policies and procedures dated August 1, 2024 revealed a section titled \" Medication Services\" stated \" It is the policy of Zarephath to provide a safe, organized and accoutable system of medication managment to assist clients in their highest level of fucntioning by assisting with the self- administration of medication...\" 2. A review of R2's medication log revealed R2 was prescribed the following medications: - Dexmethylphenidate 5 mg. 1 Cap at 8:00 AM 3. A review of R2's medication log record for the days of May 24-27 2024 revealed R2 did not receive the following medications: - Dexmethylphenidate 5 mg. 1 Cap at 8:00 AM 4. A review of R2's medical record revealed documentation titled Incident, Accident or Death Report dated May 28, 2024. The report stated \"Staff was assisting with self- administration of medication and grabbed the wrong client's med log. Staff provided R2 with 20 MG of Dexmethylphenidate instead of R2's usual dosage of 5 MG....\" 5. In an interview E5 confirmed a medication error had occured, and R2 received the wrong medication. 6. In an interview E5 acknowledged the administrator failed to ensure assistance in the self- administration of medication provided to a resident was in compliance with an order. Plan of Correction Name, title and/or Position of the Person Responsible Date temporary correction was implemented Date permanent correction will be complete Temporary Solution Permanent Solution Monitoring"
        }
    ]
}