{
    "legal_name": "ZAREPHATH APACHE HOUSE",
    "facility_status": "Active",
    "address": "2060 East 37th Avenue, Apache Junction, AZ 85119",
    "license_status": "Active",
    "phone": "4805186826",
    "license_number": "BH4725",
    "max_licensed_capacity": "10",
    "license_effective_date": "10/1/2024",
    "chief_administrative_officer": "CHANTEL CATALFO",
    "license_expires_date": "9/30/2025",
    "owner_licensee": "ZAREPHATH INC.",
    "inspection_number": "INSP-0055291",
    "inspection_date": "3/12/2024",
    "inspection_type": "Compliance (Annual)",
    "certificate_number": "Initial Comments",
    "deficiencies": "no deficiencies"
}