{
    "legal_name": "ZAREPHATH, INC",
    "facility_status": "Active",
    "address": "3035 West Montage Vista Drive, Tucson, AZ 85745",
    "license_status": "Active",
    "phone": "4805186826",
    "license_number": "BH4117",
    "max_licensed_capacity": "8",
    "license_effective_date": "11/1/2024",
    "chief_administrative_officer": "CHANTEL CATALFO",
    "license_expires_date": "10/31/2025",
    "owner_licensee": "ZAREPHATH INC.",
    "inspection_number": "INSP-0055348",
    "inspection_date": "4/3/2023",
    "inspection_type": "Compliance (Annual)",
    "certificate_number": "Initial Comments",
    "deficiencies": [
        {
            "rule": "G. An administrator shall ensure that a personnel record is maintained for each personnel member, employee, volunteer, or student that includes: 3. Documentation of: e. The individual's compliance with requirements in A.R.S. \u00a7\u00a7 36-411, 36-411.01, and 36-425.03, as applicable;",
            "evidence": "Based on documentation review, record review, and interview, the administrator failed to ensure a personnel record was maintained to include documentation of compliance with Arizona Revised Statutes (A.R.S.) \\'a7 36-411, for two of two personnel sampled. A.R.S. \\'a7 36-411(C)(1) states: \"Owners shall make documented, good faith efforts to: 1. Contact previous employers to obtain information or recommendations that may be relevant to a person's fitness to work in a residential care institution, nursing care institution or home health agency.\" A.R.S. \\'a7 36-411(G) states: \"If a person's employment record contains a six- month or longer time frame during which the person was not employed by any employer, a completed application with a new set of fingerprints shall be submitted to the department of public safety.\"",
            "findings": "1. A review of E3's personnel record revealed a form titled, \"Reference Form\", which stated, \"References must be professional references (at least 1 must be a former employer) & cannot be family members or friends.\" The form listed three people and their contact information and documented attempts to contact each person. The first reference stated contact attempts were unsuccessful. The second reference stated the relationship to the applicant was, \"Friends - Coworker,\" and did not include a start date or end date. The third reference stated the relationship to the applicant was, \"Coworker,\" and did not include a start date or end date. 2. A review of E4's personnel record revealed a form titled, \"Reference Form\", which listed three people and their contact information. The first reference stated the relationship to the applicant was, \"Friend & Ex-worker.\" The start date and end date stated were marked, \"N/A.\" The second reference stated the relationship to the applicant was a supervisor. The start date and end date stated, \"4 years.\" The third reference stated the relationship to the applicant was, \"Friends.\" The start date and end date were marked, \"N/A.\" 3. In an interview, E1 acknowledged the administrator failed to ensure compliance with A.R.S. \\'a7 36-411 to include documented, good faith efforts to contact prior employers and an employment record to determine if there was a six-month or longer time frame during which the person was not employed by any employer. Plan of Correction Name, title and/or Position of the Person Responsible Date temporary correction was implemented Date permanent correction will be complete 2023-05-25 Temporary Solution Permanent Solution Monitoring"
        },
        {
            "rule": "A. An administrator shall ensure that: 1. A resident is admitted based upon: b. The resident's behavioral health issue and treatment needs are within the behavioral health residential facility's scope of services;",
            "evidence": "Based on documentation review, record review, and interview, the administrator failed to ensure a resident was admitted based upon the resident's behavioral health issue and treatment needs being within the behavioral health residential facility's scope of services, for two of two residents sampled. The deficient practice posed a risk if the facility did not provide behavioral health services based on the sampled resident's treatment needs of a behavioral health issue as required by this article. R9-10-101(36) \"Behavioral health residential facility\" means a health care institution that provides treatment to an individual experiencing a behavioral health issue that: a. Limits the individual's ability to be independent, or b. Causes the individual to require treatment to maintain or enhance independence. R9-10-101(238) states, \"Treatment\" means a procedure or method to cure, improve, or palliate an individual's medical condition or behavioral health issue. R9-10-101 (29) states, \"Behavioral health issue\" means an individual's condition related to a mental disorder, a personality disorder, substance abuse, or a significant psychological or behavioral response to an identifiable stressor or stressors. A.R.S. 36-401(A)(11), \"Behavioral health services\" means services that pertain to mental health and substance use disorders and that are either (a) Performed by or under the supervision of a professional who is licensed pursuant to title 32 and whose scope of practice allows the professional to provide these services. (b) Performed on behalf of patients by behavioral health staff as prescribed by rule. ARS \\'a7 36-401(A)(45) states, \"Respite care services\" means services that are provided by a licensed health care institution to persons who are otherwise cared for in foster homes and in private homes to provide an interval of rest or relief of not more than thirty days to operators of foster homes or to family members.",
            "findings": "1. A review of facility documentation revealed the facility's scope of services included: - \"Unskilled respite services\"; - \"Transportation\"; - \"Assistance in the self-administration of medication\"; and - \"Treatment planning.\" 2. A review of R1's medical record revealed a behavioral health assessment (BHA) from an third party provider dated prior to R1's admission. This BHA indicated R1's presenting concerns included, \"[R1] struggles with boundaries, personal space, and understanding when it is okay to cross into another's space. [R1] struggles with focus in busy environments. [R1] struggles with defiance and focus which impacts [R1] completing school work. [R1] struggles to explain verbally, [R1] struggles with anxiety, depression and SI thoughts (rarely), and difficulty verbalizing thoughts. Thoughts about what happens after we die, but these aren't as triggering lately.\" The BHA indicated R1's presenting symptoms included, \" [R1] struggles with boundaries 2-3/7 days a week...struggles with anxiety 2-3/7 days a week...struggles with depression 2x a month...\" R1's diagnoses at the time of the BHA included, \"Generalized Anxiety disorder, Separation Anxiety disorder of childhood, Attention- deficit hyperactivity disorder, combined type,\" and, \"autistic disorder.\" 3. A review of R1's medical record revealed a treatment plan completed by the facility on R1's admission date. The treatment plan listed R1's presenting needs as, \"To provide temporary therapeutic break for client and family.\" The goals and objectives identified in the plan were, \"Increase positive social skills and peer interactions by 2 points,\" \"Improve stress level in home environment by 2 points,\" \"Improve ability to complete independent living skills by 2 points,\" and, \"Increase skills in the self-administration of medications to help continuity of care and develop self-care by 2 points.\" 4. A review of R2's medical record revealed a BHA from a third party provider dated prior to R2's admission. This BHA indicated R2's presenting concerns were, \"..[R2] needs care coordination to manage symptoms/behaviors. [R2] needs to develop healthy coping skills to help cope with the removal from bio parents. [R2] needs to practice [their] social skills, to learn positive/healthy interactions with peers. [R2] needs to be able to manage [their] ADHD symptoms/behaviors. [R2] needs a break from the home in order to maintain stabilization in the home.\" R2's Diagnoses at the time of the assessment included, \"Attention- deficit/hyperactivity disorder,\" \"Adjustment disorder, with disturbance of conduct,\" and, \"Other stressful life events affecting family and household.\" 5. A review of R2's medical record revealed a BHA completed by the facility on R2's admission date. The BHA noted R2 had ongoing behavioral health services with other providers including case management and counseling. The BHA identified additional symptoms including, \"client can be sneaky, watch while taking [R2's] meds, in need of speech therapy to improve speech articulation, struggles with following direction and peer relationships while in school. When [R2] does not get [their] way, [R2] will whine, yell, throw a tantrum, kick, and throw objects...occasionally wet the bed (no liquids after 7 pm.) The BHA listed R2's primary diagnosis as \"Attention- deficit hyperactivity disorder,\" and the interim service plan recommended life skills to increase independent living skills, improve behaviors, and emotion management. 6. A review of R2's medical record revealed a treatment plan completed by the facility on R2's admission date. The treatment plan listed R2's presenting needs as, \"To provide a therapeutic break for client and family. To improve social skills and peers interactions.\" The goals and objectives identified in the plan were, \"Increase positive social skills and peer interactions by 2 points,\" \"Improve stress level in home environment by 2 points,\" and, \"Improve ability to complete independent living skills by 2 points,\" and, \"Increase skills in the Self-Administration of Medications to help maintain continuity of care and develop self- care skills by 2 points.\" 7. In an interview, E1 reported the facility provides only respite services. E1 reported the residents at the facility already have behavioral health services in place from another provider and are referred for the addition of respite to their other services. E1 reported the facility's scope of services lists the services provided by the facility. E1 reported the facility does not provide counseling services to their residents. Plan of Correction Name, title and/or Position of the Person Responsible Date temporary correction was implemented Date permanent correction will be complete 2023-05-25 Temporary Solution Permanent Solution Monitoring"
        },
        {
            "rule": "B. An administrator shall ensure that: 1. A behavioral health residential facility has a: a. Room that provides privacy for a resident to receive treatment or visitors; and",
            "evidence": "Based on observation and interview, the administrator failed to ensure the behavioral health residential facility had a room to provide privacy for a resident to receive treatment or visitors.",
            "findings": "1. The Compliance Officer observed the facility did not have a room to provide privacy for a resident to receive treatment or visitors. 2. In an interview, E1 acknowledged the facility did not have a privacy room for a resident to receive treatment or visitors. Plan of Correction Name, title and/or Position of the Person Responsible Temporary Solution Permanent Solution Date temporary correction was implemented Date permanent correction will be complete 2023-05-25 Monitoring"
        }
    ]
}