{
    "legal_name": "DALIA HOMECARE VALENCIA",
    "facility_status": "Active",
    "address": "4437 West Valencia Drive, Laveen, AZ 85339",
    "license_status": "Active",
    "phone": "6027572927",
    "license_number": "BH10297",
    "max_licensed_capacity": "5",
    "license_effective_date": "10/25/2024",
    "chief_administrative_officer": "DARIUS COX",
    "license_expires_date": "10/24/2025",
    "owner_licensee": "DALIA HOMECARE, LLC",
    "inspection_number": "INSP-0094729",
    "inspection_date": "9/20/2024 - 10/21/2024",
    "inspection_type": "Compliance (Initial)",
    "certificate_number": "BH10297",
    "deficiencies": "no deficiencies"
}