{
    "legal_name": "LWB WINTHROP HOUSE",
    "facility_status": "Active",
    "address": "908 North Winthrop Circle, Mesa, AZ 85213",
    "license_status": "Active",
    "phone": "(480)708-1187",
    "license_number": "BH10232",
    "max_licensed_capacity": "10",
    "license_effective_date": "11/12/2024",
    "chief_administrative_officer": "Jocelyn Negron",
    "license_expires_date": "11/11/2025",
    "owner_licensee": "LIV WELL BEHAVIORAL",
    "inspection_number": "INSP-0075208",
    "inspection_date": "10/25/2024 - 11/7/2024",
    "inspection_type": "Compliance (Initial)",
    "certificate_number": "BH10232",
    "deficiencies": "no deficiencies"
}