{
    "legal_name": "PILLAR WELLNESS SOLUTIONS VIII, LLC",
    "facility_status": "Active",
    "address": "1051 North Grand, Mesa, AZ 85201",
    "license_status": "Active",
    "phone": "4809259065",
    "license_number": "BH10067",
    "max_licensed_capacity": "10",
    "license_effective_date": "2/14/2025",
    "chief_administrative_officer": "TONYA GREEN",
    "license_expires_date": "2/13/2026",
    "owner_licensee": "PILLAR WELLNESS SOLUTIONS VIII LLC",
    "inspection_number": "INSP-0124769",
    "inspection_date": "4/30/2025",
    "inspection_type": "Modification",
    "certificate_number": "BH10067",
    "deficiencies": "no deficiencies"
}