{
    "legal_name": "PILLAR WELLNESS SOLUTIONS",
    "facility_status": "Active",
    "address": "17629 North 36th Street, Phoenix, AZ 85032",
    "license_status": "Active",
    "phone": "6232552542",
    "license_number": "BH10068",
    "max_licensed_capacity": "10",
    "license_effective_date": "2/5/2025",
    "chief_administrative_officer": null,
    "license_expires_date": "2/4/2026",
    "owner_licensee": "PILLAR WELLNESS SOLUTIONS, LLC",
    "inspection_number": "INSP-0082021",
    "inspection_date": "10/21/2024 - 11/8/2024",
    "inspection_type": "Compliance (Initial)",
    "certificate_number": "BH10068",
    "deficiencies": "no deficiencies"
}